"","Development Status (short)","Installed Capacity (MWelec)","Ref ID","Planning","Connection","Construction","date","passed_planning_date","passed_connection_date","passed_construction_date","Date","tech","broad_status","broad_status_start","passed_planning","passed_planning_time","passed_planning_time_wk","passed_connection","passed_connection_time","passed_connection_time_wk","passed_construction","passed_construction_time","passed_construction_time_wk","run"
"1","Awaiting Construction",9.2,4149,353980800,NA,NA,2007-10-02,2018-12-20,2022-01-20,2022-12-21,2007-10-02,"Wind Onshore","Completed","Connection",TRUE,353980800,585.285714285714,TRUE,1127,161,TRUE,28944000,47.8571428571429,1
"2","Awaiting Construction",24,4301,143510400,NA,NA,2013-11-27,2018-06-15,2021-02-26,2022-03-23,2013-11-27,"Wind Onshore","Completed","Connection",TRUE,143510400,237.285714285714,TRUE,987,141,TRUE,33696000,55.7142857142857,1
"3","Awaiting Construction",13.8,4564,224121600,NA,NA,2010-12-09,2018-01-15,2020-08-19,2021-08-19,2010-12-09,"Wind Onshore","Completed","Connection",TRUE,224121600,370.571428571429,TRUE,947,135.285714285714,TRUE,31536000,52.1428571428571,1
"4","Awaiting Construction",12.6,4565,220147200,NA,NA,2012-08-23,2019-08-15,2021-12-15,2022-11-14,2012-08-23,"Wind Onshore","Completed","Connection",TRUE,220147200,364,TRUE,853,121.857142857143,TRUE,28857600,47.7142857142857,1
"5","Awaiting Construction",25,6024,72057600,NA,NA,2016-02-10,2018-05-24,2020-07-11,2020-08-08,2016-02-10,"Solar Photovoltaics","Completed","Connection",TRUE,72057600,119.142857142857,FALSE,779,111.285714285714,TRUE,2419200,4,1
"6","Awaiting Construction",20.7,6096,81043200,NA,NA,2015-10-13,2018-05-08,2020-05-29,2021-03-30,2015-10-13,"Wind Onshore","Completed","Connection",TRUE,81043200,134,TRUE,752,107.428571428571,TRUE,26352000,43.5714285714286,1
"7","Awaiting Construction",36.3,6143,152236800,NA,NA,2016-05-19,2021-03-16,2024-04-30,2025-08-21,2016-05-19,"Wind Onshore","Completed","Connection",TRUE,152236800,251.714285714286,TRUE,1141,163,TRUE,41299200,68.2857142857143,1
"8","Awaiting Construction",2.3,6154,68774400,NA,NA,2016-06-15,2018-08-20,2022-11-09,2023-04-25,2016-06-15,"Wind Onshore","Completed","Connection",TRUE,68774400,113.714285714286,TRUE,1542,220.285714285714,TRUE,14428800,23.8571428571429,1
"9","Awaiting Construction",29.7,6562,89164800,NA,NA,2018-02-19,2020-12-17,2023-07-07,2024-06-05,2018-02-19,"Wind Onshore","Completed","Connection",TRUE,89164800,147.428571428571,TRUE,932,133.142857142857,TRUE,28857600,47.7142857142857,1
"10","Awaiting Construction",4.8,6646,26092800,NA,NA,2018-06-19,2019-04-17,2020-06-04,2021-09-23,2018-06-19,"Wind Onshore","Completed","Connection",TRUE,26092800,43.1428571428571,TRUE,414,59.1428571428571,TRUE,41126400,68,1
"11","Awaiting Construction",0.3,6774,16416000,NA,NA,2018-12-10,2019-06-18,2024-01-02,2024-04-02,2018-12-10,"Wind Onshore","Completed","Connection",TRUE,16416000,27.1428571428571,FALSE,1659,237,TRUE,7862400,13,1
"12","Awaiting Construction",23.1,6790,27043200,NA,NA,2018-10-04,2019-08-13,2022-09-13,2023-06-14,2018-10-04,"Wind Onshore","Completed","Connection",TRUE,27043200,44.7142857142857,TRUE,1127,161,TRUE,23673600,39.1428571428571,1
"13","Awaiting Construction",0.3,6801,51926400,NA,NA,2017-08-04,2019-03-28,2024-03-17,2024-10-30,2017-08-04,"Wind Onshore","Completed","Connection",TRUE,51926400,85.8571428571429,TRUE,1816,259.428571428571,TRUE,19612800,32.4285714285714,1
"14","Awaiting Construction",0.2,6812,12614400,NA,NA,2018-12-07,2019-05-02,2028-04-25,2029-06-25,2018-12-07,"Wind Onshore","Completed","Connection",TRUE,12614400,20.8571428571429,TRUE,3281,468.714285714286,TRUE,36806400,60.8571428571429,1
"15","Awaiting Construction",1.5,7213,35510400,NA,NA,2018-11-21,2020-01-06,2020-01-07,2020-04-07,2018-11-21,"Wind Onshore","Completed","Connection",TRUE,35510400,58.7142857142857,TRUE,1,0.142857142857143,TRUE,7862400,13,1
"16","Awaiting Construction",0.2,7271,18748800,NA,NA,2019-02-07,2019-09-12,2024-11-13,2026-10-01,2019-02-07,"Wind Onshore","Completed","Connection",TRUE,18748800,31,FALSE,1889,269.857142857143,TRUE,59356800,98.1428571428572,1
"17","Awaiting Construction",0.3,7289,36288000,NA,NA,2019-01-25,2020-03-20,2026-08-15,2027-06-16,2019-01-25,"Wind Onshore","Completed","Connection",TRUE,36288000,60,FALSE,2339,334.142857142857,TRUE,26352000,43.5714285714286,1
"18","Awaiting Construction",0.5,7329,53827200,NA,NA,2018-12-18,2020-09-01,2024-07-30,2025-09-29,2018-12-18,"Wind Onshore","Completed","Connection",TRUE,53827200,89,TRUE,1428,204,TRUE,36806400,60.8571428571429,1
"19","Awaiting Construction",0.3,7346,141264000,NA,NA,2019-05-30,2023-11-20,2027-10-18,2029-06-17,2019-05-30,"Wind Onshore","Completed","Connection",TRUE,141264000,233.571428571429,TRUE,1428,204,TRUE,52531200,86.8571428571429,1
"20","Awaiting Construction",0.5,7354,28684800,NA,NA,2019-05-24,2020-04-20,2020-12-15,2022-01-21,2019-05-24,"Wind Onshore","Completed","Connection",TRUE,28684800,47.4285714285714,FALSE,239,34.1428571428571,TRUE,34732800,57.4285714285714,1
"21","Awaiting Construction",0.7,7367,81734400,NA,NA,2019-05-20,2021-12-21,2027-10-22,2029-02-11,2019-05-20,"Wind Onshore","Completed","Connection",TRUE,81734400,135.142857142857,TRUE,2131,304.428571428571,TRUE,41299200,68.2857142857143,1
"22","Awaiting Construction",0.3,7387,43200000,NA,NA,2019-05-13,2020-09-24,2021-10-27,2022-10-10,2019-05-13,"Wind Onshore","Completed","Connection",TRUE,43200000,71.4285714285714,TRUE,398,56.8571428571429,TRUE,30067200,49.7142857142857,1
"23","Awaiting Construction",0.2,7392,62467200,NA,NA,2019-05-01,2021-04-23,2024-03-27,2025-01-14,2019-05-01,"Wind Onshore","Completed","Connection",TRUE,62467200,103.285714285714,TRUE,1069,152.714285714286,TRUE,25315200,41.8571428571429,1
"24","Awaiting Construction",46.8,7406,17625600,NA,NA,2018-09-25,2019-04-17,2026-07-15,2026-09-14,2018-09-25,"Wind Onshore","Completed","Connection",TRUE,17625600,29.1428571428571,TRUE,2646,378,TRUE,5270400,8.71428571428572,1
"25","Awaiting Construction",0.3,7407,4233600,NA,NA,2019-03-12,2019-04-30,2023-03-06,2024-04-28,2019-03-12,"Wind Onshore","Completed","Connection",TRUE,4233600,7,TRUE,1406,200.857142857143,TRUE,36201600,59.8571428571429,1
"26","Awaiting Construction",0.3,7436,50112000,NA,NA,2019-03-07,2020-10-07,2021-06-04,2022-09-23,2019-03-07,"Wind Onshore","Completed","Connection",TRUE,50112000,82.8571428571429,TRUE,240,34.2857142857143,TRUE,41126400,68,1
"27","Awaiting Construction",0.3,7445,9072000,NA,NA,2019-03-11,2019-06-24,2026-09-21,2027-10-28,2019-03-11,"Wind Onshore","Completed","Connection",TRUE,9072000,15,TRUE,2646,378,TRUE,34732800,57.4285714285714,1
"28","Awaiting Construction",28,7489,99273600,NA,NA,2019-08-13,2022-10-05,2027-01-01,2027-11-01,2019-08-13,"Wind Onshore","Completed","Connection",TRUE,99273600,164.142857142857,TRUE,1549,221.285714285714,TRUE,26265600,43.4285714285714,1
"29","Awaiting Construction",0.3,7494,66528000,NA,NA,2019-08-21,2021-09-29,2023-01-22,2023-08-09,2019-08-21,"Wind Onshore","Completed","Connection",TRUE,66528000,110,TRUE,480,68.5714285714286,TRUE,17193600,28.4285714285714,1
"30","Awaiting Construction",0.3,7504,49593600,NA,NA,2019-08-15,2021-03-11,2025-08-17,2026-06-17,2019-08-15,"Wind Onshore","Completed","Connection",TRUE,49593600,82,TRUE,1620,231.428571428571,TRUE,26265600,43.4285714285714,1
"31","Awaiting Construction",20,7543,83548800,NA,NA,2019-07-09,2022-03-02,2026-06-07,2027-03-08,2019-07-09,"Wind Onshore","Completed","Connection",TRUE,83548800,138.142857142857,TRUE,1558,222.571428571429,TRUE,23673600,39.1428571428571,1
"32","Awaiting Construction",0.3,7545,50284800,NA,NA,2019-07-02,2021-02-03,2030-01-28,2030-03-30,2019-07-02,"Wind Onshore","Completed","Connection",TRUE,50284800,83.1428571428572,FALSE,3281,468.714285714286,TRUE,5270400,8.71428571428572,1
"33","Awaiting Construction",0.2,7560,9590400,NA,NA,2019-06-14,2019-10-03,2024-03-13,2025-04-14,2019-06-14,"Wind Onshore","Completed","Connection",TRUE,9590400,15.8571428571429,TRUE,1623,231.857142857143,TRUE,34300800,56.7142857142857,1
"34","Awaiting Construction",0.2,7563,146966400,NA,NA,2019-06-07,2024-02-02,2029-01-22,2029-03-25,2019-06-07,"Wind Onshore","Completed","Connection",TRUE,146966400,243,TRUE,1816,259.428571428571,TRUE,5356800,8.85714285714286,1
"35","Awaiting Construction",0.3,7603,30153600,NA,NA,2019-11-27,2020-11-10,2020-11-11,2022-01-04,2019-11-27,"Wind Onshore","Completed","Connection",TRUE,30153600,49.8571428571429,TRUE,1,0.142857142857143,TRUE,36201600,59.8571428571429,1
"36","Awaiting Construction",0.3,7612,26956800,NA,NA,2019-11-25,2020-10-02,2025-03-13,2025-09-28,2019-11-25,"Wind Onshore","Completed","Connection",TRUE,26956800,44.5714285714286,TRUE,1623,231.857142857143,TRUE,17193600,28.4285714285714,1
"37","Awaiting Construction",0.3,7615,36806400,NA,NA,2019-11-20,2021-01-19,2026-01-09,2027-02-02,2019-11-20,"Wind Onshore","Completed","Connection",TRUE,36806400,60.8571428571429,FALSE,1816,259.428571428571,TRUE,33609600,55.5714285714286,1
"38","Awaiting Construction",0.3,7627,30326400,NA,NA,2019-11-12,2020-10-28,2024-09-03,2025-07-05,2019-11-12,"Wind Onshore","Completed","Connection",TRUE,30326400,50.1428571428571,TRUE,1406,200.857142857143,TRUE,26352000,43.5714285714286,1
"39","Awaiting Construction",0.3,7633,29721600,NA,NA,2019-11-06,2020-10-15,2022-11-27,2023-09-28,2019-11-06,"Wind Onshore","Completed","Connection",TRUE,29721600,49.1428571428571,TRUE,773,110.428571428571,TRUE,26352000,43.5714285714286,1
"40","Awaiting Construction",0.25,7635,46828800,NA,NA,2019-10-29,2021-04-23,2024-07-18,2024-10-17,2019-10-29,"Wind Onshore","Completed","Connection",TRUE,46828800,77.4285714285714,TRUE,1182,168.857142857143,TRUE,7862400,13,1
"41","Awaiting Construction",0.5,7639,29894400,NA,NA,2019-11-01,2020-10-12,2020-12-17,2022-04-07,2019-11-01,"Wind Onshore","Completed","Connection",TRUE,29894400,49.4285714285714,TRUE,66,9.42857142857143,TRUE,41126400,68,1
"42","Awaiting Construction",10,7640,27302400,NA,NA,2019-10-14,2020-08-25,2022-12-26,2023-03-27,2019-10-14,"Wind Onshore","Completed","Connection",TRUE,27302400,45.1428571428571,FALSE,853,121.857142857143,TRUE,7862400,13,1
"43","Awaiting Construction",0.2,7643,33782400,NA,NA,2019-10-18,2020-11-12,2023-07-26,2023-03-06,2019-10-18,"Wind Onshore","Completed","Connection",TRUE,33782400,55.8571428571429,TRUE,986,140.857142857143,TRUE,-12268800,-20.2857142857143,1
"44","Awaiting Construction",0.3,7644,16416000,NA,NA,2019-10-23,2020-04-30,2029-04-24,2030-06-25,2019-10-23,"Wind Onshore","Completed","Connection",TRUE,16416000,27.1428571428571,TRUE,3281,468.714285714286,TRUE,36892800,61,1
"45","Awaiting Construction",0.3,7645,16416000,NA,NA,2019-10-23,2020-04-30,2023-01-12,2024-03-06,2019-10-23,"Wind Onshore","Completed","Connection",TRUE,16416000,27.1428571428571,TRUE,987,141,TRUE,36201600,59.8571428571429,1
"46","Awaiting Construction",0.3,7647,11491200,NA,NA,2019-10-15,2020-02-25,2022-05-30,2023-09-20,2019-10-15,"Wind Onshore","Completed","Connection",TRUE,11491200,19,TRUE,825,117.857142857143,TRUE,41299200,68.2857142857143,1
"47","Awaiting Construction",1,7650,22896000,NA,NA,2019-10-17,2020-07-08,2024-06-05,2026-01-13,2019-10-17,"Wind Onshore","Completed","Connection",TRUE,22896000,37.8571428571429,TRUE,1428,204,TRUE,50716800,83.8571428571429,1
"48","Awaiting Construction",0.5,7651,42681600,NA,NA,2019-10-14,2021-02-19,2023-01-07,2023-11-07,2019-10-14,"Wind Onshore","Completed","Connection",TRUE,42681600,70.5714285714286,FALSE,687,98.1428571428571,TRUE,26265600,43.4285714285714,1
"49","Awaiting Construction",0.3,7664,14083200,NA,NA,2019-09-25,2020-03-06,2025-02-24,2025-02-24,2019-09-25,"Wind Onshore","Completed","Connection",TRUE,14083200,23.2857142857143,FALSE,1816,259.428571428571,TRUE,0,0,1
"50","Awaiting Construction",0.3,7680,23932800,NA,NA,2019-09-12,2020-06-15,2021-04-14,2022-02-12,2019-09-12,"Wind Onshore","Completed","Connection",TRUE,23932800,39.5714285714286,TRUE,303,43.2857142857143,TRUE,26265600,43.4285714285714,1
"51","Awaiting Construction",0.3,7719,40953600,NA,NA,2020-03-13,2021-06-30,2023-08-12,2024-10-11,2020-03-13,"Wind Onshore","Completed","Connection",TRUE,40953600,67.7142857142857,TRUE,773,110.428571428571,TRUE,36806400,60.8571428571429,1
"52","Awaiting Construction",0.3,7768,27907200,NA,NA,2019-12-11,2020-10-29,2028-01-27,2029-03-29,2019-12-11,"Wind Onshore","Completed","Connection",TRUE,27907200,46.1428571428571,TRUE,2646,378,TRUE,36892800,61,1
"53","Awaiting Construction",0.3,7777,29030400,NA,NA,2020-02-14,2021-01-15,2022-08-06,2023-10-26,2020-02-14,"Wind Onshore","Completed","Connection",TRUE,29030400,48,TRUE,568,81.1428571428571,TRUE,38534400,63.7142857142857,1
"54","Awaiting Construction",0.3,7779,32054400,NA,NA,2020-02-14,2021-02-19,2021-10-17,2022-12-26,2020-02-14,"Wind Onshore","Completed","Connection",TRUE,32054400,53,TRUE,240,34.2857142857143,TRUE,37584000,62.1428571428571,1
"55","Awaiting Construction",0.3,7805,23587200,NA,NA,2020-01-24,2020-10-23,2028-01-21,2029-04-11,2020-01-24,"Wind Onshore","Completed","Connection",TRUE,23587200,39,TRUE,2646,378,TRUE,38534400,63.7142857142857,1
"56","Awaiting Construction",0.2,7809,38188800,NA,NA,2020-01-20,2021-04-06,2027-07-19,2028-07-18,2020-01-20,"Wind Onshore","Completed","Connection",TRUE,38188800,63.1428571428571,FALSE,2295,327.857142857143,TRUE,31536000,52.1428571428571,1
"57","Awaiting Construction",0.3,7833,22723200,NA,NA,2019-12-20,2020-09-08,2022-05-31,2023-07-31,2019-12-20,"Wind Onshore","Completed","Connection",TRUE,22723200,37.5714285714286,FALSE,630,90,TRUE,36806400,60.8571428571429,1
"58","Awaiting Construction",0.3,7920,83980800,NA,NA,2020-03-20,2022-11-17,2029-01-15,2029-11-04,2020-03-20,"Wind Onshore","Completed","Connection",TRUE,83980800,138.857142857143,TRUE,2251,321.571428571429,TRUE,25315200,41.8571428571429,1
"59","Awaiting Construction",0.3,7931,67737600,NA,NA,2020-05-06,2022-06-29,2027-02-14,2028-01-23,2020-05-06,"Wind Onshore","Completed","Connection",TRUE,67737600,112,TRUE,1691,241.571428571429,TRUE,29635200,49,1
"60","Awaiting Construction",0.3,7935,84672000,NA,NA,2020-03-12,2022-11-17,2026-09-23,2026-12-23,2020-03-12,"Wind Onshore","Completed","Connection",TRUE,84672000,140,FALSE,1406,200.857142857143,TRUE,7862400,13,1
"61","Awaiting Construction",0.3,7964,30153600,NA,NA,2020-03-19,2021-03-03,2026-05-05,2027-06-11,2020-03-19,"Wind Onshore","Completed","Connection",TRUE,30153600,49.8571428571429,FALSE,1889,269.857142857143,TRUE,34732800,57.4285714285714,1
"62","Awaiting Construction",0.3,8042,50025600,NA,NA,2020-08-27,2022-03-29,2024-06-15,2025-07-22,2020-08-27,"Wind Onshore","Completed","Connection",TRUE,50025600,82.7142857142857,FALSE,809,115.571428571429,TRUE,34732800,57.4285714285714,1
"63","Awaiting Construction",0.2,8077,5356800,NA,NA,2020-08-07,2020-10-08,2028-01-06,2028-09-24,2020-08-07,"Wind Onshore","Completed","Connection",TRUE,5356800,8.85714285714286,TRUE,2646,378,TRUE,22636800,37.4285714285714,1
"64","Awaiting Construction",0.3,8083,42076800,NA,NA,2020-08-06,2021-12-06,2026-07-24,2027-06-18,2020-08-06,"Wind Onshore","Completed","Connection",TRUE,42076800,69.5714285714286,TRUE,1691,241.571428571429,TRUE,28425600,47,1
"65","Awaiting Construction",14,8106,44064000,NA,NA,2020-07-23,2021-12-15,2024-07-19,2025-06-26,2020-07-23,"Wind Onshore","Completed","Connection",TRUE,44064000,72.8571428571429,TRUE,947,135.285714285714,TRUE,29548800,48.8571428571429,1
"66","Awaiting Construction",0.3,8135,56851200,NA,NA,2020-06-17,2022-04-06,2028-07-18,2029-07-01,2020-06-17,"Wind Onshore","Completed","Connection",TRUE,56851200,94,FALSE,2295,327.857142857143,TRUE,30067200,49.7142857142857,1
"67","Awaiting Construction",NA,8200,21254400,NA,NA,2020-11-02,2021-07-06,2026-09-07,2027-11-16,2020-11-02,"Wind Onshore","Completed","Connection",TRUE,21254400,35.1428571428571,FALSE,1889,269.857142857143,TRUE,37584000,62.1428571428571,1
"68","Awaiting Construction",0.25,8231,47779200,NA,NA,2020-10-20,2022-04-26,2023-05-29,2023-11-26,2020-10-20,"Wind Onshore","Completed","Connection",TRUE,47779200,79,FALSE,398,56.8571428571429,TRUE,15638400,25.8571428571429,1
"69","Awaiting Construction",0.25,8232,18403200,NA,NA,2020-10-16,2021-05-17,2025-04-14,2026-04-28,2020-10-16,"Wind Onshore","Completed","Connection",TRUE,18403200,30.4285714285714,TRUE,1428,204,TRUE,32745600,54.1428571428571,1
"70","Awaiting Construction",0.25,8236,5702400,NA,NA,2020-10-12,2020-12-17,2025-03-08,2026-05-17,2020-10-12,"Wind Onshore","Completed","Connection",TRUE,5702400,9.42857142857143,FALSE,1542,220.285714285714,TRUE,37584000,62.1428571428571,1
"71","Awaiting Construction",0.25,8237,28598400,NA,NA,2020-10-05,2021-09-01,2030-09-11,2031-06-12,2020-10-05,"Wind Onshore","Completed","Connection",TRUE,28598400,47.2857142857143,TRUE,3297,471,TRUE,23673600,39.1428571428571,1
"72","Awaiting Construction",0.25,8258,106790400,NA,NA,2020-12-21,2024-05-10,2028-08-06,2029-09-12,2020-12-21,"Wind Onshore","Completed","Connection",TRUE,106790400,176.571428571429,TRUE,1549,221.285714285714,TRUE,34732800,57.4285714285714,1
"73","Awaiting Construction",0.25,8266,42249600,NA,NA,2020-12-22,2022-04-25,2028-03-14,2028-11-17,2020-12-22,"Wind Onshore","Completed","Connection",TRUE,42249600,69.8571428571429,FALSE,2150,307.142857142857,TRUE,21427200,35.4285714285714,1
"74","Awaiting Construction",0.25,8273,30067200,NA,NA,2020-12-24,2021-12-07,2023-01-25,2024-01-25,2020-12-24,"Wind Onshore","Completed","Connection",TRUE,30067200,49.7142857142857,TRUE,414,59.1428571428571,TRUE,31536000,52.1428571428571,1
"75","Awaiting Construction",0.25,8279,106790400,NA,NA,2020-12-21,2024-05-10,2028-08-15,2029-09-21,2020-12-21,"Wind Onshore","Completed","Connection",TRUE,106790400,176.571428571429,TRUE,1558,222.571428571429,TRUE,34732800,57.4285714285714,1
"76","Awaiting Construction",0.4,8422,27216000,NA,NA,2021-01-20,2021-12-01,2024-08-13,2025-09-07,2021-01-20,"Wind Onshore","Completed","Connection",TRUE,27216000,45,FALSE,986,140.857142857143,TRUE,33696000,55.7142857142857,1
"77","Awaiting Construction",0.15,8431,15292800,NA,NA,2021-01-26,2021-07-22,2023-09-03,2024-07-16,2021-01-26,"Wind Onshore","Completed","Connection",TRUE,15292800,25.2857142857143,TRUE,773,110.428571428571,TRUE,27388800,45.2857142857143,1
"78","Awaiting Construction",NA,8867,44409600,NA,NA,2021-02-09,2022-07-08,2028-11-01,2029-11-15,2021-02-09,"Wind Onshore","Completed","Connection",TRUE,44409600,73.4285714285714,TRUE,2308,329.714285714286,TRUE,32745600,54.1428571428571,1
"79","Awaiting Construction",0.25,8868,100915200,NA,NA,2021-02-19,2024-05-02,2026-09-02,2027-09-16,2021-02-19,"Wind Onshore","Completed","Connection",TRUE,100915200,166.857142857143,TRUE,853,121.857142857143,TRUE,32745600,54.1428571428571,1
"80","Awaiting Construction",0.25,8869,26179200,NA,NA,2021-02-17,2021-12-17,2025-03-13,2026-07-08,2021-02-17,"Wind Onshore","Completed","Connection",TRUE,26179200,43.2857142857143,TRUE,1182,168.857142857143,TRUE,41644800,68.8571428571429,1
"81","Awaiting Construction",NA,8872,106531200,NA,NA,2021-02-09,2024-06-26,2025-02-20,2026-10-21,2021-02-09,"Wind Onshore","Completed","Connection",TRUE,106531200,176.142857142857,TRUE,239,34.1428571428571,TRUE,52531200,86.8571428571429,1
"82","Awaiting Construction",0.25,8873,16675200,NA,NA,2021-02-19,2021-08-31,2022-10-03,2023-10-17,2021-02-19,"Wind Onshore","Completed","Connection",TRUE,16675200,27.5714285714286,FALSE,398,56.8571428571429,TRUE,32745600,54.1428571428571,1
"83","Awaiting Construction",0.25,8874,16761600,NA,NA,2021-02-18,2021-08-31,2024-04-04,2025-07-26,2021-02-18,"Wind Onshore","Completed","Connection",TRUE,16761600,27.7142857142857,TRUE,947,135.285714285714,TRUE,41299200,68.2857142857143,1
"84","Awaiting Construction",0.25,8875,17193600,NA,NA,2021-03-08,2021-09-23,2023-12-20,2024-07-06,2021-03-08,"Wind Onshore","Completed","Connection",TRUE,17193600,28.4285714285714,FALSE,818,116.857142857143,TRUE,17193600,28.4285714285714,1
"85","Awaiting Construction",NA,8876,53740800,NA,NA,2021-02-09,2022-10-24,2023-06-20,2024-06-02,2021-02-09,"Wind Onshore","Completed","Connection",TRUE,53740800,88.8571428571429,FALSE,239,34.1428571428571,TRUE,30067200,49.7142857142857,1
"86","Awaiting Construction",NA,8877,31622400,NA,NA,2021-02-22,2022-02-23,2029-05-23,2031-04-10,2021-02-22,"Wind Onshore","Completed","Connection",TRUE,31622400,52.2857142857143,FALSE,2646,378,TRUE,59356800,98.1428571428572,1
"87","Awaiting Construction",0.25,9595,43545600,NA,NA,2020-06-08,2021-10-25,2030-10-19,2031-08-20,2020-06-08,"Wind Onshore","Completed","Connection",TRUE,43545600,72,FALSE,3281,468.714285714286,TRUE,26352000,43.5714285714286,1
"88","Awaiting Construction",0.15,9599,41644800,NA,NA,2021-08-24,2022-12-19,2026-10-25,2027-10-25,2021-08-24,"Wind Onshore","Completed","Connection",TRUE,41644800,68.8571428571429,TRUE,1406,200.857142857143,TRUE,31536000,52.1428571428571,1
"89","Awaiting Construction",0.25,9675,18921600,NA,NA,2021-08-17,2022-03-24,2023-01-21,2024-06-17,2021-08-17,"Wind Onshore","Completed","Connection",TRUE,18921600,31.2857142857143,TRUE,303,43.2857142857143,TRUE,44323200,73.2857142857143,1
"90","Awaiting Construction",0.25,9713,5875200,NA,NA,2021-08-18,2021-10-25,2026-01-14,2026-12-14,2021-08-18,"Wind Onshore","Completed","Connection",TRUE,5875200,9.71428571428572,FALSE,1542,220.285714285714,TRUE,28857600,47.7142857142857,1
"91","Awaiting Construction",0.15,10591,10972800,NA,NA,2021-11-30,2022-04-06,2024-08-06,2025-06-06,2021-11-30,"Wind Onshore","Completed","Connection",TRUE,10972800,18.1428571428571,TRUE,853,121.857142857143,TRUE,26265600,43.4285714285714,1
"92","Awaiting Construction",0.25,11506,19008000,NA,NA,2021-10-19,2022-05-27,2025-08-21,2026-09-27,2021-10-19,"Wind Onshore","Completed","Connection",TRUE,19008000,31.4285714285714,TRUE,1182,168.857142857143,TRUE,34732800,57.4285714285714,1
"93","Awaiting Construction",NA,13665,15033600,NA,NA,2023-01-17,2023-07-10,2024-03-06,2025-03-30,2023-01-17,"Wind Onshore","Completed","Connection",TRUE,15033600,24.8571428571429,TRUE,240,34.2857142857143,TRUE,33609600,55.5714285714286,1
"94","Awaiting Construction",NA,13667,31622400,NA,NA,2023-01-25,2024-01-26,2025-12-13,2026-06-23,2023-01-25,"Wind Onshore","Completed","Connection",TRUE,31622400,52.2857142857143,TRUE,687,98.1428571428571,TRUE,16588800,27.4285714285714,1
"95","Awaiting Construction",0.85,13668,26784000,NA,NA,2023-01-25,2023-12-01,2026-06-20,2028-04-09,2023-01-25,"Wind Onshore","Completed","Connection",TRUE,26784000,44.2857142857143,FALSE,932,133.142857142857,TRUE,56937600,94.1428571428572,1
"96","Awaiting Construction",0.66,13994,26179200,NA,NA,2023-02-01,2023-12-01,2025-10-18,2026-01-27,2023-02-01,"Wind Onshore","Completed","Connection",TRUE,26179200,43.2857142857143,TRUE,687,98.1428571428571,TRUE,8726400,14.4285714285714,1
"97","Awaiting Construction",0.25,13995,35942400,NA,NA,2023-02-07,2024-03-29,2026-04-20,2027-03-20,2023-02-07,"Wind Onshore","Completed","Connection",TRUE,35942400,59.4285714285714,FALSE,752,107.428571428571,TRUE,28857600,47.7142857142857,1
"98","Awaiting Construction",0.66,14112,32054400,NA,NA,2023-02-21,2024-02-27,2033-02-06,2034-04-01,2023-02-21,"Wind Onshore","Completed","Connection",TRUE,32054400,53,TRUE,3267,466.714285714286,TRUE,36201600,59.8571428571429,1
"99","Awaiting Construction",0.85,14114,38361600,NA,NA,2023-03-07,2024-05-24,2025-09-16,2025-11-17,2023-03-07,"Wind Onshore","Completed","Connection",TRUE,38361600,63.4285714285714,TRUE,480,68.5714285714286,TRUE,5356800,8.85714285714286,1
"100","Awaiting Construction",0.25,14115,17971200,NA,NA,2023-03-09,2023-10-03,2026-08-07,2027-10-07,2023-03-09,"Wind Onshore","Completed","Connection",TRUE,17971200,29.7142857142857,TRUE,1039,148.428571428571,TRUE,36806400,60.8571428571429,1
"101","Awaiting Construction",NA,14126,36806400,NA,NA,2023-04-04,2024-06-03,2025-10-10,2025-11-07,2023-04-04,"Solar Photovoltaics","Completed","Connection",TRUE,36806400,60.8571428571429,TRUE,494,70.5714285714286,TRUE,2419200,4,1
"102","Awaiting Construction",2,14132,18403200,NA,NA,2023-05-09,2023-12-08,2027-03-04,2028-01-03,2023-05-09,"Wind Onshore","Completed","Connection",TRUE,18403200,30.4285714285714,FALSE,1182,168.857142857143,TRUE,26352000,43.5714285714286,1
"103","Awaiting Construction",0.15,15229,5356800,NA,NA,2023-10-19,2023-12-20,2025-07-05,2025-08-28,2023-10-19,"Solar Photovoltaics","Completed","Connection",TRUE,5356800,8.85714285714286,TRUE,563,80.4285714285714,TRUE,4665600,7.71428571428571,1
"104","Awaiting Construction",NA,15281,9763200,NA,NA,2023-10-19,2024-02-09,2027-03-26,2028-01-24,2023-10-19,"Wind Onshore","Completed","Connection",TRUE,9763200,16.1428571428571,TRUE,1141,163,TRUE,26265600,43.4285714285714,1
"105","Awaiting Construction",NA,16293,16934400,NA,NA,2024-03-26,2024-10-08,2026-07-16,2026-09-15,2024-03-26,"Solar Photovoltaics","Completed","Connection",TRUE,16934400,28,TRUE,646,92.2857142857143,TRUE,5270400,8.71428571428572,1
"106","Awaiting Construction",2,16451,9849600,NA,NA,2024-04-22,2024-08-14,2026-05-22,2026-08-03,2024-04-22,"Solar Photovoltaics","Completed","Connection",TRUE,9849600,16.2857142857143,TRUE,646,92.2857142857143,TRUE,6307200,10.4285714285714,1
"107","Awaiting Construction",2.5,16454,10022400,NA,NA,2024-04-22,2024-08-16,2026-01-26,2026-06-25,2024-04-22,"Solar Photovoltaics","Completed","Connection",TRUE,10022400,16.5714285714286,TRUE,528,75.4285714285714,TRUE,12960000,21.4285714285714,1
"108","Awaiting Construction",0.3,16620,16848000,NA,NA,2024-05-28,2024-12-09,2026-05-21,2026-08-02,2024-05-28,"Solar Photovoltaics","Completed","Connection",TRUE,16848000,27.8571428571429,FALSE,528,75.4285714285714,TRUE,6307200,10.4285714285714,1
"109","Awaiting Construction",NA,16629,19526400,NA,NA,2024-05-28,2025-01-09,2026-10-01,2027-10-08,2024-05-28,"Wind Onshore","Completed","Connection",TRUE,19526400,32.2857142857143,FALSE,630,90,TRUE,32140800,53.1428571428571,1
"110","Awaiting Construction",NA,16715,5443200,NA,NA,2024-06-12,2024-08-14,2026-05-22,2026-10-19,2024-06-12,"Solar Photovoltaics","Completed","Connection",TRUE,5443200,9,TRUE,646,92.2857142857143,TRUE,12960000,21.4285714285714,1
"111","Awaiting Construction",NA,16716,5443200,NA,NA,2024-06-12,2024-08-14,2026-01-09,2026-03-16,2024-06-12,"Solar Photovoltaics","Completed","Connection",TRUE,5443200,9,TRUE,513,73.2857142857143,TRUE,5702400,9.42857142857143,1
"112","Awaiting Construction",NA,17468,2678400,NA,NA,2024-09-30,2024-10-31,2026-08-08,2026-11-19,2024-09-30,"Solar Photovoltaics","Completed","Connection",TRUE,2678400,4.42857142857143,TRUE,646,92.2857142857143,TRUE,8899200,14.7142857142857,1
"113","Under Construction",27,4650,35942400,1127,NA,2011-09-26,2012-11-15,2015-12-17,2016-10-29,2011-09-26,"Wind Onshore","Completed","Construction",TRUE,35942400,59.4285714285714,TRUE,1127,161,TRUE,27388800,45.2857142857143,1
"114","Appeal Lodged",0.3,7672,NA,NA,NA,2019-09-16,2023-09-07,2029-12-19,2031-04-11,2019-09-16,"Wind Onshore","Completed","Planning",TRUE,125452800,207.428571428571,TRUE,2295,327.857142857143,TRUE,41299200,68.2857142857143,1
"115","Application Submitted",0.2,8166,NA,NA,NA,2020-12-21,2021-10-20,2030-10-14,2031-11-07,2020-12-21,"Wind Onshore","Completed","Planning",FALSE,26179200,43.2857142857143,FALSE,3281,468.714285714286,TRUE,33609600,55.5714285714286,1
"116","Application Submitted",0.25,8194,NA,NA,NA,2020-11-16,2021-11-23,2024-02-26,2025-01-26,2020-11-16,"Wind Onshore","Completed","Planning",FALSE,32140800,53.1428571428571,FALSE,825,117.857142857143,TRUE,28944000,47.8571428571429,1
"117","Application Submitted",NA,8224,NA,NA,NA,2020-10-01,2023-01-12,2025-12-16,2027-01-10,2020-10-01,"Wind Onshore","Completed","Planning",FALSE,71971200,119,TRUE,1069,152.714285714286,TRUE,33696000,55.7142857142857,1
"118","Application Submitted",NA,8262,NA,NA,NA,2020-12-22,2029-06-18,2035-10-13,2036-10-12,2020-12-22,"Wind Onshore","Completed","Planning",TRUE,267840000,442.857142857143,TRUE,2308,329.714285714286,TRUE,31536000,52.1428571428571,1
"119","Application Submitted",0.25,8276,NA,NA,NA,2020-12-22,2021-07-29,2026-05-04,2027-03-29,2020-12-22,"Wind Onshore","Completed","Planning",TRUE,18921600,31.2857142857143,TRUE,1740,248.571428571429,TRUE,28425600,47,1
"120","Application Submitted",NA,8277,NA,NA,NA,2020-12-30,2022-06-25,2026-12-04,2027-03-15,2020-12-30,"Wind Onshore","Completed","Planning",TRUE,46828800,77.4285714285714,TRUE,1623,231.857142857143,TRUE,8726400,14.4285714285714,1
"121","Application Submitted",3.75,8870,NA,NA,NA,2021-03-03,2022-12-13,2024-01-18,2024-03-17,2021-03-03,"Solar Photovoltaics","Completed","Planning",TRUE,56160000,92.8571428571429,TRUE,401,57.2857142857143,TRUE,5097600,8.42857142857143,1
"122","Application Submitted",NA,8871,NA,NA,NA,2021-02-26,2023-05-02,2027-10-08,2028-09-14,2021-02-26,"Wind Onshore","Completed","Planning",TRUE,68688000,113.571428571429,TRUE,1620,231.428571428571,TRUE,29548800,48.8571428571429,1
"123","Application Submitted",NA,9676,NA,NA,NA,2021-06-02,2021-11-20,2023-08-12,2025-10-15,2021-06-02,"Wind Onshore","Completed","Planning",TRUE,14774400,24.4285714285714,FALSE,630,90,TRUE,68688000,113.571428571429,1
"124","Application Submitted",NA,10590,NA,NA,NA,2021-11-25,2022-06-03,2023-11-13,2024-01-11,2021-11-25,"Solar Photovoltaics","Completed","Planning",TRUE,16416000,27.1428571428571,TRUE,528,75.4285714285714,TRUE,5097600,8.42857142857143,1
"125","Application Submitted",58.8,11718,NA,NA,NA,2021-12-22,2022-02-28,2026-01-26,2026-08-06,2021-12-22,"Wind Onshore","Completed","Planning",FALSE,5875200,9.71428571428572,TRUE,1428,204,TRUE,16588800,27.4285714285714,1
"126","Application Submitted",28.8,13669,NA,NA,NA,2023-01-05,2024-03-29,2026-06-25,2027-10-14,2023-01-05,"Wind Onshore","Completed","Planning",TRUE,38793600,64.1428571428571,TRUE,818,116.857142857143,TRUE,41126400,68,1
"127","Application Submitted",0.225,13991,NA,NA,NA,2023-01-13,2024-01-14,2025-02-20,2026-01-20,2023-01-13,"Wind Onshore","Completed","Planning",TRUE,31622400,52.2857142857143,TRUE,403,57.5714285714286,TRUE,28857600,47.7142857142857,1
"128","Application Submitted",0.6,13996,NA,NA,NA,2023-02-13,2024-10-28,2027-11-29,2029-03-19,2023-02-13,"Wind Onshore","Completed","Planning",TRUE,53827200,89,TRUE,1127,161,TRUE,41126400,68,1
"129","Application Submitted",50.4,14113,NA,NA,NA,2023-02-22,2025-07-19,2029-10-15,2031-02-05,2023-02-22,"Wind Onshore","Completed","Planning",TRUE,75859200,125.428571428571,TRUE,1549,221.285714285714,TRUE,41299200,68.2857142857143,1
"130","Application Submitted",1,14123,NA,NA,NA,2023-03-27,2023-11-16,2025-06-06,2026-04-22,2023-03-27,"Solar Photovoltaics","Completed","Planning",TRUE,20217600,33.4285714285714,TRUE,568,81.1428571428571,TRUE,27648000,45.7142857142857,1
"131","Application Submitted",NA,14127,NA,NA,NA,2023-04-05,2024-05-29,2026-08-16,2027-01-30,2023-04-05,"Wind Onshore","Completed","Planning",FALSE,36288000,60,FALSE,809,115.571428571429,TRUE,14428800,23.8571428571429,1
"132","Application Submitted",NA,14128,NA,NA,NA,2023-04-05,2024-01-03,2026-07-31,2027-11-19,2023-04-05,"Wind Onshore","Completed","Planning",TRUE,23587200,39,TRUE,940,134.285714285714,TRUE,41126400,68,1
"133","Application Submitted",NA,14129,NA,NA,NA,2023-04-05,2024-11-05,2026-12-18,2028-02-10,2023-04-05,"Wind Onshore","Completed","Planning",FALSE,50112000,82.8571428571429,FALSE,773,110.428571428571,TRUE,36201600,59.8571428571429,1
"134","Application Submitted",0.85,14130,NA,NA,NA,2023-04-05,2026-08-20,2031-05-26,2032-06-19,2023-04-05,"Wind Onshore","Completed","Planning",FALSE,106531200,176.142857142857,TRUE,1740,248.571428571429,TRUE,33696000,55.7142857142857,1
"135","Application Submitted",NA,15152,NA,NA,NA,2023-06-19,2026-05-06,2027-06-13,2027-12-11,2023-06-19,"Wind Onshore","Completed","Planning",TRUE,90892800,150.285714285714,FALSE,403,57.5714285714286,TRUE,15638400,25.8571428571429,1
"136","Application Submitted",NA,15346,NA,NA,NA,2023-10-26,2026-03-22,2026-03-23,2027-06-12,2023-10-26,"Wind Onshore","Completed","Planning",FALSE,75859200,125.428571428571,FALSE,1,0.142857142857143,TRUE,38534400,63.7142857142857,1
"137","Application Submitted",0.5,15355,NA,NA,NA,2023-11-07,2024-09-18,2029-04-04,2030-05-11,2023-11-07,"Wind Onshore","Completed","Planning",TRUE,27302400,45.1428571428571,TRUE,1659,237,TRUE,34732800,57.4285714285714,1
"138","Application Submitted",0.225,15365,NA,NA,NA,2023-11-07,2024-07-05,2027-09-30,2029-10-24,2023-11-07,"Wind Onshore","Completed","Planning",TRUE,20822400,34.4285714285714,TRUE,1182,168.857142857143,TRUE,65232000,107.857142857143,1
"139","Application Submitted",0.25,15378,NA,NA,NA,2023-11-09,2025-05-12,2028-01-24,2029-04-03,2023-11-09,"Wind Onshore","Completed","Planning",TRUE,47520000,78.5714285714286,TRUE,987,141,TRUE,37584000,62.1428571428571,1
"140","Application Submitted",0.6,15438,NA,NA,NA,2023-11-06,2024-12-26,2025-08-23,2026-12-14,2023-11-06,"Wind Onshore","Completed","Planning",TRUE,35942400,59.4285714285714,FALSE,240,34.2857142857143,TRUE,41299200,68.2857142857143,1
"141","Application Submitted",NA,16333,NA,NA,NA,2024-02-09,2027-11-28,2028-09-26,2030-01-21,2024-02-09,"Wind Onshore","Completed","Planning",TRUE,119923200,198.285714285714,TRUE,303,43.2857142857143,TRUE,41644800,68.8571428571429,1
"142","Application Submitted",NA,16336,NA,NA,NA,2024-03-19,2027-01-15,2032-03-24,2033-11-22,2024-03-19,"Wind Onshore","Completed","Planning",TRUE,89164800,147.428571428571,TRUE,1895,270.714285714286,TRUE,52531200,86.8571428571429,1
"143","Application Submitted",29.9,16337,NA,NA,NA,2024-03-06,2024-06-26,2026-04-03,2026-11-23,2024-03-06,"Solar Photovoltaics","Completed","Planning",FALSE,9676800,16,FALSE,646,92.2857142857143,TRUE,20217600,33.4285714285714,1
"144","Application Submitted",NA,16349,NA,NA,NA,2024-04-08,2024-08-08,2033-08-18,2034-10-18,2024-04-08,"Wind Onshore","Completed","Planning",TRUE,10540800,17.4285714285714,TRUE,3297,471,TRUE,36806400,60.8571428571429,1
"145","Application Submitted",NA,16353,NA,NA,NA,2024-04-08,2025-11-08,2032-03-04,2032-12-22,2024-04-08,"Wind Onshore","Completed","Planning",TRUE,50025600,82.7142857142857,TRUE,2308,329.714285714286,TRUE,25315200,41.8571428571429,1
"146","Application Submitted",2,16445,NA,NA,NA,2024-04-10,2024-07-17,2026-05-31,2027-04-16,2024-04-10,"Solar Photovoltaics","Completed","Planning",TRUE,8467200,14,TRUE,683,97.5714285714286,TRUE,27648000,45.7142857142857,1
"147","Application Submitted",NA,16450,NA,NA,NA,2024-04-25,2024-11-01,2025-12-09,2026-09-09,2024-04-25,"Wind Onshore","Completed","Planning",TRUE,16416000,27.1428571428571,TRUE,403,57.5714285714286,TRUE,23673600,39.1428571428571,1
"148","Application Submitted",0.25,16453,NA,NA,NA,2024-04-17,2025-04-18,2027-08-19,2029-01-13,2024-04-17,"Wind Onshore","Completed","Planning",TRUE,31622400,52.2857142857143,TRUE,853,121.857142857143,TRUE,44323200,73.2857142857143,1
"149","Application Submitted",0.25,16476,NA,NA,NA,2024-04-30,2025-03-08,2025-04-17,2027-03-05,2024-04-30,"Wind Onshore","Completed","Planning",TRUE,26956800,44.5714285714286,TRUE,40,5.71428571428571,TRUE,59356800,98.1428571428572,1
"150","Application Submitted",NA,16547,NA,NA,NA,2024-05-06,2024-07-13,2033-06-23,2035-02-21,2024-05-06,"Wind Onshore","Completed","Planning",TRUE,5875200,9.71428571428572,TRUE,3267,466.714285714286,TRUE,52531200,86.8571428571429,1
"151","Application Submitted",0.25,16568,NA,NA,NA,2024-05-17,2026-05-08,2028-07-25,2030-08-19,2024-05-17,"Wind Onshore","Completed","Planning",TRUE,62294400,103,TRUE,809,115.571428571429,TRUE,65232000,107.857142857143,1
"152","Application Submitted",0.25,16578,NA,NA,NA,2024-05-17,2027-03-16,2031-09-30,2032-09-29,2024-05-17,"Wind Onshore","Completed","Planning",TRUE,89251200,147.571428571429,TRUE,1659,237,TRUE,31536000,52.1428571428571,1
"153","Application Submitted",2,16583,NA,NA,NA,2024-04-16,2024-12-15,2026-09-22,2026-11-27,2024-04-16,"Solar Photovoltaics","Completed","Planning",TRUE,20995200,34.7142857142857,TRUE,646,92.2857142857143,TRUE,5702400,9.42857142857143,1
"154","Application Submitted",NA,16646,NA,NA,NA,2024-05-29,2026-07-08,2030-06-05,2031-01-18,2024-05-29,"Wind Onshore","Completed","Planning",TRUE,66528000,110,TRUE,1428,204,TRUE,19612800,32.4285714285714,1
"155","Application Submitted",NA,17112,NA,NA,NA,2024-07-26,2025-12-12,2032-02-10,2034-08-11,2024-07-26,"Wind Onshore","Completed","Planning",TRUE,43545600,72,TRUE,2251,321.571428571429,TRUE,78883200,130.428571428571,1
"156","Application Submitted",0.7,17115,NA,NA,NA,2024-08-07,2025-01-31,2026-12-15,2027-04-08,2024-08-07,"Solar Photovoltaics","Completed","Planning",TRUE,15292800,25.2857142857143,FALSE,683,97.5714285714286,TRUE,9849600,16.2857142857143,1
"157","Application Submitted",NA,17116,NA,NA,NA,2024-08-13,2024-12-02,2029-09-07,2029-11-08,2024-08-13,"Wind Onshore","Completed","Planning",TRUE,9590400,15.8571428571429,TRUE,1740,248.571428571429,TRUE,5356800,8.85714285714286,1
"158","Application Submitted",0.5,17126,NA,NA,NA,2024-08-14,2025-12-31,2026-08-28,2027-03-15,2024-08-14,"Wind Onshore","Completed","Planning",TRUE,43545600,72,TRUE,240,34.2857142857143,TRUE,17193600,28.4285714285714,1
"159","Application Submitted",NA,17164,NA,NA,NA,2024-08-15,2026-09-10,2029-08-14,2030-02-11,2024-08-15,"Wind Onshore","Completed","Planning",TRUE,65318400,108,TRUE,1069,152.714285714286,TRUE,15638400,25.8571428571429,1
"160","Application Submitted",0.6,17257,NA,NA,NA,2024-08-30,2029-09-09,2031-10-22,2032-12-21,2024-08-30,"Wind Onshore","Completed","Planning",TRUE,158630400,262.285714285714,FALSE,773,110.428571428571,TRUE,36806400,60.8571428571429,1
"161","Application Submitted",20,17260,NA,NA,NA,2024-09-04,2026-07-02,2027-03-31,2027-06-12,2024-09-04,"Solar Photovoltaics","Completed","Planning",TRUE,57542400,95.1428571428572,TRUE,272,38.8571428571429,TRUE,6307200,10.4285714285714,1
"162","Application Submitted",NA,17312,NA,NA,NA,2024-09-28,2025-09-18,2026-10-10,2027-02-01,2024-09-28,"Solar Photovoltaics","Completed","Planning",FALSE,30672000,50.7142857142857,TRUE,387,55.2857142857143,TRUE,9849600,16.2857142857143,1
"163","Application Submitted",0.6,17318,NA,NA,NA,2024-08-28,2025-04-05,2027-12-17,2028-06-01,2024-08-28,"Wind Onshore","Completed","Planning",FALSE,19008000,31.4285714285714,TRUE,986,140.857142857143,TRUE,14428800,23.8571428571429,1
"164","Application Submitted",NA,17417,NA,NA,NA,2024-09-23,2024-12-30,2025-09-28,2026-01-25,2024-09-23,"Solar Photovoltaics","Completed","Planning",FALSE,8467200,14,TRUE,272,38.8571428571429,TRUE,10281600,17,1
"165","Application Submitted",NA,17425,NA,NA,NA,2024-09-20,2025-08-18,2027-08-24,2029-04-23,2024-09-20,"Wind Onshore","Completed","Planning",FALSE,28684800,47.4285714285714,FALSE,736,105.142857142857,TRUE,52531200,86.8571428571429,1
"166","Application Submitted",NA,17426,NA,NA,NA,2024-09-23,2026-08-09,2027-12-02,2028-09-20,2024-09-23,"Wind Onshore","Completed","Planning",FALSE,59184000,97.8571428571429,TRUE,480,68.5714285714286,TRUE,25315200,41.8571428571429,1
"167","Application Submitted",NA,17461,NA,NA,NA,2024-09-30,2026-07-01,2027-08-08,2028-06-08,2024-09-30,"Wind Onshore","Completed","Planning",TRUE,55209600,91.2857142857143,TRUE,403,57.5714285714286,TRUE,26352000,43.5714285714286,1
"168","Application Submitted",16.8,17627,NA,NA,NA,2024-11-01,2025-10-09,2026-12-05,2027-12-19,2024-11-01,"Wind Onshore","Completed","Planning",TRUE,29548800,48.8571428571429,TRUE,422,60.2857142857143,TRUE,32745600,54.1428571428571,1
"169","Application Submitted",NA,17665,NA,NA,NA,2024-10-23,2025-09-24,2029-12-14,2031-11-01,2024-10-23,"Wind Onshore","Completed","Planning",TRUE,29030400,48,TRUE,1542,220.285714285714,TRUE,59356800,98.1428571428572,1
"170","Application Submitted",NA,17711,NA,NA,NA,2024-11-07,2025-05-03,2026-09-18,2027-01-15,2024-11-07,"Solar Photovoltaics","Completed","Planning",FALSE,15292800,25.2857142857143,TRUE,503,71.8571428571428,TRUE,10281600,17,1
"171","Application Submitted",0.3,17825,NA,NA,NA,2024-11-12,2026-05-19,2027-01-13,2027-10-14,2024-11-12,"Wind Onshore","Completed","Planning",TRUE,47779200,79,FALSE,239,34.1428571428571,TRUE,23673600,39.1428571428571,1
"172","Application Submitted",3.5,18060,NA,NA,NA,2024-12-18,2025-09-06,2027-02-16,2027-04-18,2024-12-18,"Solar Photovoltaics","Completed","Planning",TRUE,22636800,37.4285714285714,TRUE,528,75.4285714285714,TRUE,5270400,8.71428571428572,1
"173","Application Submitted",0.25,18104,NA,NA,NA,2024-12-19,2025-08-25,2026-09-30,2026-10-28,2024-12-19,"Solar Photovoltaics","Completed","Planning",FALSE,21513600,35.5714285714286,TRUE,401,57.2857142857143,TRUE,2419200,4,1
"174","Application Submitted",NA,18147,NA,NA,NA,2025-01-15,2026-08-17,2032-06-17,2032-12-17,2025-01-15,"Wind Onshore","Completed","Planning",TRUE,50025600,82.7142857142857,TRUE,2131,304.428571428571,TRUE,15811200,26.1428571428571,1
"175","Application Submitted",4.99,18205,NA,NA,NA,2025-01-13,2025-06-30,2026-07-22,2027-04-07,2025-01-13,"Solar Photovoltaics","Completed","Planning",TRUE,14515200,24,TRUE,387,55.2857142857143,TRUE,22377600,37,1
"176","Application Submitted",NA,18379,NA,NA,NA,2025-01-09,2025-08-05,2027-08-27,2028-06-15,2025-01-09,"Wind Onshore","Completed","Planning",TRUE,17971200,29.7142857142857,TRUE,752,107.428571428571,TRUE,25315200,41.8571428571429,1
"177","Application Submitted",NA,18380,NA,NA,NA,2025-01-08,2025-03-15,2026-07-08,2027-07-22,2025-01-08,"Wind Onshore","Completed","Planning",TRUE,5702400,9.42857142857143,TRUE,480,68.5714285714286,TRUE,32745600,54.1428571428571,1
"178","Application Submitted",0.25,18394,NA,NA,NA,2025-01-29,2029-06-10,2038-05-21,2040-02-08,2025-01-29,"Wind Onshore","Completed","Planning",TRUE,137635200,227.571428571429,FALSE,3267,466.714285714286,TRUE,54259200,89.7142857142857,1
"179","Application Submitted",NA,18442,NA,NA,NA,2025-02-13,2026-07-12,2026-08-21,2027-04-05,2025-02-13,"Wind Onshore","Completed","Planning",FALSE,44409600,73.4285714285714,FALSE,40,5.71428571428571,TRUE,19612800,32.4285714285714,1
"180","Application Submitted",NA,18443,NA,NA,NA,2025-02-17,2026-01-31,2027-12-19,2028-12-01,2025-02-17,"Wind Onshore","Completed","Planning",FALSE,30067200,49.7142857142857,TRUE,687,98.1428571428571,TRUE,30067200,49.7142857142857,1
"181","Application Submitted",NA,18444,NA,NA,NA,2025-02-17,2026-06-26,2028-09-28,2029-03-28,2025-02-17,"Wind Onshore","Completed","Planning",TRUE,42681600,70.5714285714286,FALSE,825,117.857142857143,TRUE,15638400,25.8571428571429,1
"182","Application Submitted",0.2,18445,NA,NA,NA,2025-02-26,2025-11-30,2030-02-19,2031-12-10,2025-02-26,"Wind Onshore","Completed","Planning",FALSE,23932800,39.5714285714286,TRUE,1542,220.285714285714,TRUE,56937600,94.1428571428572,1
"183","Awaiting Construction",9.2,4149,353980800,NA,NA,2007-10-02,2018-12-20,2024-02-21,2025-07-18,2007-10-02,"Wind Onshore","Completed","Connection",TRUE,353980800,585.285714285714,TRUE,1889,269.857142857143,TRUE,44323200,73.2857142857143,2
"184","Awaiting Construction",24,4301,143510400,NA,NA,2013-11-27,2018-06-15,2018-06-16,2019-11-11,2013-11-27,"Wind Onshore","Completed","Connection",TRUE,143510400,237.285714285714,TRUE,1,0.142857142857143,TRUE,44323200,73.2857142857143,2
"185","Awaiting Construction",13.8,4564,224121600,NA,NA,2010-12-09,2018-01-15,2019-02-22,2020-07-19,2010-12-09,"Wind Onshore","Completed","Connection",TRUE,224121600,370.571428571429,FALSE,403,57.5714285714286,TRUE,44323200,73.2857142857143,2
"186","Awaiting Construction",12.6,4565,220147200,NA,NA,2012-08-23,2019-08-15,2025-07-13,2026-05-26,2012-08-23,"Wind Onshore","Completed","Connection",TRUE,220147200,364,TRUE,2159,308.428571428571,TRUE,27388800,45.2857142857143,2
"187","Awaiting Construction",25,6024,72057600,NA,NA,2016-02-10,2018-05-24,2019-09-22,2020-06-12,2016-02-10,"Solar Photovoltaics","Completed","Connection",TRUE,72057600,119.142857142857,TRUE,486,69.4285714285714,TRUE,22809600,37.7142857142857,2
"188","Awaiting Construction",20.7,6096,81043200,NA,NA,2015-10-13,2018-05-08,2024-07-06,2025-06-19,2015-10-13,"Wind Onshore","Completed","Connection",TRUE,81043200,134,FALSE,2251,321.571428571429,TRUE,30067200,49.7142857142857,2
"189","Awaiting Construction",36.3,6143,152236800,NA,NA,2016-05-19,2021-03-16,2023-04-28,2023-10-26,2016-05-19,"Wind Onshore","Completed","Connection",TRUE,152236800,251.714285714286,TRUE,773,110.428571428571,TRUE,15638400,25.8571428571429,2
"190","Awaiting Construction",2.3,6154,68774400,NA,NA,2016-06-15,2018-08-20,2018-08-21,2020-02-14,2016-06-15,"Wind Onshore","Completed","Connection",TRUE,68774400,113.714285714286,FALSE,1,0.142857142857143,TRUE,46828800,77.4285714285714,2
"191","Awaiting Construction",29.7,6562,89164800,NA,NA,2018-02-19,2020-12-17,2025-09-22,2027-10-17,2018-02-19,"Wind Onshore","Completed","Connection",TRUE,89164800,147.428571428571,FALSE,1740,248.571428571429,TRUE,65232000,107.857142857143,2
"192","Awaiting Construction",4.8,6646,26092800,NA,NA,2018-06-19,2019-04-17,2021-07-04,2022-08-27,2018-06-19,"Wind Onshore","Completed","Connection",TRUE,26092800,43.1428571428571,TRUE,809,115.571428571429,TRUE,36201600,59.8571428571429,2
"193","Awaiting Construction",0.3,6774,16416000,NA,NA,2018-12-10,2019-06-18,2019-08-23,2020-09-15,2018-12-10,"Wind Onshore","Completed","Connection",TRUE,16416000,27.1428571428571,FALSE,66,9.42857142857143,TRUE,33609600,55.5714285714286,2
"194","Awaiting Construction",23.1,6790,27043200,NA,NA,2018-10-04,2019-08-13,2022-07-17,2024-02-24,2018-10-04,"Wind Onshore","Completed","Connection",TRUE,27043200,44.7142857142857,TRUE,1069,152.714285714286,TRUE,50716800,83.8571428571429,2
"195","Awaiting Construction",0.3,6801,51926400,NA,NA,2017-08-04,2019-03-28,2025-02-14,2026-04-16,2017-08-04,"Wind Onshore","Completed","Connection",TRUE,51926400,85.8571428571429,FALSE,2150,307.142857142857,TRUE,36806400,60.8571428571429,2
"196","Awaiting Construction",0.2,6812,12614400,NA,NA,2018-12-07,2019-05-02,2022-01-12,2022-06-28,2018-12-07,"Wind Onshore","Completed","Connection",TRUE,12614400,20.8571428571429,FALSE,986,140.857142857143,TRUE,14428800,23.8571428571429,2
"197","Awaiting Construction",1.5,7213,35510400,NA,NA,2018-11-21,2020-01-06,2021-09-27,2022-10-04,2018-11-21,"Wind Onshore","Completed","Connection",TRUE,35510400,58.7142857142857,TRUE,630,90,TRUE,32140800,53.1428571428571,2
"198","Awaiting Construction",0.2,7271,18748800,NA,NA,2019-02-07,2019-09-12,2020-07-11,2021-07-25,2019-02-07,"Wind Onshore","Completed","Connection",TRUE,18748800,31,TRUE,303,43.2857142857143,TRUE,32745600,54.1428571428571,2
"199","Awaiting Construction",0.3,7289,36288000,NA,NA,2019-01-25,2020-03-20,2023-06-15,2024-04-14,2019-01-25,"Wind Onshore","Completed","Connection",TRUE,36288000,60,FALSE,1182,168.857142857143,TRUE,26265600,43.4285714285714,2
"200","Awaiting Construction",0.5,7329,53827200,NA,NA,2018-12-18,2020-09-01,2023-10-17,2024-01-26,2018-12-18,"Wind Onshore","Completed","Connection",TRUE,53827200,89,FALSE,1141,163,TRUE,8726400,14.4285714285714,2
"201","Awaiting Construction",0.3,7346,141264000,NA,NA,2019-05-30,2023-11-20,2026-06-09,2027-06-09,2019-05-30,"Wind Onshore","Completed","Connection",TRUE,141264000,233.571428571429,FALSE,932,133.142857142857,TRUE,31536000,52.1428571428571,2
"202","Awaiting Construction",0.5,7354,28684800,NA,NA,2019-05-24,2020-04-20,2021-06-16,2022-10-07,2019-05-24,"Wind Onshore","Completed","Connection",TRUE,28684800,47.4285714285714,TRUE,422,60.2857142857143,TRUE,41299200,68.2857142857143,2
"203","Awaiting Construction",0.7,7367,81734400,NA,NA,2019-05-20,2021-12-21,2023-11-08,2026-01-11,2019-05-20,"Wind Onshore","Completed","Connection",TRUE,81734400,135.142857142857,TRUE,687,98.1428571428571,TRUE,68688000,113.571428571429,2
"204","Awaiting Construction",0.3,7387,43200000,NA,NA,2019-05-13,2020-09-24,2021-11-12,2023-12-07,2019-05-13,"Wind Onshore","Completed","Connection",TRUE,43200000,71.4285714285714,TRUE,414,59.1428571428571,TRUE,65232000,107.857142857143,2
"205","Awaiting Construction",0.2,7392,62467200,NA,NA,2019-05-01,2021-04-23,2030-05-03,2031-07-12,2019-05-01,"Wind Onshore","Completed","Connection",TRUE,62467200,103.285714285714,TRUE,3297,471,TRUE,37584000,62.1428571428571,2
"206","Awaiting Construction",46.8,7406,17625600,NA,NA,2018-09-25,2019-04-17,2020-06-04,2021-02-07,2018-09-25,"Wind Onshore","Completed","Connection",TRUE,17625600,29.1428571428571,TRUE,414,59.1428571428571,TRUE,21427200,35.4285714285714,2
"207","Awaiting Construction",0.3,7407,4233600,NA,NA,2019-03-12,2019-04-30,2024-04-19,2025-02-06,2019-03-12,"Wind Onshore","Completed","Connection",TRUE,4233600,7,TRUE,1816,259.428571428571,TRUE,25315200,41.8571428571429,2
"208","Awaiting Construction",0.3,7436,50112000,NA,NA,2019-03-07,2020-10-07,2029-09-17,2030-02-10,2019-03-07,"Wind Onshore","Completed","Connection",TRUE,50112000,82.8571428571429,FALSE,3267,466.714285714286,TRUE,12614400,20.8571428571429,2
"209","Awaiting Construction",0.3,7445,9072000,NA,NA,2019-03-11,2019-06-24,2023-09-20,2024-03-19,2019-03-11,"Wind Onshore","Completed","Connection",TRUE,9072000,15,FALSE,1549,221.285714285714,TRUE,15638400,25.8571428571429,2
"210","Awaiting Construction",28,7489,99273600,NA,NA,2019-08-13,2022-10-05,2028-12-03,2029-03-14,2019-08-13,"Wind Onshore","Completed","Connection",TRUE,99273600,164.142857142857,FALSE,2251,321.571428571429,TRUE,8726400,14.4285714285714,2
"211","Awaiting Construction",0.3,7494,66528000,NA,NA,2019-08-21,2021-09-29,2021-09-30,2022-08-30,2019-08-21,"Wind Onshore","Completed","Connection",TRUE,66528000,110,TRUE,1,0.142857142857143,TRUE,28857600,47.7142857142857,2
"212","Awaiting Construction",0.3,7504,49593600,NA,NA,2019-08-15,2021-03-11,2028-06-08,2029-05-03,2019-08-15,"Wind Onshore","Completed","Connection",TRUE,49593600,82,FALSE,2646,378,TRUE,28425600,47,2
"213","Awaiting Construction",20,7543,83548800,NA,NA,2019-07-09,2022-03-02,2024-06-04,2024-11-18,2019-07-09,"Wind Onshore","Completed","Connection",TRUE,83548800,138.142857142857,FALSE,825,117.857142857143,TRUE,14428800,23.8571428571429,2
"214","Awaiting Construction",0.3,7545,50284800,NA,NA,2019-07-02,2021-02-03,2021-02-04,2021-10-24,2019-07-02,"Wind Onshore","Completed","Connection",TRUE,50284800,83.1428571428572,TRUE,1,0.142857142857143,TRUE,22636800,37.4285714285714,2
"215","Awaiting Construction",0.2,7560,9590400,NA,NA,2019-06-14,2019-10-03,2024-02-14,2025-06-29,2019-06-14,"Wind Onshore","Completed","Connection",TRUE,9590400,15.8571428571429,TRUE,1595,227.857142857143,TRUE,43286400,71.5714285714286,2
"216","Awaiting Construction",0.2,7563,146966400,NA,NA,2019-06-07,2024-02-02,2024-04-08,2024-09-01,2019-06-07,"Wind Onshore","Completed","Connection",TRUE,146966400,243,TRUE,66,9.42857142857143,TRUE,12614400,20.8571428571429,2
"217","Awaiting Construction",0.3,7603,30153600,NA,NA,2019-11-27,2020-11-10,2025-05-27,2026-06-10,2019-11-27,"Wind Onshore","Completed","Connection",TRUE,30153600,49.8571428571429,TRUE,1659,237,TRUE,32745600,54.1428571428571,2
"218","Awaiting Construction",0.3,7612,26956800,NA,NA,2019-11-25,2020-10-02,2023-11-17,2024-12-18,2019-11-25,"Wind Onshore","Completed","Connection",TRUE,26956800,44.5714285714286,TRUE,1141,163,TRUE,34300800,56.7142857142857,2
"219","Awaiting Construction",0.3,7615,36806400,NA,NA,2019-11-20,2021-01-19,2023-02-10,2024-01-19,2019-11-20,"Wind Onshore","Completed","Connection",TRUE,36806400,60.8571428571429,TRUE,752,107.428571428571,TRUE,29635200,49,2
"220","Awaiting Construction",0.3,7627,30326400,NA,NA,2019-11-12,2020-10-28,2025-01-24,2026-09-03,2019-11-12,"Wind Onshore","Completed","Connection",TRUE,30326400,50.1428571428571,FALSE,1549,221.285714285714,TRUE,50716800,83.8571428571429,2
"221","Awaiting Construction",0.3,7633,29721600,NA,NA,2019-11-06,2020-10-15,2028-01-13,2028-09-17,2019-11-06,"Wind Onshore","Completed","Connection",TRUE,29721600,49.1428571428571,FALSE,2646,378,TRUE,21427200,35.4285714285714,2
"222","Awaiting Construction",0.25,7635,46828800,NA,NA,2019-10-29,2021-04-23,2023-05-15,2023-11-14,2019-10-29,"Wind Onshore","Completed","Connection",TRUE,46828800,77.4285714285714,TRUE,752,107.428571428571,TRUE,15811200,26.1428571428571,2
"223","Awaiting Construction",0.5,7639,29894400,NA,NA,2019-11-01,2020-10-12,2022-11-03,2024-01-03,2019-11-01,"Wind Onshore","Completed","Connection",TRUE,29894400,49.4285714285714,TRUE,752,107.428571428571,TRUE,36806400,60.8571428571429,2
"224","Awaiting Construction",10,7640,27302400,NA,NA,2019-10-14,2020-08-25,2025-10-27,2026-10-27,2019-10-14,"Wind Onshore","Completed","Connection",TRUE,27302400,45.1428571428571,FALSE,1889,269.857142857143,TRUE,31536000,52.1428571428571,2
"225","Awaiting Construction",0.2,7643,33782400,NA,NA,2019-10-18,2020-11-12,2025-06-30,2026-07-14,2019-10-18,"Wind Onshore","Completed","Connection",TRUE,33782400,55.8571428571429,FALSE,1691,241.571428571429,TRUE,32745600,54.1428571428571,2
"226","Awaiting Construction",0.3,7644,16416000,NA,NA,2019-10-23,2020-04-30,2020-07-05,2021-07-05,2019-10-23,"Wind Onshore","Completed","Connection",TRUE,16416000,27.1428571428571,TRUE,66,9.42857142857143,TRUE,31536000,52.1428571428571,2
"227","Awaiting Construction",0.3,7645,16416000,NA,NA,2019-10-23,2020-04-30,2021-02-27,2022-03-23,2019-10-23,"Wind Onshore","Completed","Connection",TRUE,16416000,27.1428571428571,FALSE,303,43.2857142857143,TRUE,33609600,55.5714285714286,2
"228","Awaiting Construction",0.3,7647,11491200,NA,NA,2019-10-15,2020-02-25,2025-12-26,2026-05-21,2019-10-15,"Wind Onshore","Completed","Connection",TRUE,11491200,19,FALSE,2131,304.428571428571,TRUE,12614400,20.8571428571429,2
"229","Awaiting Construction",1,7650,22896000,NA,NA,2019-10-17,2020-07-08,2024-10-04,2025-09-03,2019-10-17,"Wind Onshore","Completed","Connection",TRUE,22896000,37.8571428571429,TRUE,1549,221.285714285714,TRUE,28857600,47.7142857142857,2
"230","Awaiting Construction",0.5,7651,42681600,NA,NA,2019-10-14,2021-02-19,2027-01-09,2027-07-09,2019-10-14,"Wind Onshore","Completed","Connection",TRUE,42681600,70.5714285714286,TRUE,2150,307.142857142857,TRUE,15638400,25.8571428571429,2
"231","Awaiting Construction",0.3,7664,14083200,NA,NA,2019-09-25,2020-03-06,2024-08-12,2025-02-20,2019-09-25,"Wind Onshore","Completed","Connection",TRUE,14083200,23.2857142857143,FALSE,1620,231.428571428571,TRUE,16588800,27.4285714285714,2
"232","Awaiting Construction",0.3,7680,23932800,NA,NA,2019-09-12,2020-06-15,2021-07-23,2022-02-07,2019-09-12,"Wind Onshore","Completed","Connection",TRUE,23932800,39.5714285714286,TRUE,403,57.5714285714286,TRUE,17193600,28.4285714285714,2
"233","Awaiting Construction",0.3,7719,40953600,NA,NA,2020-03-13,2021-06-30,2027-05-01,2027-07-01,2020-03-13,"Wind Onshore","Completed","Connection",TRUE,40953600,67.7142857142857,TRUE,2131,304.428571428571,TRUE,5270400,8.71428571428572,2
"234","Awaiting Construction",0.3,7768,27907200,NA,NA,2019-12-11,2020-10-29,2029-10-09,2031-04-04,2019-12-11,"Wind Onshore","Completed","Connection",TRUE,27907200,46.1428571428571,TRUE,3267,466.714285714286,TRUE,46828800,77.4285714285714,2
"235","Awaiting Construction",0.3,7777,29030400,NA,NA,2020-02-14,2021-01-15,2025-09-02,2026-10-04,2020-02-14,"Wind Onshore","Completed","Connection",TRUE,29030400,48,FALSE,1691,241.571428571429,TRUE,34300800,56.7142857142857,2
"236","Awaiting Construction",0.3,7779,32054400,NA,NA,2020-02-14,2021-02-19,2027-06-16,2028-04-04,2020-02-14,"Wind Onshore","Completed","Connection",TRUE,32054400,53,TRUE,2308,329.714285714286,TRUE,25315200,41.8571428571429,2
"237","Awaiting Construction",0.3,7805,23587200,NA,NA,2020-01-24,2020-10-23,2026-09-21,2028-01-10,2020-01-24,"Wind Onshore","Completed","Connection",TRUE,23587200,39,TRUE,2159,308.428571428571,TRUE,41126400,68,2
"238","Awaiting Construction",0.2,7809,38188800,NA,NA,2020-01-20,2021-04-06,2025-07-12,2026-09-20,2020-01-20,"Wind Onshore","Completed","Connection",TRUE,38188800,63.1428571428571,TRUE,1558,222.571428571429,TRUE,37584000,62.1428571428571,2
"239","Awaiting Construction",0.3,7833,22723200,NA,NA,2019-12-20,2020-09-08,2024-08-06,2025-07-07,2019-12-20,"Wind Onshore","Completed","Connection",TRUE,22723200,37.5714285714286,TRUE,1428,204,TRUE,28944000,47.8571428571429,2
"240","Awaiting Construction",0.3,7920,83980800,NA,NA,2020-03-20,2022-11-17,2026-09-23,2028-08-10,2020-03-20,"Wind Onshore","Completed","Connection",TRUE,83980800,138.857142857143,TRUE,1406,200.857142857143,TRUE,59356800,98.1428571428572,2
"241","Awaiting Construction",0.3,7931,67737600,NA,NA,2020-05-06,2022-06-29,2022-09-03,2023-03-21,2020-05-06,"Wind Onshore","Completed","Connection",TRUE,67737600,112,TRUE,66,9.42857142857143,TRUE,17193600,28.4285714285714,2
"242","Awaiting Construction",0.3,7935,84672000,NA,NA,2020-03-12,2022-11-17,2026-02-11,2026-10-17,2020-03-12,"Wind Onshore","Completed","Connection",TRUE,84672000,140,TRUE,1182,168.857142857143,TRUE,21427200,35.4285714285714,2
"243","Awaiting Construction",0.3,7964,30153600,NA,NA,2020-03-19,2021-03-03,2025-01-29,2026-06-26,2020-03-19,"Wind Onshore","Completed","Connection",TRUE,30153600,49.8571428571429,TRUE,1428,204,TRUE,44323200,73.2857142857143,2
"244","Awaiting Construction",0.3,8042,50025600,NA,NA,2020-08-27,2022-03-29,2024-10-31,2025-11-25,2020-08-27,"Wind Onshore","Completed","Connection",TRUE,50025600,82.7142857142857,TRUE,947,135.285714285714,TRUE,33696000,55.7142857142857,2
"245","Awaiting Construction",0.2,8077,5356800,NA,NA,2020-08-07,2020-10-08,2026-09-06,2027-05-12,2020-08-07,"Wind Onshore","Completed","Connection",TRUE,5356800,8.85714285714286,TRUE,2159,308.428571428571,TRUE,21427200,35.4285714285714,2
"246","Awaiting Construction",0.3,8083,42076800,NA,NA,2020-08-06,2021-12-06,2022-10-05,2022-12-06,2020-08-06,"Wind Onshore","Completed","Connection",TRUE,42076800,69.5714285714286,TRUE,303,43.2857142857143,TRUE,5356800,8.85714285714286,2
"247","Awaiting Construction",14,8106,44064000,NA,NA,2020-07-23,2021-12-15,2026-05-21,2026-08-30,2020-07-23,"Wind Onshore","Completed","Connection",TRUE,44064000,72.8571428571429,TRUE,1618,231.142857142857,TRUE,8726400,14.4285714285714,2
"248","Awaiting Construction",0.3,8135,56851200,NA,NA,2020-06-17,2022-04-06,2022-12-02,2023-02-01,2020-06-17,"Wind Onshore","Completed","Connection",TRUE,56851200,94,TRUE,240,34.2857142857143,TRUE,5270400,8.71428571428572,2
"249","Awaiting Construction",NA,8200,21254400,NA,NA,2020-11-02,2021-07-06,2023-03-28,2023-09-25,2020-11-02,"Wind Onshore","Completed","Connection",TRUE,21254400,35.1428571428571,FALSE,630,90,TRUE,15638400,25.8571428571429,2
"250","Awaiting Construction",0.25,8231,47779200,NA,NA,2020-10-20,2022-04-26,2026-03-02,2026-08-30,2020-10-20,"Wind Onshore","Completed","Connection",TRUE,47779200,79,TRUE,1406,200.857142857143,TRUE,15638400,25.8571428571429,2
"251","Awaiting Construction",0.25,8232,18403200,NA,NA,2020-10-16,2021-05-17,2023-12-13,2024-12-26,2020-10-16,"Wind Onshore","Completed","Connection",TRUE,18403200,30.4285714285714,TRUE,940,134.285714285714,TRUE,32745600,54.1428571428571,2
"252","Awaiting Construction",0.25,8236,5702400,NA,NA,2020-10-12,2020-12-17,2022-02-04,2023-01-12,2020-10-12,"Wind Onshore","Completed","Connection",TRUE,5702400,9.42857142857143,TRUE,414,59.1428571428571,TRUE,29548800,48.8571428571429,2
"253","Awaiting Construction",0.25,8237,28598400,NA,NA,2020-10-05,2021-09-01,2025-09-06,2026-04-21,2020-10-05,"Wind Onshore","Completed","Connection",TRUE,28598400,47.2857142857143,TRUE,1466,209.428571428571,TRUE,19612800,32.4285714285714,2
"254","Awaiting Construction",0.25,8258,106790400,NA,NA,2020-12-21,2024-05-10,2028-09-21,2029-09-21,2020-12-21,"Wind Onshore","Completed","Connection",TRUE,106790400,176.571428571429,TRUE,1595,227.857142857143,TRUE,31536000,52.1428571428571,2
"255","Awaiting Construction",0.25,8266,42249600,NA,NA,2020-12-22,2022-04-25,2022-06-30,2022-10-09,2020-12-22,"Wind Onshore","Completed","Connection",TRUE,42249600,69.8571428571429,TRUE,66,9.42857142857143,TRUE,8726400,14.4285714285714,2
"256","Awaiting Construction",0.25,8273,30067200,NA,NA,2020-12-24,2021-12-07,2022-10-06,2024-03-02,2020-12-24,"Wind Onshore","Completed","Connection",TRUE,30067200,49.7142857142857,TRUE,303,43.2857142857143,TRUE,44323200,73.2857142857143,2
"257","Awaiting Construction",0.25,8279,106790400,NA,NA,2020-12-21,2024-05-10,2026-12-13,2027-06-12,2020-12-21,"Wind Onshore","Completed","Connection",TRUE,106790400,176.571428571429,TRUE,947,135.285714285714,TRUE,15638400,25.8571428571429,2
"258","Awaiting Construction",0.4,8422,27216000,NA,NA,2021-01-20,2021-12-01,2022-02-05,2023-01-03,2021-01-20,"Wind Onshore","Completed","Connection",TRUE,27216000,45,TRUE,66,9.42857142857143,TRUE,28684800,47.4285714285714,2
"259","Awaiting Construction",0.15,8431,15292800,NA,NA,2021-01-26,2021-07-22,2023-06-09,2024-07-03,2021-01-26,"Wind Onshore","Completed","Connection",TRUE,15292800,25.2857142857143,FALSE,687,98.1428571428571,TRUE,33696000,55.7142857142857,2
"260","Awaiting Construction",NA,8867,44409600,NA,NA,2021-02-09,2022-07-08,2026-09-27,2027-10-11,2021-02-09,"Wind Onshore","Completed","Connection",TRUE,44409600,73.4285714285714,FALSE,1542,220.285714285714,TRUE,32745600,54.1428571428571,2
"261","Awaiting Construction",0.25,8868,100915200,NA,NA,2021-02-19,2024-05-02,2026-11-28,2027-11-28,2021-02-19,"Wind Onshore","Completed","Connection",TRUE,100915200,166.857142857143,FALSE,940,134.285714285714,TRUE,31536000,52.1428571428571,2
"262","Awaiting Construction",0.25,8869,26179200,NA,NA,2021-02-17,2021-12-17,2023-01-19,2023-07-19,2021-02-17,"Wind Onshore","Completed","Connection",TRUE,26179200,43.2857142857143,TRUE,398,56.8571428571429,TRUE,15638400,25.8571428571429,2
"263","Awaiting Construction",NA,8872,106531200,NA,NA,2021-02-09,2024-06-26,2027-09-21,2028-11-29,2021-02-09,"Wind Onshore","Completed","Connection",TRUE,106531200,176.142857142857,TRUE,1182,168.857142857143,TRUE,37584000,62.1428571428571,2
"264","Awaiting Construction",0.25,8873,16675200,NA,NA,2021-02-19,2021-08-31,2023-09-22,2024-02-15,2021-02-19,"Wind Onshore","Completed","Connection",TRUE,16675200,27.5714285714286,FALSE,752,107.428571428571,TRUE,12614400,20.8571428571429,2
"265","Awaiting Construction",0.25,8874,16761600,NA,NA,2021-02-18,2021-08-31,2025-11-27,2026-12-04,2021-02-18,"Wind Onshore","Completed","Connection",TRUE,16761600,27.7142857142857,TRUE,1549,221.285714285714,TRUE,32140800,53.1428571428571,2
"266","Awaiting Construction",0.25,8875,17193600,NA,NA,2021-03-08,2021-09-23,2022-07-23,2023-12-06,2021-03-08,"Wind Onshore","Completed","Connection",TRUE,17193600,28.4285714285714,TRUE,303,43.2857142857143,TRUE,43286400,71.5714285714286,2
"267","Awaiting Construction",NA,8876,53740800,NA,NA,2021-02-09,2022-10-24,2025-09-27,2026-10-04,2021-02-09,"Wind Onshore","Completed","Connection",TRUE,53740800,88.8571428571429,TRUE,1069,152.714285714286,TRUE,32140800,53.1428571428571,2
"268","Awaiting Construction",NA,8877,31622400,NA,NA,2021-02-22,2022-02-23,2026-10-11,2028-11-04,2021-02-22,"Wind Onshore","Completed","Connection",TRUE,31622400,52.2857142857143,TRUE,1691,241.571428571429,TRUE,65232000,107.857142857143,2
"269","Awaiting Construction",0.25,9595,43545600,NA,NA,2020-06-08,2021-10-25,2021-10-26,2021-06-06,2020-06-08,"Wind Onshore","Completed","Connection",TRUE,43545600,72,TRUE,1,0.142857142857143,TRUE,-12268800,-20.2857142857143,2
"270","Awaiting Construction",0.15,9599,41644800,NA,NA,2021-08-24,2022-12-19,2027-05-25,2028-04-23,2021-08-24,"Wind Onshore","Completed","Connection",TRUE,41644800,68.8571428571429,FALSE,1618,231.142857142857,TRUE,28857600,47.7142857142857,2
"271","Awaiting Construction",0.25,9675,18921600,NA,NA,2021-08-17,2022-03-24,2023-10-13,2024-01-12,2021-08-17,"Wind Onshore","Completed","Connection",TRUE,18921600,31.2857142857143,TRUE,568,81.1428571428571,TRUE,7862400,13,2
"272","Awaiting Construction",0.25,9713,5875200,NA,NA,2021-08-18,2021-10-25,2024-11-25,2026-09-15,2021-08-18,"Wind Onshore","Completed","Connection",TRUE,5875200,9.71428571428572,TRUE,1127,161,TRUE,56937600,94.1428571428572,2
"273","Awaiting Construction",0.15,10591,10972800,NA,NA,2021-11-30,2022-04-06,2026-02-10,2027-03-19,2021-11-30,"Wind Onshore","Completed","Connection",TRUE,10972800,18.1428571428571,TRUE,1406,200.857142857143,TRUE,34732800,57.4285714285714,2
"274","Awaiting Construction",0.25,11506,19008000,NA,NA,2021-10-19,2022-05-27,2027-08-04,2028-02-12,2021-10-19,"Wind Onshore","Completed","Connection",TRUE,19008000,31.4285714285714,TRUE,1895,270.714285714286,TRUE,16588800,27.4285714285714,2
"275","Awaiting Construction",NA,13665,15033600,NA,NA,2023-01-17,2023-07-10,2023-08-19,2024-08-18,2023-01-17,"Wind Onshore","Completed","Connection",TRUE,15033600,24.8571428571429,TRUE,40,5.71428571428571,TRUE,31536000,52.1428571428571,2
"276","Awaiting Construction",NA,13667,31622400,NA,NA,2023-01-25,2024-01-26,2027-12-02,2028-10-02,2023-01-25,"Wind Onshore","Completed","Connection",TRUE,31622400,52.2857142857143,FALSE,1406,200.857142857143,TRUE,26352000,43.5714285714286,2
"277","Awaiting Construction",0.85,13668,26784000,NA,NA,2023-01-25,2023-12-01,2026-02-26,2027-03-12,2023-01-25,"Wind Onshore","Completed","Connection",TRUE,26784000,44.2857142857143,TRUE,818,116.857142857143,TRUE,32745600,54.1428571428571,2
"278","Awaiting Construction",0.66,13994,26179200,NA,NA,2023-02-01,2023-12-01,2030-03-27,2031-07-16,2023-02-01,"Wind Onshore","Completed","Connection",TRUE,26179200,43.2857142857143,TRUE,2308,329.714285714286,TRUE,41126400,68,2
"279","Awaiting Construction",0.25,13995,35942400,NA,NA,2023-02-07,2024-03-29,2026-11-01,2027-10-10,2023-02-07,"Wind Onshore","Completed","Connection",TRUE,35942400,59.4285714285714,FALSE,947,135.285714285714,TRUE,29635200,49,2
"280","Awaiting Construction",0.66,14112,32054400,NA,NA,2023-02-21,2024-02-27,2025-04-16,2026-05-23,2023-02-21,"Wind Onshore","Completed","Connection",TRUE,32054400,53,TRUE,414,59.1428571428571,TRUE,34732800,57.4285714285714,2
"281","Awaiting Construction",0.85,14114,38361600,NA,NA,2023-03-07,2024-05-24,2025-06-26,2026-06-09,2023-03-07,"Wind Onshore","Completed","Connection",TRUE,38361600,63.4285714285714,TRUE,398,56.8571428571429,TRUE,30067200,49.7142857142857,2
"282","Awaiting Construction",0.25,14115,17971200,NA,NA,2023-03-09,2023-10-03,2024-05-30,2025-06-13,2023-03-09,"Wind Onshore","Completed","Connection",TRUE,17971200,29.7142857142857,TRUE,240,34.2857142857143,TRUE,32745600,54.1428571428571,2
"283","Awaiting Construction",NA,14126,36806400,NA,NA,2023-04-04,2024-06-03,2025-10-29,2026-01-03,2023-04-04,"Solar Photovoltaics","Completed","Connection",TRUE,36806400,60.8571428571429,TRUE,513,73.2857142857143,TRUE,5702400,9.42857142857143,2
"284","Awaiting Construction",2,14132,18403200,NA,NA,2023-05-09,2023-12-08,2025-12-29,2026-02-28,2023-05-09,"Wind Onshore","Completed","Connection",TRUE,18403200,30.4285714285714,FALSE,752,107.428571428571,TRUE,5270400,8.71428571428572,2
"285","Awaiting Construction",0.15,15229,5356800,NA,NA,2023-10-19,2023-12-20,2025-04-19,2025-08-16,2023-10-19,"Solar Photovoltaics","Completed","Connection",TRUE,5356800,8.85714285714286,TRUE,486,69.4285714285714,TRUE,10281600,17,2
"286","Awaiting Construction",NA,15281,9763200,NA,NA,2023-10-19,2024-02-09,2029-04-18,2031-02-06,2023-10-19,"Wind Onshore","Completed","Connection",TRUE,9763200,16.1428571428571,TRUE,1895,270.714285714286,TRUE,56937600,94.1428571428572,2
"287","Awaiting Construction",NA,16293,16934400,NA,NA,2024-03-26,2024-10-08,2027-03-06,2027-11-25,2024-03-26,"Solar Photovoltaics","Completed","Connection",TRUE,16934400,28,TRUE,879,125.571428571429,TRUE,22809600,37.7142857142857,2
"288","Awaiting Construction",2,16451,9849600,NA,NA,2024-04-22,2024-08-14,2025-09-19,2026-04-19,2024-04-22,"Solar Photovoltaics","Completed","Connection",TRUE,9849600,16.2857142857143,TRUE,401,57.2857142857143,TRUE,18316800,30.2857142857143,2
"289","Awaiting Construction",2.5,16454,10022400,NA,NA,2024-04-22,2024-08-16,2025-09-07,2025-11-07,2024-04-22,"Solar Photovoltaics","Completed","Connection",TRUE,10022400,16.5714285714286,TRUE,387,55.2857142857143,TRUE,5270400,8.71428571428572,2
"290","Awaiting Construction",0.3,16620,16848000,NA,NA,2024-05-28,2024-12-09,2027-05-07,2027-07-12,2024-05-28,"Solar Photovoltaics","Completed","Connection",TRUE,16848000,27.8571428571429,TRUE,879,125.571428571429,TRUE,5702400,9.42857142857143,2
"291","Awaiting Construction",NA,16629,19526400,NA,NA,2024-05-28,2025-01-09,2027-05-12,2028-08-30,2024-05-28,"Wind Onshore","Completed","Connection",TRUE,19526400,32.2857142857143,TRUE,853,121.857142857143,TRUE,41126400,68,2
"292","Awaiting Construction",NA,16715,5443200,NA,NA,2024-06-12,2024-08-14,2026-10-02,2027-06-23,2024-06-12,"Solar Photovoltaics","Completed","Connection",TRUE,5443200,9,TRUE,779,111.285714285714,TRUE,22809600,37.7142857142857,2
"293","Awaiting Construction",NA,16716,5443200,NA,NA,2024-06-12,2024-08-14,2025-12-30,2026-05-10,2024-06-12,"Solar Photovoltaics","Completed","Connection",TRUE,5443200,9,TRUE,503,71.8571428571428,TRUE,11318400,18.7142857142857,2
"294","Awaiting Construction",NA,17468,2678400,NA,NA,2024-09-30,2024-10-31,2025-12-25,2026-07-25,2024-09-30,"Solar Photovoltaics","Completed","Connection",TRUE,2678400,4.42857142857143,TRUE,420,60,TRUE,18316800,30.2857142857143,2
"295","Under Construction",27,4650,35942400,1127,NA,2011-09-26,2012-11-15,2015-12-17,2016-11-10,2011-09-26,"Wind Onshore","Completed","Construction",TRUE,35942400,59.4285714285714,TRUE,1127,161,TRUE,28425600,47,2
"296","Appeal Lodged",0.3,7672,NA,NA,NA,2019-09-16,2021-04-25,2025-09-29,2027-05-09,2019-09-16,"Wind Onshore","Completed","Planning",TRUE,50716800,83.8571428571429,FALSE,1618,231.142857142857,TRUE,50716800,83.8571428571429,2
"297","Application Submitted",0.2,8166,NA,NA,NA,2020-12-21,2021-04-22,2025-03-20,2026-03-03,2020-12-21,"Wind Onshore","Completed","Planning",FALSE,10540800,17.4285714285714,TRUE,1428,204,TRUE,30067200,49.7142857142857,2
"298","Application Submitted",0.25,8194,NA,NA,NA,2020-11-16,2024-06-30,2025-08-02,2026-08-02,2020-11-16,"Wind Onshore","Completed","Planning",TRUE,114220800,188.857142857143,TRUE,398,56.8571428571429,TRUE,31536000,52.1428571428571,2
"299","Application Submitted",NA,8224,NA,NA,NA,2020-10-01,2025-04-02,2025-06-07,2026-07-14,2020-10-01,"Wind Onshore","Completed","Planning",TRUE,142041600,234.857142857143,TRUE,66,9.42857142857143,TRUE,34732800,57.4285714285714,2
"300","Application Submitted",NA,8262,NA,NA,NA,2020-12-22,2022-06-25,2028-10-19,2029-09-18,2020-12-22,"Wind Onshore","Completed","Planning",FALSE,47520000,78.5714285714286,TRUE,2308,329.714285714286,TRUE,28857600,47.7142857142857,2
"301","Application Submitted",0.25,8276,NA,NA,NA,2020-12-22,2023-09-26,2024-05-22,2024-11-19,2020-12-22,"Wind Onshore","Completed","Planning",TRUE,87091200,144,TRUE,239,34.1428571428571,TRUE,15638400,25.8571428571429,2
"302","Application Submitted",NA,8277,NA,NA,NA,2020-12-30,2024-06-11,2031-09-09,2032-06-09,2020-12-30,"Wind Onshore","Completed","Planning",TRUE,108777600,179.857142857143,FALSE,2646,378,TRUE,23673600,39.1428571428571,2
"303","Application Submitted",3.75,8870,NA,NA,NA,2021-03-03,2021-09-14,2023-06-22,2023-10-14,2021-03-03,"Solar Photovoltaics","Completed","Planning",FALSE,16848000,27.8571428571429,TRUE,646,92.2857142857143,TRUE,9849600,16.2857142857143,2
"304","Application Submitted",NA,8871,NA,NA,NA,2021-02-26,2023-10-26,2025-11-16,2027-05-12,2021-02-26,"Wind Onshore","Completed","Planning",TRUE,83980800,138.857142857143,TRUE,752,107.428571428571,TRUE,46828800,77.4285714285714,2
"305","Application Submitted",NA,9676,NA,NA,NA,2021-06-02,2022-08-02,2027-02-16,2028-03-19,2021-06-02,"Wind Onshore","Completed","Planning",TRUE,36806400,60.8571428571429,TRUE,1659,237,TRUE,34300800,56.7142857142857,2
"306","Application Submitted",NA,10590,NA,NA,NA,2021-11-25,2022-05-12,2023-01-28,2023-03-28,2021-11-25,"Solar Photovoltaics","Completed","Planning",TRUE,14515200,24,FALSE,261,37.2857142857143,TRUE,5097600,8.42857142857143,2
"307","Application Submitted",58.8,11718,NA,NA,NA,2021-12-22,2022-06-14,2023-08-02,2024-09-24,2021-12-22,"Wind Onshore","Completed","Planning",TRUE,15033600,24.8571428571429,TRUE,414,59.1428571428571,TRUE,36201600,59.8571428571429,2
"308","Application Submitted",28.8,13669,NA,NA,NA,2023-01-05,2023-11-04,2026-01-21,2027-01-28,2023-01-05,"Wind Onshore","Completed","Planning",FALSE,26179200,43.2857142857143,TRUE,809,115.571428571429,TRUE,32140800,53.1428571428571,2
"309","Application Submitted",0.225,13991,NA,NA,NA,2023-01-13,2025-04-25,2027-09-02,2028-08-09,2023-01-13,"Wind Onshore","Completed","Planning",TRUE,71971200,119,TRUE,860,122.857142857143,TRUE,29548800,48.8571428571429,2
"310","Application Submitted",0.6,13996,NA,NA,NA,2023-02-13,2024-01-25,2028-08-10,2029-01-03,2023-02-13,"Wind Onshore","Completed","Planning",TRUE,29894400,49.4285714285714,TRUE,1659,237,TRUE,12614400,20.8571428571429,2
"311","Application Submitted",50.4,14113,NA,NA,NA,2023-02-22,2024-06-28,2028-05-26,2028-07-26,2023-02-22,"Wind Onshore","Completed","Planning",FALSE,42508800,70.2857142857143,TRUE,1428,204,TRUE,5270400,8.71428571428572,2
"312","Application Submitted",1,14123,NA,NA,NA,2023-03-27,2023-11-25,2024-10-03,2025-06-19,2023-03-27,"Solar Photovoltaics","Completed","Planning",TRUE,20995200,34.7142857142857,TRUE,313,44.7142857142857,TRUE,22377600,37,2
"313","Application Submitted",NA,14127,NA,NA,NA,2023-04-05,2028-07-18,2030-08-30,2031-09-13,2023-04-05,"Wind Onshore","Completed","Planning",TRUE,166838400,275.857142857143,TRUE,773,110.428571428571,TRUE,32745600,54.1428571428571,2
"314","Application Submitted",NA,14128,NA,NA,NA,2023-04-05,2026-02-22,2033-05-22,2034-04-21,2023-04-05,"Wind Onshore","Completed","Planning",FALSE,91065600,150.571428571429,TRUE,2646,378,TRUE,28857600,47.7142857142857,2
"315","Application Submitted",NA,14129,NA,NA,NA,2023-04-05,2024-07-22,2028-06-19,2029-07-13,2023-04-05,"Wind Onshore","Completed","Planning",TRUE,40953600,67.7142857142857,TRUE,1428,204,TRUE,33609600,55.5714285714286,2
"316","Application Submitted",0.85,14130,NA,NA,NA,2023-04-05,2025-03-22,2031-07-17,2034-01-15,2023-04-05,"Wind Onshore","Completed","Planning",TRUE,61948800,102.428571428571,TRUE,2308,329.714285714286,TRUE,78883200,130.428571428571,2
"317","Application Submitted",NA,15152,NA,NA,NA,2023-06-19,2023-09-16,2025-06-07,2027-07-02,2023-06-19,"Wind Onshore","Completed","Planning",TRUE,7689600,12.7142857142857,TRUE,630,90,TRUE,65232000,107.857142857143,2
"318","Application Submitted",NA,15346,NA,NA,NA,2023-10-26,2024-12-15,2025-01-24,2025-11-24,2023-10-26,"Wind Onshore","Completed","Planning",TRUE,35942400,59.4285714285714,TRUE,40,5.71428571428571,TRUE,26265600,43.4285714285714,2
"319","Application Submitted",0.5,15355,NA,NA,NA,2023-11-07,2024-06-13,2028-06-18,2030-01-26,2023-11-07,"Wind Onshore","Completed","Planning",FALSE,18921600,31.2857142857143,FALSE,1466,209.428571428571,TRUE,50716800,83.8571428571429,2
"320","Application Submitted",0.225,15365,NA,NA,NA,2023-11-07,2024-04-01,2026-12-13,2028-10-30,2023-11-07,"Wind Onshore","Completed","Planning",TRUE,12614400,20.8571428571429,TRUE,986,140.857142857143,TRUE,59356800,98.1428571428572,2
"321","Application Submitted",0.25,15378,NA,NA,NA,2023-11-09,2027-08-28,2033-10-26,2034-07-15,2023-11-09,"Wind Onshore","Completed","Planning",TRUE,119923200,198.285714285714,FALSE,2251,321.571428571429,TRUE,22636800,37.4285714285714,2
"322","Application Submitted",0.6,15438,NA,NA,NA,2023-11-06,2026-07-13,2027-03-09,2029-01-24,2023-11-06,"Wind Onshore","Completed","Planning",TRUE,84672000,140,FALSE,239,34.1428571428571,TRUE,59356800,98.1428571428572,2
"323","Application Submitted",NA,16333,NA,NA,NA,2024-02-09,2027-04-12,2033-02-10,2033-04-13,2024-02-09,"Wind Onshore","Completed","Planning",TRUE,100051200,165.428571428571,TRUE,2131,304.428571428571,TRUE,5356800,8.85714285714286,2
"324","Application Submitted",NA,16336,NA,NA,NA,2024-03-19,2025-09-20,2028-01-21,2028-09-25,2024-03-19,"Wind Onshore","Completed","Planning",TRUE,47520000,78.5714285714286,TRUE,853,121.857142857143,TRUE,21427200,35.4285714285714,2
"325","Application Submitted",29.9,16337,NA,NA,NA,2024-03-06,2024-07-04,2026-04-11,2026-06-04,2024-03-06,"Solar Photovoltaics","Completed","Planning",TRUE,10368000,17.1428571428571,TRUE,646,92.2857142857143,TRUE,4665600,7.71428571428571,2
"326","Application Submitted",NA,16349,NA,NA,NA,2024-04-08,2028-07-15,2037-07-09,2040-01-08,2024-04-08,"Wind Onshore","Completed","Planning",FALSE,134697600,222.714285714286,FALSE,3281,468.714285714286,TRUE,78883200,130.428571428571,2
"327","Application Submitted",NA,16353,NA,NA,NA,2024-04-08,2028-12-04,2029-08-01,2030-07-10,2024-04-08,"Wind Onshore","Completed","Planning",TRUE,146966400,243,TRUE,240,34.2857142857143,TRUE,29635200,49,2
"328","Application Submitted",2,16445,NA,NA,NA,2024-04-10,2024-12-15,2026-07-06,2026-11-02,2024-04-10,"Solar Photovoltaics","Completed","Planning",TRUE,21513600,35.5714285714286,TRUE,568,81.1428571428571,TRUE,10281600,17,2
"329","Application Submitted",NA,16450,NA,NA,NA,2024-04-25,2028-10-12,2029-06-09,2030-06-23,2024-04-25,"Wind Onshore","Completed","Planning",TRUE,140918400,233,FALSE,240,34.2857142857143,TRUE,32745600,54.1428571428571,2
"330","Application Submitted",0.25,16453,NA,NA,NA,2024-04-17,2025-08-17,2030-01-26,2030-07-12,2024-04-17,"Wind Onshore","Completed","Planning",TRUE,42076800,69.5714285714286,TRUE,1623,231.857142857143,TRUE,14428800,23.8571428571429,2
"331","Application Submitted",0.25,16476,NA,NA,NA,2024-04-30,2028-12-22,2030-09-23,2031-07-25,2024-04-30,"Wind Onshore","Completed","Planning",TRUE,146620800,242.428571428571,FALSE,640,91.4285714285714,TRUE,26352000,43.5714285714286,2
"332","Application Submitted",NA,16547,NA,NA,NA,2024-05-06,2024-10-01,2026-12-19,2029-01-12,2024-05-06,"Wind Onshore","Completed","Planning",TRUE,12787200,21.1428571428571,TRUE,809,115.571428571429,TRUE,65232000,107.857142857143,2
"333","Application Submitted",0.25,16568,NA,NA,NA,2024-05-17,2025-09-16,2027-10-08,2028-12-16,2024-05-17,"Wind Onshore","Completed","Planning",FALSE,42076800,69.5714285714286,TRUE,752,107.428571428571,TRUE,37584000,62.1428571428571,2
"334","Application Submitted",0.25,16578,NA,NA,NA,2024-05-17,2029-08-30,2034-06-05,2034-06-05,2024-05-17,"Wind Onshore","Completed","Planning",TRUE,166838400,275.857142857143,TRUE,1740,248.571428571429,TRUE,0,0,2
"335","Application Submitted",2,16583,NA,NA,NA,2024-04-16,2024-06-18,2025-07-10,2025-09-21,2024-04-16,"Solar Photovoltaics","Completed","Planning",TRUE,5443200,9,FALSE,387,55.2857142857143,TRUE,6307200,10.4285714285714,2
"336","Application Submitted",NA,16646,NA,NA,NA,2024-05-29,2025-11-20,2026-12-23,2028-04-14,2024-05-29,"Wind Onshore","Completed","Planning",TRUE,46656000,77.1428571428572,TRUE,398,56.8571428571429,TRUE,41299200,68.2857142857143,2
"337","Application Submitted",NA,17112,NA,NA,NA,2024-07-26,2025-09-25,2027-08-13,2028-12-26,2024-07-26,"Wind Onshore","Completed","Planning",TRUE,36806400,60.8571428571429,FALSE,687,98.1428571428571,TRUE,43286400,71.5714285714286,2
"338","Application Submitted",0.7,17115,NA,NA,NA,2024-08-07,2025-02-13,2026-09-04,2026-11-16,2024-08-07,"Solar Photovoltaics","Completed","Planning",FALSE,16416000,27.1428571428571,TRUE,568,81.1428571428571,TRUE,6307200,10.4285714285714,2
"339","Application Submitted",NA,17116,NA,NA,NA,2024-08-13,2028-12-23,2031-07-28,2032-03-11,2024-08-13,"Wind Onshore","Completed","Planning",TRUE,137635200,227.571428571429,TRUE,947,135.285714285714,TRUE,19612800,32.4285714285714,2
"340","Application Submitted",0.5,17126,NA,NA,NA,2024-08-14,2025-01-18,2029-01-23,2029-12-23,2024-08-14,"Wind Onshore","Completed","Planning",TRUE,13564800,22.4285714285714,TRUE,1466,209.428571428571,TRUE,28857600,47.7142857142857,2
"341","Application Submitted",NA,17164,NA,NA,NA,2024-08-15,2025-03-16,2025-11-11,2027-08-01,2024-08-15,"Wind Onshore","Completed","Planning",TRUE,18403200,30.4285714285714,TRUE,240,34.2857142857143,TRUE,54259200,89.7142857142857,2
"342","Application Submitted",0.6,17257,NA,NA,NA,2024-08-30,2025-07-06,2025-09-10,2026-04-25,2024-08-30,"Wind Onshore","Completed","Planning",TRUE,26784000,44.2857142857143,FALSE,66,9.42857142857143,TRUE,19612800,32.4285714285714,2
"343","Application Submitted",20,17260,NA,NA,NA,2024-09-04,2025-05-11,2027-06-29,2027-11-26,2024-09-04,"Solar Photovoltaics","Completed","Planning",TRUE,21513600,35.5714285714286,FALSE,779,111.285714285714,TRUE,12960000,21.4285714285714,2
"344","Application Submitted",NA,17312,NA,NA,NA,2024-09-28,2025-01-22,2027-06-20,2027-08-13,2024-09-28,"Solar Photovoltaics","Completed","Planning",TRUE,10022400,16.5714285714286,FALSE,879,125.571428571429,TRUE,4665600,7.71428571428571,2
"345","Application Submitted",0.6,17318,NA,NA,NA,2024-08-28,2025-03-10,2026-12-10,2027-12-24,2024-08-28,"Wind Onshore","Completed","Planning",TRUE,16761600,27.7142857142857,TRUE,640,91.4285714285714,TRUE,32745600,54.1428571428571,2
"346","Application Submitted",NA,17417,NA,NA,NA,2024-09-23,2025-03-11,2026-08-21,2027-01-18,2024-09-23,"Solar Photovoltaics","Completed","Planning",TRUE,14601600,24.1428571428571,TRUE,528,75.4285714285714,TRUE,12960000,21.4285714285714,2
"347","Application Submitted",NA,17425,NA,NA,NA,2024-09-20,2025-09-21,2025-11-26,2026-03-07,2024-09-20,"Wind Onshore","Completed","Planning",TRUE,31622400,52.2857142857143,TRUE,66,9.42857142857143,TRUE,8726400,14.4285714285714,2
"348","Application Submitted",NA,17426,NA,NA,NA,2024-09-23,2027-12-05,2032-11-24,2033-06-04,2024-09-23,"Wind Onshore","Completed","Planning",TRUE,100915200,166.857142857143,TRUE,1816,259.428571428571,TRUE,16588800,27.4285714285714,2
"349","Application Submitted",NA,17461,NA,NA,NA,2024-09-30,2025-07-20,2025-08-29,2026-08-29,2024-09-30,"Wind Onshore","Completed","Planning",TRUE,25315200,41.8571428571429,TRUE,40,5.71428571428571,TRUE,31536000,52.1428571428571,2
"350","Application Submitted",16.8,17627,NA,NA,NA,2024-11-01,2027-12-25,2031-11-22,2033-02-10,2024-11-01,"Wind Onshore","Completed","Planning",TRUE,99273600,164.142857142857,TRUE,1428,204,TRUE,38534400,63.7142857142857,2
"351","Application Submitted",NA,17665,NA,NA,NA,2024-10-23,2025-10-07,2026-06-03,2028-02-01,2024-10-23,"Wind Onshore","Completed","Planning",TRUE,30153600,49.8571428571429,TRUE,239,34.1428571428571,TRUE,52531200,86.8571428571429,2
"352","Application Submitted",NA,17711,NA,NA,NA,2024-11-07,2025-07-27,2026-08-18,2027-05-09,2024-11-07,"Solar Photovoltaics","Completed","Planning",TRUE,22636800,37.4285714285714,TRUE,387,55.2857142857143,TRUE,22809600,37.7142857142857,2
"353","Application Submitted",0.3,17825,NA,NA,NA,2024-11-12,2029-07-05,2032-01-23,2033-02-15,2024-11-12,"Wind Onshore","Completed","Planning",TRUE,146534400,242.285714285714,TRUE,932,133.142857142857,TRUE,33609600,55.5714285714286,2
"354","Application Submitted",3.5,18060,NA,NA,NA,2024-12-18,2025-02-13,2026-09-04,2027-01-01,2024-12-18,"Solar Photovoltaics","Completed","Planning",TRUE,4924800,8.14285714285714,TRUE,568,81.1428571428571,TRUE,10281600,17,2
"355","Application Submitted",0.25,18104,NA,NA,NA,2024-12-19,2025-04-12,2026-12-06,2027-01-03,2024-12-19,"Solar Photovoltaics","Completed","Planning",TRUE,9849600,16.2857142857143,TRUE,603,86.1428571428571,TRUE,2419200,4,2
"356","Application Submitted",NA,18147,NA,NA,NA,2025-01-15,2026-05-19,2030-05-24,2032-03-13,2025-01-15,"Wind Onshore","Completed","Planning",FALSE,42249600,69.8571428571429,TRUE,1466,209.428571428571,TRUE,56937600,94.1428571428572,2
"357","Application Submitted",4.99,18205,NA,NA,NA,2025-01-13,2026-03-15,2028-01-27,2028-03-21,2025-01-13,"Solar Photovoltaics","Completed","Planning",FALSE,36806400,60.8571428571429,TRUE,683,97.5714285714286,TRUE,4665600,7.71428571428571,2
"358","Application Submitted",NA,18379,NA,NA,NA,2025-01-09,2026-12-06,2031-05-12,2032-07-31,2025-01-09,"Wind Onshore","Completed","Planning",FALSE,60134400,99.4285714285714,FALSE,1618,231.142857142857,TRUE,38534400,63.7142857142857,2
"359","Application Submitted",NA,18380,NA,NA,NA,2025-01-08,2025-09-29,2028-12-24,2029-11-06,2025-01-08,"Wind Onshore","Completed","Planning",TRUE,22809600,37.7142857142857,TRUE,1182,168.857142857143,TRUE,27388800,45.2857142857143,2
"360","Application Submitted",0.25,18394,NA,NA,NA,2025-01-29,2028-09-29,2034-07-31,2035-11-25,2025-01-29,"Wind Onshore","Completed","Planning",TRUE,115689600,191.285714285714,TRUE,2131,304.428571428571,TRUE,41644800,68.8571428571429,2
"361","Application Submitted",NA,18442,NA,NA,NA,2025-02-13,2025-08-22,2027-09-13,2027-11-13,2025-02-13,"Wind Onshore","Completed","Planning",TRUE,16416000,27.1428571428571,TRUE,752,107.428571428571,TRUE,5270400,8.71428571428572,2
"362","Application Submitted",NA,18443,NA,NA,NA,2025-02-17,2028-07-07,2034-05-27,2035-05-04,2025-02-17,"Wind Onshore","Completed","Planning",TRUE,106790400,176.571428571429,TRUE,2150,307.142857142857,TRUE,29548800,48.8571428571429,2
"363","Application Submitted",NA,18444,NA,NA,NA,2025-02-17,2026-10-11,2035-10-05,2037-08-22,2025-02-17,"Wind Onshore","Completed","Planning",TRUE,51926400,85.8571428571429,TRUE,3281,468.714285714286,TRUE,59356800,98.1428571428572,2
"364","Application Submitted",0.2,18445,NA,NA,NA,2025-02-26,2025-09-04,2027-06-06,2028-06-29,2025-02-26,"Wind Onshore","Completed","Planning",FALSE,16416000,27.1428571428571,TRUE,640,91.4285714285714,TRUE,33609600,55.5714285714286,2
"365","Awaiting Construction",9.2,4149,353980800,NA,NA,2007-10-02,2018-12-20,2021-09-01,2021-12-01,2007-10-02,"Wind Onshore","Completed","Connection",TRUE,353980800,585.285714285714,TRUE,986,140.857142857143,TRUE,7862400,13,3
"366","Awaiting Construction",24,4301,143510400,NA,NA,2013-11-27,2018-06-15,2022-11-24,2023-12-18,2013-11-27,"Wind Onshore","Completed","Connection",TRUE,143510400,237.285714285714,TRUE,1623,231.857142857143,TRUE,33609600,55.5714285714286,3
"367","Awaiting Construction",13.8,4564,224121600,NA,NA,2010-12-09,2018-01-15,2020-04-12,2021-05-06,2010-12-09,"Wind Onshore","Completed","Connection",TRUE,224121600,370.571428571429,TRUE,818,116.857142857143,TRUE,33609600,55.5714285714286,3
"368","Awaiting Construction",12.6,4565,220147200,NA,NA,2012-08-23,2019-08-15,2021-11-01,2022-12-25,2012-08-23,"Wind Onshore","Completed","Connection",TRUE,220147200,364,TRUE,809,115.571428571429,TRUE,36201600,59.8571428571429,3
"369","Awaiting Construction",25,6024,72057600,NA,NA,2016-02-10,2018-05-24,2019-06-29,2019-07-27,2016-02-10,"Solar Photovoltaics","Completed","Connection",TRUE,72057600,119.142857142857,TRUE,401,57.2857142857143,TRUE,2419200,4,3
"370","Awaiting Construction",20.7,6096,81043200,NA,NA,2015-10-13,2018-05-08,2023-07-16,2024-06-23,2015-10-13,"Wind Onshore","Completed","Connection",TRUE,81043200,134,TRUE,1895,270.714285714286,TRUE,29635200,49,3
"371","Awaiting Construction",36.3,6143,152236800,NA,NA,2016-05-19,2021-03-16,2025-12-20,2026-06-19,2016-05-19,"Wind Onshore","Completed","Connection",TRUE,152236800,251.714285714286,TRUE,1740,248.571428571429,TRUE,15638400,25.8571428571429,3
"372","Awaiting Construction",2.3,6154,68774400,NA,NA,2016-06-15,2018-08-20,2022-11-09,2022-06-20,2016-06-15,"Wind Onshore","Completed","Connection",TRUE,68774400,113.714285714286,FALSE,1542,220.285714285714,TRUE,-12268800,-20.2857142857143,3
"373","Awaiting Construction",29.7,6562,89164800,NA,NA,2018-02-19,2020-12-17,2026-02-18,2027-02-18,2018-02-19,"Wind Onshore","Completed","Connection",TRUE,89164800,147.428571428571,TRUE,1889,269.857142857143,TRUE,31536000,52.1428571428571,3
"374","Awaiting Construction",4.8,6646,26092800,NA,NA,2018-06-19,2019-04-17,2023-03-15,2023-06-24,2018-06-19,"Wind Onshore","Completed","Connection",TRUE,26092800,43.1428571428571,FALSE,1428,204,TRUE,8726400,14.4285714285714,3
"375","Awaiting Construction",0.3,6774,16416000,NA,NA,2018-12-10,2019-06-18,2022-04-22,2023-10-16,2018-12-10,"Wind Onshore","Completed","Connection",TRUE,16416000,27.1428571428571,FALSE,1039,148.428571428571,TRUE,46828800,77.4285714285714,3
"376","Awaiting Construction",23.1,6790,27043200,NA,NA,2018-10-04,2019-08-13,2025-07-11,2027-02-18,2018-10-04,"Wind Onshore","Completed","Connection",TRUE,27043200,44.7142857142857,TRUE,2159,308.428571428571,TRUE,50716800,83.8571428571429,3
"377","Awaiting Construction",0.3,6801,51926400,NA,NA,2017-08-04,2019-03-28,2021-12-08,2023-03-29,2017-08-04,"Wind Onshore","Completed","Connection",TRUE,51926400,85.8571428571429,TRUE,986,140.857142857143,TRUE,41126400,68,3
"378","Awaiting Construction",0.2,6812,12614400,NA,NA,2018-12-07,2019-05-02,2021-01-31,2021-11-01,2018-12-07,"Wind Onshore","Completed","Connection",TRUE,12614400,20.8571428571429,TRUE,640,91.4285714285714,TRUE,23673600,39.1428571428571,3
"379","Awaiting Construction",1.5,7213,35510400,NA,NA,2018-11-21,2020-01-06,2024-12-26,2026-03-17,2018-11-21,"Wind Onshore","Completed","Connection",TRUE,35510400,58.7142857142857,TRUE,1816,259.428571428571,TRUE,38534400,63.7142857142857,3
"380","Awaiting Construction",0.2,7271,18748800,NA,NA,2019-02-07,2019-09-12,2021-04-02,2022-04-26,2019-02-07,"Wind Onshore","Completed","Connection",TRUE,18748800,31,TRUE,568,81.1428571428571,TRUE,33609600,55.5714285714286,3
"381","Awaiting Construction",0.3,7289,36288000,NA,NA,2019-01-25,2020-03-20,2026-08-15,2027-01-29,2019-01-25,"Wind Onshore","Completed","Connection",TRUE,36288000,60,TRUE,2339,334.142857142857,TRUE,14428800,23.8571428571429,3
"382","Awaiting Construction",0.5,7329,53827200,NA,NA,2018-12-18,2020-09-01,2025-02-07,2026-01-21,2018-12-18,"Wind Onshore","Completed","Connection",TRUE,53827200,89,TRUE,1620,231.428571428571,TRUE,30067200,49.7142857142857,3
"383","Awaiting Construction",0.3,7346,141264000,NA,NA,2019-05-30,2023-11-20,2025-12-11,2026-07-26,2019-05-30,"Wind Onshore","Completed","Connection",TRUE,141264000,233.571428571429,TRUE,752,107.428571428571,TRUE,19612800,32.4285714285714,3
"384","Awaiting Construction",0.5,7354,28684800,NA,NA,2019-05-24,2020-04-20,2024-04-25,2025-02-12,2019-05-24,"Wind Onshore","Completed","Connection",TRUE,28684800,47.4285714285714,TRUE,1466,209.428571428571,TRUE,25315200,41.8571428571429,3
"385","Awaiting Construction",0.7,7367,81734400,NA,NA,2019-05-20,2021-12-21,2024-07-18,2025-09-17,2019-05-20,"Wind Onshore","Completed","Connection",TRUE,81734400,135.142857142857,FALSE,940,134.285714285714,TRUE,36806400,60.8571428571429,3
"386","Awaiting Construction",0.3,7387,43200000,NA,NA,2019-05-13,2020-09-24,2029-09-18,2030-06-19,2019-05-13,"Wind Onshore","Completed","Connection",TRUE,43200000,71.4285714285714,TRUE,3281,468.714285714286,TRUE,23673600,39.1428571428571,3
"387","Awaiting Construction",0.2,7392,62467200,NA,NA,2019-05-01,2021-04-23,2023-11-11,2025-03-07,2019-05-01,"Wind Onshore","Completed","Connection",TRUE,62467200,103.285714285714,TRUE,932,133.142857142857,TRUE,41644800,68.8571428571429,3
"388","Awaiting Construction",46.8,7406,17625600,NA,NA,2018-09-25,2019-04-17,2021-12-28,2023-03-19,2018-09-25,"Wind Onshore","Completed","Connection",TRUE,17625600,29.1428571428571,FALSE,986,140.857142857143,TRUE,38534400,63.7142857142857,3
"389","Awaiting Construction",0.3,7407,4233600,NA,NA,2019-03-12,2019-04-30,2019-12-26,2022-01-19,2019-03-12,"Wind Onshore","Completed","Connection",TRUE,4233600,7,FALSE,240,34.2857142857143,TRUE,65232000,107.857142857143,3
"390","Awaiting Construction",0.3,7436,50112000,NA,NA,2019-03-07,2020-10-07,2020-11-16,2021-11-30,2019-03-07,"Wind Onshore","Completed","Connection",TRUE,50112000,82.8571428571429,FALSE,40,5.71428571428571,TRUE,32745600,54.1428571428571,3
"391","Awaiting Construction",0.3,7445,9072000,NA,NA,2019-03-11,2019-06-24,2028-06-17,2029-06-17,2019-03-11,"Wind Onshore","Completed","Connection",TRUE,9072000,15,TRUE,3281,468.714285714286,TRUE,31536000,52.1428571428571,3
"392","Awaiting Construction",28,7489,99273600,NA,NA,2019-08-13,2022-10-05,2025-05-09,2025-10-23,2019-08-13,"Wind Onshore","Completed","Connection",TRUE,99273600,164.142857142857,FALSE,947,135.285714285714,TRUE,14428800,23.8571428571429,3
"393","Awaiting Construction",0.3,7494,66528000,NA,NA,2019-08-21,2021-09-29,2024-09-02,2026-01-28,2019-08-21,"Wind Onshore","Completed","Connection",TRUE,66528000,110,TRUE,1069,152.714285714286,TRUE,44323200,73.2857142857143,3
"394","Awaiting Construction",0.3,7504,49593600,NA,NA,2019-08-15,2021-03-11,2025-08-20,2027-01-03,2019-08-15,"Wind Onshore","Completed","Connection",TRUE,49593600,82,TRUE,1623,231.857142857143,TRUE,43286400,71.5714285714286,3
"395","Awaiting Construction",20,7543,83548800,NA,NA,2019-07-09,2022-03-02,2023-12-02,2025-02-01,2019-07-09,"Wind Onshore","Completed","Connection",TRUE,83548800,138.142857142857,TRUE,640,91.4285714285714,TRUE,36892800,61,3
"396","Awaiting Construction",0.3,7545,50284800,NA,NA,2019-07-02,2021-02-03,2022-08-25,2023-09-18,2019-07-02,"Wind Onshore","Completed","Connection",TRUE,50284800,83.1428571428572,TRUE,568,81.1428571428571,TRUE,33609600,55.5714285714286,3
"397","Awaiting Construction",0.2,7560,9590400,NA,NA,2019-06-14,2019-10-03,2024-03-13,2025-08-08,2019-06-14,"Wind Onshore","Completed","Connection",TRUE,9590400,15.8571428571429,FALSE,1623,231.857142857143,TRUE,44323200,73.2857142857143,3
"398","Awaiting Construction",0.2,7563,146966400,NA,NA,2019-06-07,2024-02-02,2028-06-15,2030-07-10,2019-06-07,"Wind Onshore","Completed","Connection",TRUE,146966400,243,TRUE,1595,227.857142857143,TRUE,65232000,107.857142857143,3
"399","Awaiting Construction",0.3,7603,30153600,NA,NA,2019-11-27,2020-11-10,2023-03-20,2024-05-28,2019-11-27,"Wind Onshore","Completed","Connection",TRUE,30153600,49.8571428571429,TRUE,860,122.857142857143,TRUE,37584000,62.1428571428571,3
"400","Awaiting Construction",0.3,7612,26956800,NA,NA,2019-11-25,2020-10-02,2025-03-10,2025-12-28,2019-11-25,"Wind Onshore","Completed","Connection",TRUE,26956800,44.5714285714286,TRUE,1620,231.428571428571,TRUE,25315200,41.8571428571429,3
"401","Awaiting Construction",0.3,7615,36806400,NA,NA,2019-11-20,2021-01-19,2027-06-16,2029-03-05,2019-11-20,"Wind Onshore","Completed","Connection",TRUE,36806400,60.8571428571429,TRUE,2339,334.142857142857,TRUE,54259200,89.7142857142857,3
"402","Awaiting Construction",0.3,7627,30326400,NA,NA,2019-11-12,2020-10-28,2025-01-17,2026-05-08,2019-11-12,"Wind Onshore","Completed","Connection",TRUE,30326400,50.1428571428571,TRUE,1542,220.285714285714,TRUE,41126400,68,3
"403","Awaiting Construction",0.3,7633,29721600,NA,NA,2019-11-06,2020-10-15,2024-01-10,2026-07-11,2019-11-06,"Wind Onshore","Completed","Connection",TRUE,29721600,49.1428571428571,TRUE,1182,168.857142857143,TRUE,78883200,130.428571428571,3
"404","Awaiting Construction",0.25,7635,46828800,NA,NA,2019-10-29,2021-04-23,2030-04-17,2030-09-10,2019-10-29,"Wind Onshore","Completed","Connection",TRUE,46828800,77.4285714285714,TRUE,3281,468.714285714286,TRUE,12614400,20.8571428571429,3
"405","Awaiting Construction",0.5,7639,29894400,NA,NA,2019-11-01,2020-10-12,2023-11-13,2024-05-14,2019-11-01,"Wind Onshore","Completed","Connection",TRUE,29894400,49.4285714285714,TRUE,1127,161,TRUE,15811200,26.1428571428571,3
"406","Awaiting Construction",10,7640,27302400,NA,NA,2019-10-14,2020-08-25,2023-01-02,2024-01-16,2019-10-14,"Wind Onshore","Completed","Connection",TRUE,27302400,45.1428571428571,TRUE,860,122.857142857143,TRUE,32745600,54.1428571428571,3
"407","Awaiting Construction",0.2,7643,33782400,NA,NA,2019-10-18,2020-11-12,2022-03-07,2024-05-10,2019-10-18,"Wind Onshore","Completed","Connection",TRUE,33782400,55.8571428571429,TRUE,480,68.5714285714286,TRUE,68688000,113.571428571429,3
"408","Awaiting Construction",0.3,7644,16416000,NA,NA,2019-10-23,2020-04-30,2029-05-10,2030-04-18,2019-10-23,"Wind Onshore","Completed","Connection",TRUE,16416000,27.1428571428571,FALSE,3297,471,TRUE,29635200,49,3
"409","Awaiting Construction",0.3,7645,16416000,NA,NA,2019-10-23,2020-04-30,2023-01-12,2024-03-06,2019-10-23,"Wind Onshore","Completed","Connection",TRUE,16416000,27.1428571428571,TRUE,987,141,TRUE,36201600,59.8571428571429,3
"410","Awaiting Construction",0.3,7647,11491200,NA,NA,2019-10-15,2020-02-25,2024-05-16,2025-09-06,2019-10-15,"Wind Onshore","Completed","Connection",TRUE,11491200,19,TRUE,1542,220.285714285714,TRUE,41299200,68.2857142857143,3
"411","Awaiting Construction",1,7650,22896000,NA,NA,2019-10-17,2020-07-08,2023-02-03,2024-04-24,2019-10-17,"Wind Onshore","Completed","Connection",TRUE,22896000,37.8571428571429,FALSE,940,134.285714285714,TRUE,38534400,63.7142857142857,3
"412","Awaiting Construction",0.5,7651,42681600,NA,NA,2019-10-14,2021-02-19,2022-11-21,2023-08-10,2019-10-14,"Wind Onshore","Completed","Connection",TRUE,42681600,70.5714285714286,TRUE,640,91.4285714285714,TRUE,22636800,37.4285714285714,3
"413","Awaiting Construction",0.3,7664,14083200,NA,NA,2019-09-25,2020-03-06,2024-09-20,2025-08-03,2019-09-25,"Wind Onshore","Completed","Connection",TRUE,14083200,23.2857142857143,TRUE,1659,237,TRUE,27388800,45.2857142857143,3
"414","Awaiting Construction",0.3,7680,23932800,NA,NA,2019-09-12,2020-06-15,2029-06-09,2029-08-09,2019-09-12,"Wind Onshore","Completed","Connection",TRUE,23932800,39.5714285714286,TRUE,3281,468.714285714286,TRUE,5270400,8.71428571428572,3
"415","Awaiting Construction",0.3,7719,40953600,NA,NA,2020-03-13,2021-06-30,2023-08-12,2023-08-12,2020-03-13,"Wind Onshore","Completed","Connection",TRUE,40953600,67.7142857142857,TRUE,773,110.428571428571,TRUE,0,0,3
"416","Awaiting Construction",0.3,7768,27907200,NA,NA,2019-12-11,2020-10-29,2021-06-25,2022-04-25,2019-12-11,"Wind Onshore","Completed","Connection",TRUE,27907200,46.1428571428571,TRUE,239,34.1428571428571,TRUE,26265600,43.4285714285714,3
"417","Awaiting Construction",0.3,7777,29030400,NA,NA,2020-02-14,2021-01-15,2027-04-29,2028-09-23,2020-02-14,"Wind Onshore","Completed","Connection",TRUE,29030400,48,TRUE,2295,327.857142857143,TRUE,44323200,73.2857142857143,3
"418","Awaiting Construction",0.3,7779,32054400,NA,NA,2020-02-14,2021-02-19,2030-02-13,2030-12-27,2020-02-14,"Wind Onshore","Completed","Connection",TRUE,32054400,53,TRUE,3281,468.714285714286,TRUE,27388800,45.2857142857143,3
"419","Awaiting Construction",0.3,7805,23587200,NA,NA,2020-01-24,2020-10-23,2022-12-05,2024-02-13,2020-01-24,"Wind Onshore","Completed","Connection",TRUE,23587200,39,TRUE,773,110.428571428571,TRUE,37584000,62.1428571428571,3
"420","Awaiting Construction",0.2,7809,38188800,NA,NA,2020-01-20,2021-04-06,2021-05-16,2022-03-05,2020-01-20,"Wind Onshore","Completed","Connection",TRUE,38188800,63.1428571428571,TRUE,40,5.71428571428571,TRUE,25315200,41.8571428571429,3
"421","Awaiting Construction",0.3,7833,22723200,NA,NA,2019-12-20,2020-09-08,2025-03-25,2025-10-03,2019-12-20,"Wind Onshore","Completed","Connection",TRUE,22723200,37.5714285714286,TRUE,1659,237,TRUE,16588800,27.4285714285714,3
"422","Awaiting Construction",0.3,7920,83980800,NA,NA,2020-03-20,2022-11-17,2026-09-23,2027-08-18,2020-03-20,"Wind Onshore","Completed","Connection",TRUE,83980800,138.857142857143,TRUE,1406,200.857142857143,TRUE,28425600,47,3
"423","Awaiting Construction",0.3,7931,67737600,NA,NA,2020-05-06,2022-06-29,2027-02-14,2028-03-10,2020-05-06,"Wind Onshore","Completed","Connection",TRUE,67737600,112,FALSE,1691,241.571428571429,TRUE,33696000,55.7142857142857,3
"424","Awaiting Construction",0.3,7935,84672000,NA,NA,2020-03-12,2022-11-17,2022-11-18,2023-12-13,2020-03-12,"Wind Onshore","Completed","Connection",TRUE,84672000,140,TRUE,1,0.142857142857143,TRUE,33696000,55.7142857142857,3
"425","Awaiting Construction",0.3,7964,30153600,NA,NA,2020-03-19,2021-03-03,2023-05-30,2024-09-23,2020-03-19,"Wind Onshore","Completed","Connection",TRUE,30153600,49.8571428571429,FALSE,818,116.857142857143,TRUE,41644800,68.8571428571429,3
"426","Awaiting Construction",0.3,8042,50025600,NA,NA,2020-08-27,2022-03-29,2026-06-25,2028-08-28,2020-08-27,"Wind Onshore","Completed","Connection",TRUE,50025600,82.7142857142857,TRUE,1549,221.285714285714,TRUE,68688000,113.571428571429,3
"427","Awaiting Construction",0.2,8077,5356800,NA,NA,2020-08-07,2020-10-08,2021-08-07,2022-08-21,2020-08-07,"Wind Onshore","Completed","Connection",TRUE,5356800,8.85714285714286,TRUE,303,43.2857142857143,TRUE,32745600,54.1428571428571,3
"428","Awaiting Construction",0.3,8083,42076800,NA,NA,2020-08-06,2021-12-06,2026-03-13,2027-03-13,2020-08-06,"Wind Onshore","Completed","Connection",TRUE,42076800,69.5714285714286,TRUE,1558,222.571428571429,TRUE,31536000,52.1428571428571,3
"429","Awaiting Construction",14,8106,44064000,NA,NA,2020-07-23,2021-12-15,2021-12-16,2022-07-03,2020-07-23,"Wind Onshore","Completed","Connection",TRUE,44064000,72.8571428571429,TRUE,1,0.142857142857143,TRUE,17193600,28.4285714285714,3
"430","Awaiting Construction",0.3,8135,56851200,NA,NA,2020-06-17,2022-04-06,2026-07-12,2027-09-12,2020-06-17,"Wind Onshore","Completed","Connection",TRUE,56851200,94,TRUE,1558,222.571428571429,TRUE,36892800,61,3
"431","Awaiting Construction",NA,8200,21254400,NA,NA,2020-11-02,2021-07-06,2026-09-13,2026-09-13,2020-11-02,"Wind Onshore","Completed","Connection",TRUE,21254400,35.1428571428571,FALSE,1895,270.714285714286,TRUE,0,0,3
"432","Awaiting Construction",0.25,8231,47779200,NA,NA,2020-10-20,2022-04-26,2024-11-28,2025-11-06,2020-10-20,"Wind Onshore","Completed","Connection",TRUE,47779200,79,TRUE,947,135.285714285714,TRUE,29635200,49,3
"433","Awaiting Construction",0.25,8232,18403200,NA,NA,2020-10-16,2021-05-17,2025-04-14,2026-09-09,2020-10-16,"Wind Onshore","Completed","Connection",TRUE,18403200,30.4285714285714,FALSE,1428,204,TRUE,44323200,73.2857142857143,3
"434","Awaiting Construction",0.25,8236,5702400,NA,NA,2020-10-12,2020-12-17,2023-01-08,2024-07-03,2020-10-12,"Wind Onshore","Completed","Connection",TRUE,5702400,9.42857142857143,TRUE,752,107.428571428571,TRUE,46828800,77.4285714285714,3
"435","Awaiting Construction",0.25,8237,28598400,NA,NA,2020-10-05,2021-09-01,2026-08-22,2027-10-31,2020-10-05,"Wind Onshore","Completed","Connection",TRUE,28598400,47.2857142857143,FALSE,1816,259.428571428571,TRUE,37584000,62.1428571428571,3
"436","Awaiting Construction",0.25,8258,106790400,NA,NA,2020-12-21,2024-05-10,2029-04-30,2030-02-28,2020-12-21,"Wind Onshore","Completed","Connection",TRUE,106790400,176.571428571429,TRUE,1816,259.428571428571,TRUE,26265600,43.4285714285714,3
"437","Awaiting Construction",0.25,8266,42249600,NA,NA,2020-12-22,2022-04-25,2027-07-03,2028-11-27,2020-12-22,"Wind Onshore","Completed","Connection",TRUE,42249600,69.8571428571429,TRUE,1895,270.714285714286,TRUE,44323200,73.2857142857143,3
"438","Awaiting Construction",0.25,8273,30067200,NA,NA,2020-12-24,2021-12-07,2027-02-14,2027-09-29,2020-12-24,"Wind Onshore","Completed","Connection",TRUE,30067200,49.7142857142857,FALSE,1895,270.714285714286,TRUE,19612800,32.4285714285714,3
"439","Awaiting Construction",0.25,8279,106790400,NA,NA,2020-12-21,2024-05-10,2029-07-12,2030-07-26,2020-12-21,"Wind Onshore","Completed","Connection",TRUE,106790400,176.571428571429,TRUE,1889,269.857142857143,TRUE,32745600,54.1428571428571,3
"440","Awaiting Construction",0.4,8422,27216000,NA,NA,2021-01-20,2021-12-01,2023-12-07,2025-04-02,2021-01-20,"Wind Onshore","Completed","Connection",TRUE,27216000,45,TRUE,736,105.142857142857,TRUE,41644800,68.8571428571429,3
"441","Awaiting Construction",0.15,8431,15292800,NA,NA,2021-01-26,2021-07-22,2022-09-09,2023-08-09,2021-01-26,"Wind Onshore","Completed","Connection",TRUE,15292800,25.2857142857143,TRUE,414,59.1428571428571,TRUE,28857600,47.7142857142857,3
"442","Awaiting Construction",NA,8867,44409600,NA,NA,2021-02-09,2022-07-08,2028-11-01,2030-03-17,2021-02-09,"Wind Onshore","Completed","Connection",TRUE,44409600,73.4285714285714,TRUE,2308,329.714285714286,TRUE,43286400,71.5714285714286,3
"443","Awaiting Construction",0.25,8868,100915200,NA,NA,2021-02-19,2024-05-02,2025-03-01,2025-09-09,2021-02-19,"Wind Onshore","Completed","Connection",TRUE,100915200,166.857142857143,TRUE,303,43.2857142857143,TRUE,16588800,27.4285714285714,3
"444","Awaiting Construction",0.25,8869,26179200,NA,NA,2021-02-17,2021-12-17,2023-09-08,2024-03-18,2021-02-17,"Wind Onshore","Completed","Connection",TRUE,26179200,43.2857142857143,TRUE,630,90,TRUE,16588800,27.4285714285714,3
"445","Awaiting Construction",NA,8872,106531200,NA,NA,2021-02-09,2024-06-26,2033-06-20,2034-05-03,2021-02-09,"Wind Onshore","Completed","Connection",TRUE,106531200,176.142857142857,TRUE,3281,468.714285714286,TRUE,27388800,45.2857142857143,3
"446","Awaiting Construction",0.25,8873,16675200,NA,NA,2021-02-19,2021-08-31,2023-09-22,2024-08-30,2021-02-19,"Wind Onshore","Completed","Connection",TRUE,16675200,27.5714285714286,TRUE,752,107.428571428571,TRUE,29635200,49,3
"447","Awaiting Construction",0.25,8874,16761600,NA,NA,2021-02-18,2021-08-31,2026-02-09,2026-02-09,2021-02-18,"Wind Onshore","Completed","Connection",TRUE,16761600,27.7142857142857,TRUE,1623,231.857142857143,TRUE,0,0,3
"448","Awaiting Construction",0.25,8875,17193600,NA,NA,2021-03-08,2021-09-23,2023-06-25,2024-04-13,2021-03-08,"Wind Onshore","Completed","Connection",TRUE,17193600,28.4285714285714,FALSE,640,91.4285714285714,TRUE,25315200,41.8571428571429,3
"449","Awaiting Construction",NA,8876,53740800,NA,NA,2021-02-09,2022-10-24,2026-09-21,2027-09-21,2021-02-09,"Wind Onshore","Completed","Connection",TRUE,53740800,88.8571428571429,TRUE,1428,204,TRUE,31536000,52.1428571428571,3
"450","Awaiting Construction",NA,8877,31622400,NA,NA,2021-02-22,2022-02-23,2023-04-13,2025-01-31,2021-02-22,"Wind Onshore","Completed","Connection",TRUE,31622400,52.2857142857143,FALSE,414,59.1428571428571,TRUE,56937600,94.1428571428572,3
"451","Awaiting Construction",0.25,9595,43545600,NA,NA,2020-06-08,2021-10-25,2026-10-15,2027-03-31,2020-06-08,"Wind Onshore","Completed","Connection",TRUE,43545600,72,TRUE,1816,259.428571428571,TRUE,14428800,23.8571428571429,3
"452","Awaiting Construction",0.15,9599,41644800,NA,NA,2021-08-24,2022-12-19,2028-11-07,2031-05-09,2021-08-24,"Wind Onshore","Completed","Connection",TRUE,41644800,68.8571428571429,TRUE,2150,307.142857142857,TRUE,78883200,130.428571428571,3
"453","Awaiting Construction",0.25,9675,18921600,NA,NA,2021-08-17,2022-03-24,2024-12-05,2026-10-23,2021-08-17,"Wind Onshore","Completed","Connection",TRUE,18921600,31.2857142857143,FALSE,987,141,TRUE,59356800,98.1428571428572,3
"454","Awaiting Construction",0.25,9713,5875200,NA,NA,2021-08-18,2021-10-25,2026-04-02,2027-03-02,2021-08-18,"Wind Onshore","Completed","Connection",TRUE,5875200,9.71428571428572,FALSE,1620,231.428571428571,TRUE,28857600,47.7142857142857,3
"455","Awaiting Construction",0.15,10591,10972800,NA,NA,2021-11-30,2022-04-06,2026-11-22,2027-04-17,2021-11-30,"Wind Onshore","Completed","Connection",TRUE,10972800,18.1428571428571,TRUE,1691,241.571428571429,TRUE,12614400,20.8571428571429,3
"456","Awaiting Construction",0.25,11506,19008000,NA,NA,2021-10-19,2022-05-27,2028-03-27,2029-02-07,2021-10-19,"Wind Onshore","Completed","Connection",TRUE,19008000,31.4285714285714,TRUE,2131,304.428571428571,TRUE,27388800,45.2857142857143,3
"457","Awaiting Construction",NA,13665,15033600,NA,NA,2023-01-17,2023-07-10,2025-07-31,2026-12-14,2023-01-17,"Wind Onshore","Completed","Connection",TRUE,15033600,24.8571428571429,TRUE,752,107.428571428571,TRUE,43286400,71.5714285714286,3
"458","Awaiting Construction",NA,13667,31622400,NA,NA,2023-01-25,2024-01-26,2024-11-24,2025-11-01,2023-01-25,"Wind Onshore","Completed","Connection",TRUE,31622400,52.2857142857143,TRUE,303,43.2857142857143,TRUE,29548800,48.8571428571429,3
"459","Awaiting Construction",0.85,13668,26784000,NA,NA,2023-01-25,2023-12-01,2030-03-14,2031-01-12,2023-01-25,"Wind Onshore","Completed","Connection",TRUE,26784000,44.2857142857143,TRUE,2295,327.857142857143,TRUE,26265600,43.4285714285714,3
"460","Awaiting Construction",0.66,13994,26179200,NA,NA,2023-02-01,2023-12-01,2030-01-29,2030-04-01,2023-02-01,"Wind Onshore","Completed","Connection",TRUE,26179200,43.2857142857143,TRUE,2251,321.571428571429,TRUE,5356800,8.85714285714286,3
"461","Awaiting Construction",0.25,13995,35942400,NA,NA,2023-02-07,2024-03-29,2025-01-26,2025-12-26,2023-02-07,"Wind Onshore","Completed","Connection",TRUE,35942400,59.4285714285714,TRUE,303,43.2857142857143,TRUE,28857600,47.7142857142857,3
"462","Awaiting Construction",0.66,14112,32054400,NA,NA,2023-02-21,2024-02-27,2024-04-07,2025-06-07,2023-02-21,"Wind Onshore","Completed","Connection",TRUE,32054400,53,TRUE,40,5.71428571428571,TRUE,36806400,60.8571428571429,3
"463","Awaiting Construction",0.85,14114,38361600,NA,NA,2023-03-07,2024-05-24,2028-10-05,2029-07-06,2023-03-07,"Wind Onshore","Completed","Connection",TRUE,38361600,63.4285714285714,TRUE,1595,227.857142857143,TRUE,23673600,39.1428571428571,3
"464","Awaiting Construction",0.25,14115,17971200,NA,NA,2023-03-09,2023-10-03,2029-12-01,2030-10-29,2023-03-09,"Wind Onshore","Completed","Connection",TRUE,17971200,29.7142857142857,TRUE,2251,321.571428571429,TRUE,28684800,47.4285714285714,3
"465","Awaiting Construction",NA,14126,36806400,NA,NA,2023-04-04,2024-06-03,2025-12-18,2026-03-07,2023-04-04,"Solar Photovoltaics","Completed","Connection",TRUE,36806400,60.8571428571429,TRUE,563,80.4285714285714,TRUE,6825600,11.2857142857143,3
"466","Awaiting Construction",2,14132,18403200,NA,NA,2023-05-09,2023-12-08,2027-01-08,2028-03-02,2023-05-09,"Wind Onshore","Completed","Connection",TRUE,18403200,30.4285714285714,TRUE,1127,161,TRUE,36201600,59.8571428571429,3
"467","Awaiting Construction",0.15,15229,5356800,NA,NA,2023-10-19,2023-12-20,2025-05-06,2025-06-29,2023-10-19,"Solar Photovoltaics","Completed","Connection",TRUE,5356800,8.85714285714286,TRUE,503,71.8571428571428,TRUE,4665600,7.71428571428571,3
"468","Awaiting Construction",NA,15281,9763200,NA,NA,2023-10-19,2024-02-09,2026-03-23,2027-11-21,2023-10-19,"Wind Onshore","Completed","Connection",TRUE,9763200,16.1428571428571,TRUE,773,110.428571428571,TRUE,52531200,86.8571428571429,3
"469","Awaiting Construction",NA,16293,16934400,NA,NA,2024-03-26,2024-10-08,2025-10-30,2026-09-15,2024-03-26,"Solar Photovoltaics","Completed","Connection",TRUE,16934400,28,FALSE,387,55.2857142857143,TRUE,27648000,45.7142857142857,3
"470","Awaiting Construction",2,16451,9849600,NA,NA,2024-04-22,2024-08-14,2025-09-19,2026-06-10,2024-04-22,"Solar Photovoltaics","Completed","Connection",TRUE,9849600,16.2857142857143,TRUE,401,57.2857142857143,TRUE,22809600,37.7142857142857,3
"471","Awaiting Construction",2.5,16454,10022400,NA,NA,2024-04-22,2024-08-16,2025-06-25,2025-10-06,2024-04-22,"Solar Photovoltaics","Completed","Connection",TRUE,10022400,16.5714285714286,TRUE,313,44.7142857142857,TRUE,8899200,14.7142857142857,3
"472","Awaiting Construction",0.3,16620,16848000,NA,NA,2024-05-28,2024-12-09,2026-08-04,2027-03-26,2024-05-28,"Solar Photovoltaics","Completed","Connection",TRUE,16848000,27.8571428571429,TRUE,603,86.1428571428571,TRUE,20217600,33.4285714285714,3
"473","Awaiting Construction",NA,16629,19526400,NA,NA,2024-05-28,2025-01-09,2026-03-07,2027-03-14,2024-05-28,"Wind Onshore","Completed","Connection",TRUE,19526400,32.2857142857143,TRUE,422,60.2857142857143,TRUE,32140800,53.1428571428571,3
"474","Awaiting Construction",NA,16715,5443200,NA,NA,2024-06-12,2024-08-14,2025-05-02,2025-07-02,2024-06-12,"Solar Photovoltaics","Completed","Connection",TRUE,5443200,9,FALSE,261,37.2857142857143,TRUE,5270400,8.71428571428572,3
"475","Awaiting Construction",NA,16716,5443200,NA,NA,2024-06-12,2024-08-14,2025-10-08,2026-03-07,2024-06-12,"Solar Photovoltaics","Completed","Connection",TRUE,5443200,9,TRUE,420,60,TRUE,12960000,21.4285714285714,3
"476","Awaiting Construction",NA,17468,2678400,NA,NA,2024-09-30,2024-10-31,2025-11-22,2025-12-20,2024-09-30,"Solar Photovoltaics","Completed","Connection",TRUE,2678400,4.42857142857143,TRUE,387,55.2857142857143,TRUE,2419200,4,3
"477","Under Construction",27,4650,35942400,1127,NA,2011-09-26,2012-11-15,2015-12-17,2017-05-01,2011-09-26,"Wind Onshore","Completed","Construction",TRUE,35942400,59.4285714285714,TRUE,1127,161,TRUE,43286400,71.5714285714286,3
"478","Appeal Lodged",0.3,7672,NA,NA,NA,2019-09-16,2020-01-21,2022-05-23,2022-09-01,2019-09-16,"Wind Onshore","Completed","Planning",TRUE,10972800,18.1428571428571,TRUE,853,121.857142857143,TRUE,8726400,14.4285714285714,3
"479","Application Submitted",0.2,8166,NA,NA,NA,2020-12-21,2021-11-28,2026-11-18,2027-06-05,2020-12-21,"Wind Onshore","Completed","Planning",TRUE,29548800,48.8571428571429,FALSE,1816,259.428571428571,TRUE,17193600,28.4285714285714,3
"480","Application Submitted",0.25,8194,NA,NA,NA,2020-11-16,2021-10-18,2023-10-24,2024-11-29,2020-11-16,"Wind Onshore","Completed","Planning",TRUE,29030400,48,FALSE,736,105.142857142857,TRUE,34732800,57.4285714285714,3
"481","Application Submitted",NA,8224,NA,NA,NA,2020-10-01,2021-05-02,2025-07-29,2026-06-29,2020-10-01,"Wind Onshore","Completed","Planning",TRUE,18403200,30.4285714285714,FALSE,1549,221.285714285714,TRUE,28944000,47.8571428571429,3
"482","Application Submitted",NA,8262,NA,NA,NA,2020-12-22,2021-04-14,2026-06-22,2027-07-17,2020-12-22,"Wind Onshore","Completed","Planning",FALSE,9763200,16.1428571428571,TRUE,1895,270.714285714286,TRUE,33696000,55.7142857142857,3
"483","Application Submitted",0.25,8276,NA,NA,NA,2020-12-22,2021-05-04,2023-05-26,2024-04-19,2020-12-22,"Wind Onshore","Completed","Planning",TRUE,11491200,19,TRUE,752,107.428571428571,TRUE,28425600,47,3
"484","Application Submitted",NA,8277,NA,NA,NA,2020-12-30,2021-06-11,2023-10-19,2025-02-08,2020-12-30,"Wind Onshore","Completed","Planning",TRUE,14083200,23.2857142857143,TRUE,860,122.857142857143,TRUE,41299200,68.2857142857143,3
"485","Application Submitted",3.75,8870,NA,NA,NA,2021-03-03,2022-12-13,2023-04-22,2024-03-07,2021-03-03,"Solar Photovoltaics","Completed","Planning",TRUE,56160000,92.8571428571429,FALSE,130,18.5714285714286,TRUE,27648000,45.7142857142857,3
"486","Application Submitted",NA,8871,NA,NA,NA,2021-02-26,2021-12-26,2026-06-03,2028-12-02,2021-02-26,"Wind Onshore","Completed","Planning",TRUE,26179200,43.2857142857143,TRUE,1620,231.428571428571,TRUE,78883200,130.428571428571,3
"487","Application Submitted",NA,9676,NA,NA,NA,2021-06-02,2022-07-23,2022-07-24,2024-06-10,2021-06-02,"Wind Onshore","Completed","Planning",TRUE,35942400,59.4285714285714,TRUE,1,0.142857142857143,TRUE,59356800,98.1428571428572,3
"488","Application Submitted",NA,10590,NA,NA,NA,2021-11-25,2023-09-06,2025-01-21,2025-02-18,2021-11-25,"Solar Photovoltaics","Completed","Planning",TRUE,56160000,92.8571428571429,TRUE,503,71.8571428571428,TRUE,2419200,4,3
"489","Application Submitted",58.8,11718,NA,NA,NA,2021-12-22,2022-12-06,2026-03-02,2027-04-25,2021-12-22,"Wind Onshore","Completed","Planning",TRUE,30153600,49.8571428571429,FALSE,1182,168.857142857143,TRUE,36201600,59.8571428571429,3
"490","Application Submitted",28.8,13669,NA,NA,NA,2023-01-05,2026-10-12,2028-11-23,2029-11-23,2023-01-05,"Wind Onshore","Completed","Planning",TRUE,118886400,196.571428571429,FALSE,773,110.428571428571,TRUE,31536000,52.1428571428571,3
"491","Application Submitted",0.225,13991,NA,NA,NA,2023-01-13,2025-06-02,2029-12-17,2032-02-20,2023-01-13,"Wind Onshore","Completed","Planning",TRUE,75254400,124.428571428571,TRUE,1659,237,TRUE,68688000,113.571428571429,3
"492","Application Submitted",0.6,13996,NA,NA,NA,2023-02-13,2025-09-06,2030-02-12,2031-04-15,2023-02-13,"Wind Onshore","Completed","Planning",TRUE,80870400,133.714285714286,TRUE,1620,231.428571428571,TRUE,36892800,61,3
"493","Application Submitted",50.4,14113,NA,NA,NA,2023-02-22,2027-07-01,2033-05-29,2035-01-06,2023-02-22,"Wind Onshore","Completed","Planning",TRUE,137376000,227.142857142857,TRUE,2159,308.428571428571,TRUE,50716800,83.8571428571429,3
"494","Application Submitted",1,14123,NA,NA,NA,2023-03-27,2023-08-15,2024-12-21,2025-08-12,2023-03-27,"Solar Photovoltaics","Completed","Planning",TRUE,12182400,20.1428571428571,FALSE,494,70.5714285714286,TRUE,20217600,33.4285714285714,3
"495","Application Submitted",NA,14127,NA,NA,NA,2023-04-05,2026-01-07,2026-09-03,2027-08-04,2023-04-05,"Wind Onshore","Completed","Planning",FALSE,87091200,144,TRUE,239,34.1428571428571,TRUE,28944000,47.8571428571429,3
"496","Application Submitted",NA,14128,NA,NA,NA,2023-04-05,2024-03-21,2026-05-03,2027-08-24,2023-04-05,"Wind Onshore","Completed","Planning",TRUE,30326400,50.1428571428571,FALSE,773,110.428571428571,TRUE,41299200,68.2857142857143,3
"497","Application Submitted",NA,14129,NA,NA,NA,2023-04-05,2026-03-30,2031-06-01,2032-05-31,2023-04-05,"Wind Onshore","Completed","Planning",TRUE,94176000,155.714285714286,TRUE,1889,269.857142857143,TRUE,31536000,52.1428571428571,3
"498","Application Submitted",0.85,14130,NA,NA,NA,2023-04-05,2024-11-26,2031-03-10,2032-04-02,2023-04-05,"Wind Onshore","Completed","Planning",TRUE,51926400,85.8571428571429,TRUE,2295,327.857142857143,TRUE,33609600,55.5714285714286,3
"499","Application Submitted",NA,15152,NA,NA,NA,2023-06-19,2027-04-05,2029-04-26,2031-10-26,2023-06-19,"Wind Onshore","Completed","Planning",TRUE,119750400,198,TRUE,752,107.428571428571,TRUE,78883200,130.428571428571,3
"500","Application Submitted",NA,15346,NA,NA,NA,2023-10-26,2024-11-04,2025-12-07,2027-03-30,2023-10-26,"Wind Onshore","Completed","Planning",TRUE,32400000,53.5714285714286,TRUE,398,56.8571428571429,TRUE,41299200,68.2857142857143,3
"501","Application Submitted",0.5,15355,NA,NA,NA,2023-11-07,2027-01-08,2033-03-08,2035-04-02,2023-11-07,"Wind Onshore","Completed","Planning",FALSE,100051200,165.428571428571,TRUE,2251,321.571428571429,TRUE,65232000,107.857142857143,3
"502","Application Submitted",0.225,15365,NA,NA,NA,2023-11-07,2029-02-21,2032-01-26,2032-03-27,2023-11-07,"Wind Onshore","Completed","Planning",TRUE,167011200,276.142857142857,FALSE,1069,152.714285714286,TRUE,5270400,8.71428571428572,3
"503","Application Submitted",0.25,15378,NA,NA,NA,2023-11-09,2025-12-18,2026-08-14,2027-02-22,2023-11-09,"Wind Onshore","Completed","Planning",TRUE,66528000,110,TRUE,239,34.1428571428571,TRUE,16588800,27.4285714285714,3
"504","Application Submitted",0.6,15438,NA,NA,NA,2023-11-06,2029-02-18,2036-05-18,2036-10-11,2023-11-06,"Wind Onshore","Completed","Planning",TRUE,166838400,275.857142857143,TRUE,2646,378,TRUE,12614400,20.8571428571429,3
"505","Application Submitted",NA,16333,NA,NA,NA,2024-02-09,2027-11-16,2030-06-20,2031-05-03,2024-02-09,"Wind Onshore","Completed","Planning",TRUE,118886400,196.571428571429,FALSE,947,135.285714285714,TRUE,27388800,45.2857142857143,3
"506","Application Submitted",NA,16336,NA,NA,NA,2024-03-19,2027-05-21,2032-02-24,2033-08-19,2024-03-19,"Wind Onshore","Completed","Planning",TRUE,100051200,165.428571428571,TRUE,1740,248.571428571429,TRUE,46828800,77.4285714285714,3
"507","Application Submitted",29.9,16337,NA,NA,NA,2024-03-06,2024-11-23,2025-08-22,2025-10-22,2024-03-06,"Solar Photovoltaics","Completed","Planning",FALSE,22636800,37.4285714285714,FALSE,272,38.8571428571429,TRUE,5270400,8.71428571428572,3
"508","Application Submitted",NA,16349,NA,NA,NA,2024-04-08,2025-08-25,2030-03-11,2031-11-09,2024-04-08,"Wind Onshore","Completed","Planning",TRUE,43545600,72,TRUE,1659,237,TRUE,52531200,86.8571428571429,3
"509","Application Submitted",NA,16353,NA,NA,NA,2024-04-08,2028-12-02,2030-01-04,2031-11-22,2024-04-08,"Wind Onshore","Completed","Planning",TRUE,146793600,242.714285714286,TRUE,398,56.8571428571429,TRUE,59356800,98.1428571428572,3
"510","Application Submitted",2,16445,NA,NA,NA,2024-04-10,2024-06-12,2025-12-27,2026-03-10,2024-04-10,"Solar Photovoltaics","Completed","Planning",TRUE,5443200,9,FALSE,563,80.4285714285714,TRUE,6307200,10.4285714285714,3
"511","Application Submitted",NA,16450,NA,NA,NA,2024-04-25,2025-03-01,2030-05-03,2031-03-28,2024-04-25,"Wind Onshore","Completed","Planning",TRUE,26784000,44.2857142857143,TRUE,1889,269.857142857143,TRUE,28425600,47,3
"512","Application Submitted",0.25,16453,NA,NA,NA,2024-04-17,2025-02-24,2027-11-08,2028-12-02,2024-04-17,"Wind Onshore","Completed","Planning",TRUE,27043200,44.7142857142857,TRUE,987,141,TRUE,33696000,55.7142857142857,3
"513","Application Submitted",0.25,16476,NA,NA,NA,2024-04-30,2026-09-25,2031-04-11,2031-09-04,2024-04-30,"Wind Onshore","Completed","Planning",TRUE,75859200,125.428571428571,FALSE,1659,237,TRUE,12614400,20.8571428571429,3
"514","Application Submitted",NA,16547,NA,NA,NA,2024-05-06,2025-01-24,2027-04-22,2027-12-05,2024-05-06,"Wind Onshore","Completed","Planning",TRUE,22723200,37.5714285714286,TRUE,818,116.857142857143,TRUE,19612800,32.4285714285714,3
"515","Application Submitted",0.25,16568,NA,NA,NA,2024-05-17,2024-12-02,2027-04-11,2027-10-09,2024-05-17,"Wind Onshore","Completed","Planning",TRUE,17193600,28.4285714285714,FALSE,860,122.857142857143,TRUE,15638400,25.8571428571429,3
"516","Application Submitted",0.25,16578,NA,NA,NA,2024-05-17,2035-08-05,2038-02-22,2038-04-25,2024-05-17,"Wind Onshore","Completed","Planning",TRUE,353980800,585.285714285714,TRUE,932,133.142857142857,TRUE,5356800,8.85714285714286,3
"517","Application Submitted",2,16583,NA,NA,NA,2024-04-16,2024-10-28,2025-07-27,2025-08-24,2024-04-16,"Solar Photovoltaics","Completed","Planning",TRUE,16848000,27.8571428571429,FALSE,272,38.8571428571429,TRUE,2419200,4,3
"518","Application Submitted",NA,16646,NA,NA,NA,2024-05-29,2027-07-03,2031-07-08,2031-02-16,2024-05-29,"Wind Onshore","Completed","Planning",TRUE,97632000,161.428571428571,FALSE,1466,209.428571428571,TRUE,-12268800,-20.2857142857143,3
"519","Application Submitted",NA,17112,NA,NA,NA,2024-07-26,2028-05-14,2034-08-26,2036-05-15,2024-07-26,"Wind Onshore","Completed","Planning",TRUE,119923200,198.285714285714,TRUE,2295,327.857142857143,TRUE,54259200,89.7142857142857,3
"520","Application Submitted",0.7,17115,NA,NA,NA,2024-08-07,2025-03-30,2026-08-25,2027-01-03,2024-08-07,"Solar Photovoltaics","Completed","Planning",TRUE,20304000,33.5714285714286,TRUE,513,73.2857142857143,TRUE,11318400,18.7142857142857,3
"521","Application Submitted",NA,17116,NA,NA,NA,2024-08-13,2025-02-19,2034-02-13,2034-08-31,2024-08-13,"Wind Onshore","Completed","Planning",TRUE,16416000,27.1428571428571,TRUE,3281,468.714285714286,TRUE,17193600,28.4285714285714,3
"522","Application Submitted",0.5,17126,NA,NA,NA,2024-08-14,2026-01-10,2028-03-29,2029-02-26,2024-08-14,"Wind Onshore","Completed","Planning",TRUE,44409600,73.4285714285714,TRUE,809,115.571428571429,TRUE,28857600,47.7142857142857,3
"523","Application Submitted",NA,17164,NA,NA,NA,2024-08-15,2027-04-14,2029-11-09,2031-09-27,2024-08-15,"Wind Onshore","Completed","Planning",TRUE,83980800,138.857142857143,TRUE,940,134.285714285714,TRUE,59356800,98.1428571428572,3
"524","Application Submitted",0.6,17257,NA,NA,NA,2024-08-30,2024-11-04,2029-06-22,2030-06-05,2024-08-30,"Wind Onshore","Completed","Planning",FALSE,5702400,9.42857142857143,TRUE,1691,241.571428571429,TRUE,30067200,49.7142857142857,3
"525","Application Submitted",20,17260,NA,NA,NA,2024-09-04,2026-06-16,2027-08-10,2027-11-18,2024-09-04,"Solar Photovoltaics","Completed","Planning",FALSE,56160000,92.8571428571429,TRUE,420,60,TRUE,8640000,14.2857142857143,3
"526","Application Submitted",NA,17312,NA,NA,NA,2024-09-28,2025-01-20,2025-10-08,2026-01-16,2024-09-28,"Solar Photovoltaics","Completed","Planning",TRUE,9849600,16.2857142857143,TRUE,261,37.2857142857143,TRUE,8640000,14.2857142857143,3
"527","Application Submitted",0.6,17318,NA,NA,NA,2024-08-28,2029-12-11,2038-12-21,2040-01-04,2024-08-28,"Wind Onshore","Completed","Planning",TRUE,166838400,275.857142857143,TRUE,3297,471,TRUE,32745600,54.1428571428571,3
"528","Application Submitted",NA,17417,NA,NA,NA,2024-09-23,2025-03-10,2026-07-09,2027-02-28,2024-09-23,"Solar Photovoltaics","Completed","Planning",FALSE,14515200,24,TRUE,486,69.4285714285714,TRUE,20217600,33.4285714285714,3
"529","Application Submitted",NA,17425,NA,NA,NA,2024-09-20,2026-01-07,2029-02-21,2029-04-23,2024-09-20,"Wind Onshore","Completed","Planning",TRUE,40953600,67.7142857142857,TRUE,1141,163,TRUE,5270400,8.71428571428572,3
"530","Application Submitted",NA,17426,NA,NA,NA,2024-09-23,2025-04-24,2028-02-27,2028-12-16,2024-09-23,"Wind Onshore","Completed","Planning",FALSE,18403200,30.4285714285714,TRUE,1039,148.428571428571,TRUE,25315200,41.8571428571429,3
"531","Application Submitted",NA,17461,NA,NA,NA,2024-09-30,2029-03-23,2031-05-05,2032-04-01,2024-09-30,"Wind Onshore","Completed","Planning",FALSE,141264000,233.571428571429,TRUE,773,110.428571428571,TRUE,28684800,47.4285714285714,3
"532","Application Submitted",16.8,17627,NA,NA,NA,2024-11-01,2025-10-13,2027-05-04,2028-07-23,2024-11-01,"Wind Onshore","Completed","Planning",TRUE,29894400,49.4285714285714,TRUE,568,81.1428571428571,TRUE,38534400,63.7142857142857,3
"533","Application Submitted",NA,17665,NA,NA,NA,2024-10-23,2026-09-08,2031-01-20,2031-12-29,2024-10-23,"Wind Onshore","Completed","Planning",TRUE,59184000,97.8571428571429,FALSE,1595,227.857142857143,TRUE,29635200,49,3
"534","Application Submitted",NA,17711,NA,NA,NA,2024-11-07,2025-08-29,2027-06-06,2027-09-14,2024-11-07,"Solar Photovoltaics","Completed","Planning",TRUE,25488000,42.1428571428571,TRUE,646,92.2857142857143,TRUE,8640000,14.2857142857143,3
"535","Application Submitted",0.3,17825,NA,NA,NA,2024-11-12,2025-05-02,2027-06-14,2029-02-11,2024-11-12,"Wind Onshore","Completed","Planning",TRUE,14774400,24.4285714285714,TRUE,773,110.428571428571,TRUE,52531200,86.8571428571429,3
"536","Application Submitted",3.5,18060,NA,NA,NA,2024-12-18,2025-01-18,2026-06-15,2026-09-23,2024-12-18,"Solar Photovoltaics","Completed","Planning",TRUE,2678400,4.42857142857143,FALSE,513,73.2857142857143,TRUE,8640000,14.2857142857143,3
"537","Application Submitted",0.25,18104,NA,NA,NA,2024-12-19,2025-06-23,2026-03-11,2026-05-16,2024-12-19,"Solar Photovoltaics","Completed","Planning",TRUE,16070400,26.5714285714286,FALSE,261,37.2857142857143,TRUE,5702400,9.42857142857143,3
"538","Application Submitted",NA,18147,NA,NA,NA,2025-01-15,2025-12-27,2030-06-02,2031-05-03,2025-01-15,"Wind Onshore","Completed","Planning",TRUE,29894400,49.4285714285714,TRUE,1618,231.142857142857,TRUE,28944000,47.8571428571429,3
"539","Application Submitted",4.99,18205,NA,NA,NA,2025-01-13,2027-04-27,2028-03-05,2028-05-11,2025-01-13,"Solar Photovoltaics","Completed","Planning",TRUE,72057600,119.142857142857,TRUE,313,44.7142857142857,TRUE,5788800,9.57142857142857,3
"540","Application Submitted",NA,18379,NA,NA,NA,2025-01-09,2025-08-01,2034-08-11,2035-02-10,2025-01-09,"Wind Onshore","Completed","Planning",TRUE,17625600,29.1428571428571,FALSE,3297,471,TRUE,15811200,26.1428571428571,3
"541","Application Submitted",NA,18380,NA,NA,NA,2025-01-08,2025-09-06,2025-10-16,2026-09-16,2025-01-08,"Wind Onshore","Completed","Planning",FALSE,20822400,34.4285714285714,TRUE,40,5.71428571428571,TRUE,28944000,47.8571428571429,3
"542","Application Submitted",0.25,18394,NA,NA,NA,2025-01-29,2025-10-14,2025-12-19,2027-11-06,2025-01-29,"Wind Onshore","Completed","Planning",TRUE,22291200,36.8571428571429,TRUE,66,9.42857142857143,TRUE,59356800,98.1428571428572,3
"543","Application Submitted",NA,18442,NA,NA,NA,2025-02-13,2027-05-27,2031-08-16,2032-09-09,2025-02-13,"Wind Onshore","Completed","Planning",TRUE,71971200,119,TRUE,1542,220.285714285714,TRUE,33696000,55.7142857142857,3
"544","Application Submitted",NA,18443,NA,NA,NA,2025-02-17,2026-02-18,2031-04-22,2032-06-21,2025-02-17,"Wind Onshore","Completed","Planning",TRUE,31622400,52.2857142857143,TRUE,1889,269.857142857143,TRUE,36806400,60.8571428571429,3
"545","Application Submitted",NA,18444,NA,NA,NA,2025-02-17,2027-02-11,2029-03-04,2030-04-10,2025-02-17,"Wind Onshore","Completed","Planning",TRUE,62553600,103.428571428571,TRUE,752,107.428571428571,TRUE,34732800,57.4285714285714,3
"546","Application Submitted",0.2,18445,NA,NA,NA,2025-02-26,2025-09-04,2032-01-30,2033-04-09,2025-02-26,"Wind Onshore","Completed","Planning",TRUE,16416000,27.1428571428571,TRUE,2339,334.142857142857,TRUE,37584000,62.1428571428571,3
"547","Awaiting Construction",9.2,4149,353980800,NA,NA,2007-10-02,2018-12-20,2021-03-17,2022-04-23,2007-10-02,"Wind Onshore","Completed","Connection",TRUE,353980800,585.285714285714,TRUE,818,116.857142857143,TRUE,34732800,57.4285714285714,4
"548","Awaiting Construction",24,4301,143510400,NA,NA,2013-11-27,2018-06-15,2023-08-23,2024-05-11,2013-11-27,"Wind Onshore","Completed","Connection",TRUE,143510400,237.285714285714,TRUE,1895,270.714285714286,TRUE,22636800,37.4285714285714,4
"549","Awaiting Construction",13.8,4564,224121600,NA,NA,2010-12-09,2018-01-15,2026-12-26,2029-02-28,2010-12-09,"Wind Onshore","Completed","Connection",TRUE,224121600,370.571428571429,TRUE,3267,466.714285714286,TRUE,68688000,113.571428571429,4
"550","Awaiting Construction",12.6,4565,220147200,NA,NA,2012-08-23,2019-08-15,2020-09-16,2021-08-24,2012-08-23,"Wind Onshore","Completed","Connection",TRUE,220147200,364,FALSE,398,56.8571428571429,TRUE,29548800,48.8571428571429,4
"551","Awaiting Construction",25,6024,72057600,NA,NA,2016-02-10,2018-05-24,2019-04-02,2019-04-30,2016-02-10,"Solar Photovoltaics","Completed","Connection",TRUE,72057600,119.142857142857,TRUE,313,44.7142857142857,TRUE,2419200,4,4
"552","Awaiting Construction",20.7,6096,81043200,NA,NA,2015-10-13,2018-05-08,2027-04-18,2028-08-08,2015-10-13,"Wind Onshore","Completed","Connection",TRUE,81043200,134,FALSE,3267,466.714285714286,TRUE,41299200,68.2857142857143,4
"553","Awaiting Construction",36.3,6143,152236800,NA,NA,2016-05-19,2021-03-16,2024-04-30,2024-12-13,2016-05-19,"Wind Onshore","Completed","Connection",TRUE,152236800,251.714285714286,TRUE,1141,163,TRUE,19612800,32.4285714285714,4
"554","Awaiting Construction",2.3,6154,68774400,NA,NA,2016-06-15,2018-08-20,2020-05-21,2021-07-30,2016-06-15,"Wind Onshore","Completed","Connection",TRUE,68774400,113.714285714286,TRUE,640,91.4285714285714,TRUE,37584000,62.1428571428571,4
"555","Awaiting Construction",29.7,6562,89164800,NA,NA,2018-02-19,2020-12-17,2023-03-15,2024-09-07,2018-02-19,"Wind Onshore","Completed","Connection",TRUE,89164800,147.428571428571,TRUE,818,116.857142857143,TRUE,46828800,77.4285714285714,4
"556","Awaiting Construction",4.8,6646,26092800,NA,NA,2018-06-19,2019-04-17,2019-06-22,2020-10-10,2018-06-19,"Wind Onshore","Completed","Connection",TRUE,26092800,43.1428571428571,TRUE,66,9.42857142857143,TRUE,41126400,68,4
"557","Awaiting Construction",0.3,6774,16416000,NA,NA,2018-12-10,2019-06-18,2020-08-13,2021-07-13,2018-12-10,"Wind Onshore","Completed","Connection",TRUE,16416000,27.1428571428571,TRUE,422,60.2857142857143,TRUE,28857600,47.7142857142857,4
"558","Awaiting Construction",23.1,6790,27043200,NA,NA,2018-10-04,2019-08-13,2025-07-11,2026-07-11,2018-10-04,"Wind Onshore","Completed","Connection",TRUE,27043200,44.7142857142857,TRUE,2159,308.428571428571,TRUE,31536000,52.1428571428571,4
"559","Awaiting Construction",0.3,6801,51926400,NA,NA,2017-08-04,2019-03-28,2021-08-04,2023-01-28,2017-08-04,"Wind Onshore","Completed","Connection",TRUE,51926400,85.8571428571429,TRUE,860,122.857142857143,TRUE,46828800,77.4285714285714,4
"560","Awaiting Construction",0.2,6812,12614400,NA,NA,2018-12-07,2019-05-02,2021-07-28,2022-11-18,2018-12-07,"Wind Onshore","Completed","Connection",TRUE,12614400,20.8571428571429,TRUE,818,116.857142857143,TRUE,41299200,68.2857142857143,4
"561","Awaiting Construction",1.5,7213,35510400,NA,NA,2018-11-21,2020-01-06,2026-04-19,2025-11-28,2018-11-21,"Wind Onshore","Completed","Connection",TRUE,35510400,58.7142857142857,TRUE,2295,327.857142857143,TRUE,-12268800,-20.2857142857143,4
"562","Awaiting Construction",0.2,7271,18748800,NA,NA,2019-02-07,2019-09-12,2024-02-18,2025-02-24,2019-02-07,"Wind Onshore","Completed","Connection",TRUE,18748800,31,FALSE,1620,231.428571428571,TRUE,32140800,53.1428571428571,4
"563","Awaiting Construction",0.3,7289,36288000,NA,NA,2019-01-25,2020-03-20,2021-10-09,2022-09-08,2019-01-25,"Wind Onshore","Completed","Connection",TRUE,36288000,60,FALSE,568,81.1428571428571,TRUE,28857600,47.7142857142857,4
"564","Awaiting Construction",0.5,7329,53827200,NA,NA,2018-12-18,2020-09-01,2022-03-23,2022-10-01,2018-12-18,"Wind Onshore","Completed","Connection",TRUE,53827200,89,TRUE,568,81.1428571428571,TRUE,16588800,27.4285714285714,4
"565","Awaiting Construction",0.3,7346,141264000,NA,NA,2019-05-30,2023-11-20,2025-08-11,2026-05-12,2019-05-30,"Wind Onshore","Completed","Connection",TRUE,141264000,233.571428571429,TRUE,630,90,TRUE,23673600,39.1428571428571,4
"566","Awaiting Construction",0.5,7354,28684800,NA,NA,2019-05-24,2020-04-20,2022-07-24,2023-08-07,2019-05-24,"Wind Onshore","Completed","Connection",TRUE,28684800,47.4285714285714,TRUE,825,117.857142857143,TRUE,32745600,54.1428571428571,4
"567","Awaiting Construction",0.7,7367,81734400,NA,NA,2019-05-20,2021-12-21,2024-11-24,2026-02-13,2019-05-20,"Wind Onshore","Completed","Connection",TRUE,81734400,135.142857142857,TRUE,1069,152.714285714286,TRUE,38534400,63.7142857142857,4
"568","Awaiting Construction",0.3,7387,43200000,NA,NA,2019-05-13,2020-09-24,2022-06-26,2023-08-26,2019-05-13,"Wind Onshore","Completed","Connection",TRUE,43200000,71.4285714285714,TRUE,640,91.4285714285714,TRUE,36806400,60.8571428571429,4
"569","Awaiting Construction",0.2,7392,62467200,NA,NA,2019-05-01,2021-04-23,2022-06-11,2023-01-24,2019-05-01,"Wind Onshore","Completed","Connection",TRUE,62467200,103.285714285714,TRUE,414,59.1428571428571,TRUE,19612800,32.4285714285714,4
"570","Awaiting Construction",46.8,7406,17625600,NA,NA,2018-09-25,2019-04-17,2021-07-20,2022-07-27,2018-09-25,"Wind Onshore","Completed","Connection",TRUE,17625600,29.1428571428571,TRUE,825,117.857142857143,TRUE,32140800,53.1428571428571,4
"571","Awaiting Construction",0.3,7407,4233600,NA,NA,2019-03-12,2019-04-30,2025-08-11,2026-02-26,2019-03-12,"Wind Onshore","Completed","Connection",TRUE,4233600,7,TRUE,2295,327.857142857143,TRUE,17193600,28.4285714285714,4
"572","Awaiting Construction",0.3,7436,50112000,NA,NA,2019-03-07,2020-10-07,2026-09-05,2027-11-25,2019-03-07,"Wind Onshore","Completed","Connection",TRUE,50112000,82.8571428571429,TRUE,2159,308.428571428571,TRUE,38534400,63.7142857142857,4
"573","Awaiting Construction",0.3,7445,9072000,NA,NA,2019-03-11,2019-06-24,2024-02-09,2024-08-26,2019-03-11,"Wind Onshore","Completed","Connection",TRUE,9072000,15,FALSE,1691,241.571428571429,TRUE,17193600,28.4285714285714,4
"574","Awaiting Construction",28,7489,99273600,NA,NA,2019-08-13,2022-10-05,2030-01-02,2031-03-24,2019-08-13,"Wind Onshore","Completed","Connection",TRUE,99273600,164.142857142857,TRUE,2646,378,TRUE,38534400,63.7142857142857,4
"575","Awaiting Construction",0.3,7494,66528000,NA,NA,2019-08-21,2021-09-29,2023-01-22,2023-11-22,2019-08-21,"Wind Onshore","Completed","Connection",TRUE,66528000,110,TRUE,480,68.5714285714286,TRUE,26265600,43.4285714285714,4
"576","Awaiting Construction",0.3,7504,49593600,NA,NA,2019-08-15,2021-03-11,2027-07-06,2027-10-15,2019-08-15,"Wind Onshore","Completed","Connection",TRUE,49593600,82,FALSE,2308,329.714285714286,TRUE,8726400,14.4285714285714,4
"577","Awaiting Construction",20,7543,83548800,NA,NA,2019-07-09,2022-03-02,2024-11-13,2025-10-22,2019-07-09,"Wind Onshore","Completed","Connection",TRUE,83548800,138.142857142857,TRUE,987,141,TRUE,29635200,49,4
"578","Awaiting Construction",0.3,7545,50284800,NA,NA,2019-07-02,2021-02-03,2027-05-31,2028-08-08,2019-07-02,"Wind Onshore","Completed","Connection",TRUE,50284800,83.1428571428572,TRUE,2308,329.714285714286,TRUE,37584000,62.1428571428571,4
"579","Awaiting Construction",0.2,7560,9590400,NA,NA,2019-06-14,2019-10-03,2022-11-17,2023-02-16,2019-06-14,"Wind Onshore","Completed","Connection",TRUE,9590400,15.8571428571429,TRUE,1141,163,TRUE,7862400,13,4
"580","Awaiting Construction",0.2,7563,146966400,NA,NA,2019-06-07,2024-02-02,2026-06-11,2027-10-06,2019-06-07,"Wind Onshore","Completed","Connection",TRUE,146966400,243,TRUE,860,122.857142857143,TRUE,41644800,68.8571428571429,4
"581","Awaiting Construction",0.3,7603,30153600,NA,NA,2019-11-27,2020-11-10,2022-08-12,2023-10-13,2019-11-27,"Wind Onshore","Completed","Connection",TRUE,30153600,49.8571428571429,TRUE,640,91.4285714285714,TRUE,36892800,61,4
"582","Awaiting Construction",0.3,7612,26956800,NA,NA,2019-11-25,2020-10-02,2027-01-27,2027-12-22,2019-11-25,"Wind Onshore","Completed","Connection",TRUE,26956800,44.5714285714286,FALSE,2308,329.714285714286,TRUE,28425600,47,4
"583","Awaiting Construction",0.3,7615,36806400,NA,NA,2019-11-20,2021-01-19,2027-06-16,2027-12-16,2019-11-20,"Wind Onshore","Completed","Connection",TRUE,36806400,60.8571428571429,TRUE,2339,334.142857142857,TRUE,15811200,26.1428571428571,4
"584","Awaiting Construction",0.3,7627,30326400,NA,NA,2019-11-12,2020-10-28,2021-12-05,2022-10-06,2019-11-12,"Wind Onshore","Completed","Connection",TRUE,30326400,50.1428571428571,TRUE,403,57.5714285714286,TRUE,26352000,43.5714285714286,4
"585","Awaiting Construction",0.3,7633,29721600,NA,NA,2019-11-06,2020-10-15,2023-06-28,2025-03-17,2019-11-06,"Wind Onshore","Completed","Connection",TRUE,29721600,49.1428571428571,FALSE,986,140.857142857143,TRUE,54259200,89.7142857142857,4
"586","Awaiting Construction",0.25,7635,46828800,NA,NA,2019-10-29,2021-04-23,2021-06-02,2023-01-10,2019-10-29,"Wind Onshore","Completed","Connection",TRUE,46828800,77.4285714285714,TRUE,40,5.71428571428571,TRUE,50716800,83.8571428571429,4
"587","Awaiting Construction",0.5,7639,29894400,NA,NA,2019-11-01,2020-10-12,2024-01-07,2025-01-13,2019-11-01,"Wind Onshore","Completed","Connection",TRUE,29894400,49.4285714285714,TRUE,1182,168.857142857143,TRUE,32140800,53.1428571428571,4
"588","Awaiting Construction",10,7640,27302400,NA,NA,2019-10-14,2020-08-25,2021-04-22,2022-07-01,2019-10-14,"Wind Onshore","Completed","Connection",TRUE,27302400,45.1428571428571,TRUE,240,34.2857142857143,TRUE,37584000,62.1428571428571,4
"589","Awaiting Construction",0.2,7643,33782400,NA,NA,2019-10-18,2020-11-12,2023-12-28,2024-04-07,2019-10-18,"Wind Onshore","Completed","Connection",TRUE,33782400,55.8571428571429,FALSE,1141,163,TRUE,8726400,14.4285714285714,4
"590","Awaiting Construction",0.3,7644,16416000,NA,NA,2019-10-23,2020-04-30,2023-03-05,2024-03-29,2019-10-23,"Wind Onshore","Completed","Connection",TRUE,16416000,27.1428571428571,TRUE,1039,148.428571428571,TRUE,33696000,55.7142857142857,4
"591","Awaiting Construction",0.3,7645,16416000,NA,NA,2019-10-23,2020-04-30,2024-07-20,2025-09-28,2019-10-23,"Wind Onshore","Completed","Connection",TRUE,16416000,27.1428571428571,FALSE,1542,220.285714285714,TRUE,37584000,62.1428571428571,4
"592","Awaiting Construction",0.3,7647,11491200,NA,NA,2019-10-15,2020-02-25,2021-03-29,2022-02-27,2019-10-15,"Wind Onshore","Completed","Connection",TRUE,11491200,19,TRUE,398,56.8571428571429,TRUE,28944000,47.8571428571429,4
"593","Awaiting Construction",1,7650,22896000,NA,NA,2019-10-17,2020-07-08,2023-08-23,2024-09-05,2019-10-17,"Wind Onshore","Completed","Connection",TRUE,22896000,37.8571428571429,FALSE,1141,163,TRUE,32745600,54.1428571428571,4
"594","Awaiting Construction",0.5,7651,42681600,NA,NA,2019-10-14,2021-02-19,2024-12-26,2026-03-17,2019-10-14,"Wind Onshore","Completed","Connection",TRUE,42681600,70.5714285714286,TRUE,1406,200.857142857143,TRUE,38534400,63.7142857142857,4
"595","Awaiting Construction",0.3,7664,14083200,NA,NA,2019-09-25,2020-03-06,2024-02-02,2025-03-10,2019-09-25,"Wind Onshore","Completed","Connection",TRUE,14083200,23.2857142857143,TRUE,1428,204,TRUE,34732800,57.4285714285714,4
"596","Awaiting Construction",0.3,7680,23932800,NA,NA,2019-09-12,2020-06-15,2023-07-31,2024-12-13,2019-09-12,"Wind Onshore","Completed","Connection",TRUE,23932800,39.5714285714286,FALSE,1141,163,TRUE,43286400,71.5714285714286,4
"597","Awaiting Construction",0.3,7719,40953600,NA,NA,2020-03-13,2021-06-30,2025-10-05,2026-04-04,2020-03-13,"Wind Onshore","Completed","Connection",TRUE,40953600,67.7142857142857,TRUE,1558,222.571428571429,TRUE,15638400,25.8571428571429,4
"598","Awaiting Construction",0.3,7768,27907200,NA,NA,2019-12-11,2020-10-29,2025-01-18,2025-12-16,2019-12-11,"Wind Onshore","Completed","Connection",TRUE,27907200,46.1428571428571,TRUE,1542,220.285714285714,TRUE,28684800,47.4285714285714,4
"599","Awaiting Construction",0.3,7777,29030400,NA,NA,2020-02-14,2021-01-15,2022-10-07,2024-01-26,2020-02-14,"Wind Onshore","Completed","Connection",TRUE,29030400,48,TRUE,630,90,TRUE,41126400,68,4
"600","Awaiting Construction",0.3,7779,32054400,NA,NA,2020-02-14,2021-02-19,2027-06-03,2029-01-31,2020-02-14,"Wind Onshore","Completed","Connection",TRUE,32054400,53,TRUE,2295,327.857142857143,TRUE,52531200,86.8571428571429,4
"601","Awaiting Construction",0.3,7805,23587200,NA,NA,2020-01-24,2020-10-23,2027-02-17,2027-11-06,2020-01-24,"Wind Onshore","Completed","Connection",TRUE,23587200,39,TRUE,2308,329.714285714286,TRUE,22636800,37.4285714285714,4
"602","Awaiting Construction",0.2,7809,38188800,NA,NA,2020-01-20,2021-04-06,2021-04-07,2022-04-07,2020-01-20,"Wind Onshore","Completed","Connection",TRUE,38188800,63.1428571428571,TRUE,1,0.142857142857143,TRUE,31536000,52.1428571428571,4
"603","Awaiting Construction",0.3,7833,22723200,NA,NA,2019-12-20,2020-09-08,2023-01-16,2024-01-30,2019-12-20,"Wind Onshore","Completed","Connection",TRUE,22723200,37.5714285714286,TRUE,860,122.857142857143,TRUE,32745600,54.1428571428571,4
"604","Awaiting Construction",0.3,7920,83980800,NA,NA,2020-03-20,2022-11-17,2027-11-07,2029-02-25,2020-03-20,"Wind Onshore","Completed","Connection",TRUE,83980800,138.857142857143,TRUE,1816,259.428571428571,TRUE,41126400,68,4
"605","Awaiting Construction",0.3,7931,67737600,NA,NA,2020-05-06,2022-06-29,2025-06-02,2026-11-26,2020-05-06,"Wind Onshore","Completed","Connection",TRUE,67737600,112,FALSE,1069,152.714285714286,TRUE,46828800,77.4285714285714,4
"606","Awaiting Construction",0.3,7935,84672000,NA,NA,2020-03-12,2022-11-17,2025-03-19,2026-03-26,2020-03-12,"Wind Onshore","Completed","Connection",TRUE,84672000,140,TRUE,853,121.857142857143,TRUE,32140800,53.1428571428571,4
"607","Awaiting Construction",0.3,7964,30153600,NA,NA,2020-03-19,2021-03-03,2026-02-21,2027-03-07,2020-03-19,"Wind Onshore","Completed","Connection",TRUE,30153600,49.8571428571429,TRUE,1816,259.428571428571,TRUE,32745600,54.1428571428571,4
"608","Awaiting Construction",0.3,8042,50025600,NA,NA,2020-08-27,2022-03-29,2022-03-30,2022-09-27,2020-08-27,"Wind Onshore","Completed","Connection",TRUE,50025600,82.7142857142857,TRUE,1,0.142857142857143,TRUE,15638400,25.8571428571429,4
"609","Awaiting Construction",0.2,8077,5356800,NA,NA,2020-08-07,2020-10-08,2023-05-13,2025-03-30,2020-08-07,"Wind Onshore","Completed","Connection",TRUE,5356800,8.85714285714286,TRUE,947,135.285714285714,TRUE,59356800,98.1428571428572,4
"610","Awaiting Construction",0.3,8083,42076800,NA,NA,2020-08-06,2021-12-06,2026-11-26,2028-01-26,2020-08-06,"Wind Onshore","Completed","Connection",TRUE,42076800,69.5714285714286,FALSE,1816,259.428571428571,TRUE,36806400,60.8571428571429,4
"611","Awaiting Construction",14,8106,44064000,NA,NA,2020-07-23,2021-12-15,2027-02-16,2027-12-06,2020-07-23,"Wind Onshore","Completed","Connection",TRUE,44064000,72.8571428571429,TRUE,1889,269.857142857143,TRUE,25315200,41.8571428571429,4
"612","Awaiting Construction",0.3,8135,56851200,NA,NA,2020-06-17,2022-04-06,2026-07-12,2027-10-01,2020-06-17,"Wind Onshore","Completed","Connection",TRUE,56851200,94,TRUE,1558,222.571428571429,TRUE,38534400,63.7142857142857,4
"613","Awaiting Construction",NA,8200,21254400,NA,NA,2020-11-02,2021-07-06,2025-06-03,2026-05-12,2020-11-02,"Wind Onshore","Completed","Connection",TRUE,21254400,35.1428571428571,TRUE,1428,204,TRUE,29635200,49,4
"614","Awaiting Construction",0.25,8231,47779200,NA,NA,2020-10-20,2022-04-26,2022-06-05,2024-02-03,2020-10-20,"Wind Onshore","Completed","Connection",TRUE,47779200,79,TRUE,40,5.71428571428571,TRUE,52531200,86.8571428571429,4
"615","Awaiting Construction",0.25,8232,18403200,NA,NA,2020-10-16,2021-05-17,2025-10-21,2028-04-21,2020-10-16,"Wind Onshore","Completed","Connection",TRUE,18403200,30.4285714285714,TRUE,1618,231.142857142857,TRUE,78883200,130.428571428571,4
"616","Awaiting Construction",0.25,8236,5702400,NA,NA,2020-10-12,2020-12-17,2024-02-01,2024-11-20,2020-10-12,"Wind Onshore","Completed","Connection",TRUE,5702400,9.42857142857143,TRUE,1141,163,TRUE,25315200,41.8571428571429,4
"617","Awaiting Construction",0.25,8237,28598400,NA,NA,2020-10-05,2021-09-01,2027-10-31,2028-10-07,2020-10-05,"Wind Onshore","Completed","Connection",TRUE,28598400,47.2857142857143,TRUE,2251,321.571428571429,TRUE,29548800,48.8571428571429,4
"618","Awaiting Construction",0.25,8258,106790400,NA,NA,2020-12-21,2024-05-10,2028-10-19,2029-12-28,2020-12-21,"Wind Onshore","Completed","Connection",TRUE,106790400,176.571428571429,TRUE,1623,231.857142857143,TRUE,37584000,62.1428571428571,4
"619","Awaiting Construction",0.25,8266,42249600,NA,NA,2020-12-22,2022-04-25,2026-10-01,2028-05-10,2020-12-22,"Wind Onshore","Completed","Connection",TRUE,42249600,69.8571428571429,TRUE,1620,231.428571428571,TRUE,50716800,83.8571428571429,4
"620","Awaiting Construction",0.25,8273,30067200,NA,NA,2020-12-24,2021-12-07,2027-10-27,2029-01-15,2020-12-24,"Wind Onshore","Completed","Connection",TRUE,30067200,49.7142857142857,FALSE,2150,307.142857142857,TRUE,38534400,63.7142857142857,4
"621","Awaiting Construction",0.25,8279,106790400,NA,NA,2020-12-21,2024-05-10,2028-07-30,2029-07-08,2020-12-21,"Wind Onshore","Completed","Connection",TRUE,106790400,176.571428571429,FALSE,1542,220.285714285714,TRUE,29635200,49,4
"622","Awaiting Construction",0.4,8422,27216000,NA,NA,2021-01-20,2021-12-01,2024-06-28,2025-06-05,2021-01-20,"Wind Onshore","Completed","Connection",TRUE,27216000,45,TRUE,940,134.285714285714,TRUE,29548800,48.8571428571429,4
"623","Awaiting Construction",0.15,8431,15292800,NA,NA,2021-01-26,2021-07-22,2023-06-09,2024-08-17,2021-01-26,"Wind Onshore","Completed","Connection",TRUE,15292800,25.2857142857143,TRUE,687,98.1428571428571,TRUE,37584000,62.1428571428571,4
"624","Awaiting Construction",NA,8867,44409600,NA,NA,2021-02-09,2022-07-08,2028-09-05,2029-11-05,2021-02-09,"Wind Onshore","Completed","Connection",TRUE,44409600,73.4285714285714,FALSE,2251,321.571428571429,TRUE,36806400,60.8571428571429,4
"625","Awaiting Construction",0.25,8868,100915200,NA,NA,2021-02-19,2024-05-02,2030-08-27,2032-01-22,2021-02-19,"Wind Onshore","Completed","Connection",TRUE,100915200,166.857142857143,TRUE,2308,329.714285714286,TRUE,44323200,73.2857142857143,4
"626","Awaiting Construction",0.25,8869,26179200,NA,NA,2021-02-17,2021-12-17,2024-08-29,2026-11-02,2021-02-17,"Wind Onshore","Completed","Connection",TRUE,26179200,43.2857142857143,TRUE,986,140.857142857143,TRUE,68688000,113.571428571429,4
"627","Awaiting Construction",NA,8872,106531200,NA,NA,2021-02-09,2024-06-26,2026-10-27,2027-02-05,2021-02-09,"Wind Onshore","Completed","Connection",TRUE,106531200,176.142857142857,TRUE,853,121.857142857143,TRUE,8726400,14.4285714285714,4
"628","Awaiting Construction",0.25,8873,16675200,NA,NA,2021-02-19,2021-08-31,2022-10-03,2023-04-04,2021-02-19,"Wind Onshore","Completed","Connection",TRUE,16675200,27.5714285714286,FALSE,398,56.8571428571429,TRUE,15811200,26.1428571428571,4
"629","Awaiting Construction",0.25,8874,16761600,NA,NA,2021-02-18,2021-08-31,2024-08-04,2025-07-05,2021-02-18,"Wind Onshore","Completed","Connection",TRUE,16761600,27.7142857142857,FALSE,1069,152.714285714286,TRUE,28944000,47.8571428571429,4
"630","Awaiting Construction",0.25,8875,17193600,NA,NA,2021-03-08,2021-09-23,2022-07-23,2023-08-17,2021-03-08,"Wind Onshore","Completed","Connection",TRUE,17193600,28.4285714285714,FALSE,303,43.2857142857143,TRUE,33696000,55.7142857142857,4
"631","Awaiting Construction",NA,8876,53740800,NA,NA,2021-02-09,2022-10-24,2026-09-21,2028-01-16,2021-02-09,"Wind Onshore","Completed","Connection",TRUE,53740800,88.8571428571429,TRUE,1428,204,TRUE,41644800,68.8571428571429,4
"632","Awaiting Construction",NA,8877,31622400,NA,NA,2021-02-22,2022-02-23,2024-09-20,2025-12-10,2021-02-22,"Wind Onshore","Completed","Connection",TRUE,31622400,52.2857142857143,FALSE,940,134.285714285714,TRUE,38534400,63.7142857142857,4
"633","Awaiting Construction",0.25,9595,43545600,NA,NA,2020-06-08,2021-10-25,2021-12-30,2023-08-30,2020-06-08,"Wind Onshore","Completed","Connection",TRUE,43545600,72,TRUE,66,9.42857142857143,TRUE,52531200,86.8571428571429,4
"634","Awaiting Construction",0.15,9599,41644800,NA,NA,2021-08-24,2022-12-19,2026-01-19,2027-05-12,2021-08-24,"Wind Onshore","Completed","Connection",TRUE,41644800,68.8571428571429,FALSE,1127,161,TRUE,41299200,68.2857142857143,4
"635","Awaiting Construction",0.25,9675,18921600,NA,NA,2021-08-17,2022-03-24,2023-12-24,2025-02-23,2021-08-17,"Wind Onshore","Completed","Connection",TRUE,18921600,31.2857142857143,TRUE,640,91.4285714285714,TRUE,36892800,61,4
"636","Awaiting Construction",0.25,9713,5875200,NA,NA,2021-08-18,2021-10-25,2022-11-27,2023-11-10,2021-08-18,"Wind Onshore","Completed","Connection",TRUE,5875200,9.71428571428572,FALSE,398,56.8571428571429,TRUE,30067200,49.7142857142857,4
"637","Awaiting Construction",0.15,10591,10972800,NA,NA,2021-11-30,2022-04-06,2031-03-17,2031-11-20,2021-11-30,"Wind Onshore","Completed","Connection",TRUE,10972800,18.1428571428571,TRUE,3267,466.714285714286,TRUE,21427200,35.4285714285714,4
"638","Awaiting Construction",0.25,11506,19008000,NA,NA,2021-10-19,2022-05-27,2025-07-11,2026-06-11,2021-10-19,"Wind Onshore","Completed","Connection",TRUE,19008000,31.4285714285714,TRUE,1141,163,TRUE,28944000,47.8571428571429,4
"639","Awaiting Construction",NA,13665,15033600,NA,NA,2023-01-17,2023-07-10,2024-08-16,2025-08-30,2023-01-17,"Wind Onshore","Completed","Connection",TRUE,15033600,24.8571428571429,TRUE,403,57.5714285714286,TRUE,32745600,54.1428571428571,4
"640","Awaiting Construction",NA,13667,31622400,NA,NA,2023-01-25,2024-01-26,2028-10-31,2029-11-24,2023-01-25,"Wind Onshore","Completed","Connection",TRUE,31622400,52.2857142857143,TRUE,1740,248.571428571429,TRUE,33609600,55.5714285714286,4
"641","Awaiting Construction",0.85,13668,26784000,NA,NA,2023-01-25,2023-12-01,2030-03-14,2030-08-28,2023-01-25,"Wind Onshore","Completed","Connection",TRUE,26784000,44.2857142857143,TRUE,2295,327.857142857143,TRUE,14428800,23.8571428571429,4
"642","Awaiting Construction",0.66,13994,26179200,NA,NA,2023-02-01,2023-12-01,2029-02-01,2031-04-07,2023-02-01,"Wind Onshore","Completed","Connection",TRUE,26179200,43.2857142857143,TRUE,1889,269.857142857143,TRUE,68688000,113.571428571429,4
"643","Awaiting Construction",0.25,13995,35942400,NA,NA,2023-02-07,2024-03-29,2024-05-08,2025-09-02,2023-02-07,"Wind Onshore","Completed","Connection",TRUE,35942400,59.4285714285714,TRUE,40,5.71428571428571,TRUE,41644800,68.8571428571429,4
"644","Awaiting Construction",0.66,14112,32054400,NA,NA,2023-02-21,2024-02-27,2025-04-05,2026-06-25,2023-02-21,"Wind Onshore","Completed","Connection",TRUE,32054400,53,FALSE,403,57.5714285714286,TRUE,38534400,63.7142857142857,4
"645","Awaiting Construction",0.85,14114,38361600,NA,NA,2023-03-07,2024-05-24,2024-07-29,2025-07-06,2023-03-07,"Wind Onshore","Completed","Connection",TRUE,38361600,63.4285714285714,TRUE,66,9.42857142857143,TRUE,29548800,48.8571428571429,4
"646","Awaiting Construction",0.25,14115,17971200,NA,NA,2023-03-09,2023-10-03,2032-09-12,2032-12-12,2023-03-09,"Wind Onshore","Completed","Connection",TRUE,17971200,29.7142857142857,TRUE,3267,466.714285714286,TRUE,7862400,13,4
"647","Awaiting Construction",NA,14126,36806400,NA,NA,2023-04-04,2024-06-03,2025-10-02,2026-01-10,2023-04-04,"Solar Photovoltaics","Completed","Connection",TRUE,36806400,60.8571428571429,TRUE,486,69.4285714285714,TRUE,8640000,14.2857142857143,4
"648","Awaiting Construction",2,14132,18403200,NA,NA,2023-05-09,2023-12-08,2025-12-13,2026-11-20,2023-05-09,"Wind Onshore","Completed","Connection",TRUE,18403200,30.4285714285714,TRUE,736,105.142857142857,TRUE,29548800,48.8571428571429,4
"649","Awaiting Construction",0.15,15229,5356800,NA,NA,2023-10-19,2023-12-20,2024-10-28,2025-03-27,2023-10-19,"Solar Photovoltaics","Completed","Connection",TRUE,5356800,8.85714285714286,TRUE,313,44.7142857142857,TRUE,12960000,21.4285714285714,4
"650","Awaiting Construction",NA,15281,9763200,NA,NA,2023-10-19,2024-02-09,2033-02-02,2034-01-02,2023-10-19,"Wind Onshore","Completed","Connection",TRUE,9763200,16.1428571428571,TRUE,3281,468.714285714286,TRUE,28857600,47.7142857142857,4
"651","Awaiting Construction",NA,16293,16934400,NA,NA,2024-03-26,2024-10-08,2025-12-02,2026-03-15,2024-03-26,"Solar Photovoltaics","Completed","Connection",TRUE,16934400,28,TRUE,420,60,TRUE,8899200,14.7142857142857,4
"652","Awaiting Construction",2,16451,9849600,NA,NA,2024-04-22,2024-08-14,2026-05-22,2026-07-22,2024-04-22,"Solar Photovoltaics","Completed","Connection",TRUE,9849600,16.2857142857143,TRUE,646,92.2857142857143,TRUE,5270400,8.71428571428572,4
"653","Awaiting Construction",2.5,16454,10022400,NA,NA,2024-04-22,2024-08-16,2026-01-11,2026-05-10,2024-04-22,"Solar Photovoltaics","Completed","Connection",TRUE,10022400,16.5714285714286,FALSE,513,73.2857142857143,TRUE,10281600,17,4
"654","Awaiting Construction",0.3,16620,16848000,NA,NA,2024-05-28,2024-12-09,2025-09-07,2025-11-11,2024-05-28,"Solar Photovoltaics","Completed","Connection",TRUE,16848000,27.8571428571429,TRUE,272,38.8571428571429,TRUE,5616000,9.28571428571429,4
"655","Awaiting Construction",NA,16629,19526400,NA,NA,2024-05-28,2025-01-09,2029-06-20,2030-02-02,2024-05-28,"Wind Onshore","Completed","Connection",TRUE,19526400,32.2857142857143,TRUE,1623,231.857142857143,TRUE,19612800,32.4285714285714,4
"656","Awaiting Construction",NA,16715,5443200,NA,NA,2024-06-12,2024-08-14,2026-04-09,2026-06-07,2024-06-12,"Solar Photovoltaics","Completed","Connection",TRUE,5443200,9,TRUE,603,86.1428571428571,TRUE,5097600,8.42857142857143,4
"657","Awaiting Construction",NA,16716,5443200,NA,NA,2024-06-12,2024-08-14,2026-10-02,2027-08-18,2024-06-12,"Solar Photovoltaics","Completed","Connection",TRUE,5443200,9,TRUE,779,111.285714285714,TRUE,27648000,45.7142857142857,4
"658","Awaiting Construction",NA,17468,2678400,NA,NA,2024-09-30,2024-10-31,2025-11-22,2026-03-21,2024-09-30,"Solar Photovoltaics","Completed","Connection",TRUE,2678400,4.42857142857143,TRUE,387,55.2857142857143,TRUE,10281600,17,4
"659","Under Construction",27,4650,35942400,1127,NA,2011-09-26,2012-11-15,2015-12-17,2017-02-24,2011-09-26,"Wind Onshore","Completed","Construction",TRUE,35942400,59.4285714285714,TRUE,1127,161,TRUE,37584000,62.1428571428571,4
"660","Appeal Lodged",0.3,7672,NA,NA,NA,2019-09-16,2021-08-12,2025-11-08,2027-03-01,2019-09-16,"Wind Onshore","Completed","Planning",FALSE,60134400,99.4285714285714,FALSE,1549,221.285714285714,TRUE,41299200,68.2857142857143,4
"661","Application Submitted",0.2,8166,NA,NA,NA,2020-12-21,2026-04-07,2028-04-28,2029-03-29,2020-12-21,"Wind Onshore","Completed","Planning",TRUE,167011200,276.142857142857,FALSE,752,107.428571428571,TRUE,28944000,47.8571428571429,4
"662","Application Submitted",0.25,8194,NA,NA,NA,2020-11-16,2029-05-13,2029-05-14,2029-10-07,2020-11-16,"Wind Onshore","Completed","Planning",FALSE,267840000,442.857142857143,TRUE,1,0.142857142857143,TRUE,12614400,20.8571428571429,4
"663","Application Submitted",NA,8224,NA,NA,NA,2020-10-01,2021-04-09,2023-08-17,2024-03-31,2020-10-01,"Wind Onshore","Completed","Planning",FALSE,16416000,27.1428571428571,TRUE,860,122.857142857143,TRUE,19612800,32.4285714285714,4
"664","Application Submitted",NA,8262,NA,NA,NA,2020-12-22,2024-08-05,2029-03-23,2030-06-01,2020-12-22,"Wind Onshore","Completed","Planning",FALSE,114220800,188.857142857143,TRUE,1691,241.571428571429,TRUE,37584000,62.1428571428571,4
"665","Application Submitted",0.25,8276,NA,NA,NA,2020-12-22,2021-07-18,2028-10-15,2030-02-05,2020-12-22,"Wind Onshore","Completed","Planning",FALSE,17971200,29.7142857142857,TRUE,2646,378,TRUE,41299200,68.2857142857143,4
"666","Application Submitted",NA,8277,NA,NA,NA,2020-12-30,2023-07-26,2032-07-19,2032-10-28,2020-12-30,"Wind Onshore","Completed","Planning",TRUE,81043200,134,TRUE,3281,468.714285714286,TRUE,8726400,14.4285714285714,4
"667","Application Submitted",3.75,8870,NA,NA,NA,2021-03-03,2021-06-26,2022-11-21,2023-02-02,2021-03-03,"Solar Photovoltaics","Completed","Planning",TRUE,9936000,16.4285714285714,TRUE,513,73.2857142857143,TRUE,6307200,10.4285714285714,4
"668","Application Submitted",NA,8871,NA,NA,NA,2021-02-26,2022-07-03,2027-02-18,2028-01-18,2021-02-26,"Wind Onshore","Completed","Planning",TRUE,42508800,70.2857142857143,TRUE,1691,241.571428571429,TRUE,28857600,47.7142857142857,4
"669","Application Submitted",NA,9676,NA,NA,NA,2021-06-02,2023-02-14,2023-12-14,2024-10-02,2021-06-02,"Wind Onshore","Completed","Planning",TRUE,53740800,88.8571428571429,TRUE,303,43.2857142857143,TRUE,25315200,41.8571428571429,4
"670","Application Submitted",NA,10590,NA,NA,NA,2021-11-25,2022-09-21,2023-07-31,2023-11-11,2021-11-25,"Solar Photovoltaics","Completed","Planning",FALSE,25920000,42.8571428571429,TRUE,313,44.7142857142857,TRUE,8899200,14.7142857142857,4
"671","Application Submitted",58.8,11718,NA,NA,NA,2021-12-22,2024-03-08,2028-06-13,2028-09-12,2021-12-22,"Wind Onshore","Completed","Planning",TRUE,69724800,115.285714285714,TRUE,1558,222.571428571429,TRUE,7862400,13,4
"672","Application Submitted",28.8,13669,NA,NA,NA,2023-01-05,2023-05-18,2028-07-19,2029-07-26,2023-01-05,"Wind Onshore","Completed","Planning",TRUE,11491200,19,TRUE,1889,269.857142857143,TRUE,32140800,53.1428571428571,4
"673","Application Submitted",0.225,13991,NA,NA,NA,2023-01-13,2025-08-16,2034-08-10,2035-05-30,2023-01-13,"Wind Onshore","Completed","Planning",TRUE,81734400,135.142857142857,TRUE,3281,468.714285714286,TRUE,25315200,41.8571428571429,4
"674","Application Submitted",0.6,13996,NA,NA,NA,2023-02-13,2026-07-03,2027-08-10,2028-02-07,2023-02-13,"Wind Onshore","Completed","Planning",TRUE,106790400,176.571428571429,TRUE,403,57.5714285714286,TRUE,15638400,25.8571428571429,4
"675","Application Submitted",50.4,14113,NA,NA,NA,2023-02-22,2023-06-15,2029-08-13,2030-09-06,2023-02-22,"Wind Onshore","Completed","Planning",TRUE,9763200,16.1428571428571,TRUE,2251,321.571428571429,TRUE,33609600,55.5714285714286,4
"676","Application Submitted",1,14123,NA,NA,NA,2023-03-27,2023-08-19,2024-09-09,2025-04-09,2023-03-27,"Solar Photovoltaics","Completed","Planning",TRUE,12528000,20.7142857142857,TRUE,387,55.2857142857143,TRUE,18316800,30.2857142857143,4
"677","Application Submitted",NA,14127,NA,NA,NA,2023-04-05,2027-05-10,2036-05-19,2036-11-02,2023-04-05,"Wind Onshore","Completed","Planning",TRUE,129254400,213.714285714286,TRUE,3297,471,TRUE,14428800,23.8571428571429,4
"678","Application Submitted",NA,14128,NA,NA,NA,2023-04-05,2024-02-02,2026-02-07,2027-02-07,2023-04-05,"Wind Onshore","Completed","Planning",TRUE,26179200,43.2857142857143,TRUE,736,105.142857142857,TRUE,31536000,52.1428571428571,4
"679","Application Submitted",NA,14129,NA,NA,NA,2023-04-05,2025-10-27,2030-04-04,2031-02-02,2023-04-05,"Wind Onshore","Completed","Planning",TRUE,80870400,133.714285714286,TRUE,1620,231.428571428571,TRUE,26265600,43.4285714285714,4
"680","Application Submitted",0.85,14130,NA,NA,NA,2023-04-05,2023-10-21,2026-08-25,2028-10-28,2023-04-05,"Wind Onshore","Completed","Planning",FALSE,17193600,28.4285714285714,TRUE,1039,148.428571428571,TRUE,68688000,113.571428571429,4
"681","Application Submitted",NA,15152,NA,NA,NA,2023-06-19,2024-05-26,2028-05-31,2029-08-09,2023-06-19,"Wind Onshore","Completed","Planning",FALSE,29548800,48.8571428571429,FALSE,1466,209.428571428571,TRUE,37584000,62.1428571428571,4
"682","Application Submitted",NA,15346,NA,NA,NA,2023-10-26,2028-06-20,2029-08-16,2030-10-25,2023-10-26,"Wind Onshore","Completed","Planning",TRUE,146793600,242.714285714286,TRUE,422,60.2857142857143,TRUE,37584000,62.1428571428571,4
"683","Application Submitted",0.5,15355,NA,NA,NA,2023-11-07,2025-04-30,2029-07-20,2030-08-14,2023-11-07,"Wind Onshore","Completed","Planning",FALSE,46656000,77.1428571428572,TRUE,1542,220.285714285714,TRUE,33696000,55.7142857142857,4
"684","Application Submitted",0.225,15365,NA,NA,NA,2023-11-07,2025-01-22,2030-03-26,2031-02-23,2023-11-07,"Wind Onshore","Completed","Planning",TRUE,38188800,63.1428571428571,TRUE,1889,269.857142857143,TRUE,28857600,47.7142857142857,4
"685","Application Submitted",0.25,15378,NA,NA,NA,2023-11-09,2026-09-06,2033-12-04,2033-12-04,2023-11-09,"Wind Onshore","Completed","Planning",TRUE,89164800,147.428571428571,TRUE,2646,378,TRUE,0,0,4
"686","Application Submitted",0.6,15438,NA,NA,NA,2023-11-06,2025-03-09,2027-10-12,2028-12-20,2023-11-06,"Wind Onshore","Completed","Planning",FALSE,42249600,69.8571428571429,TRUE,947,135.285714285714,TRUE,37584000,62.1428571428571,4
"687","Application Submitted",NA,16333,NA,NA,NA,2024-02-09,2025-06-07,2028-07-08,2029-06-07,2024-02-09,"Wind Onshore","Completed","Planning",TRUE,41817600,69.1428571428571,TRUE,1127,161,TRUE,28857600,47.7142857142857,4
"688","Application Submitted",NA,16336,NA,NA,NA,2024-03-19,2025-01-28,2025-03-09,2024-10-18,2024-03-19,"Wind Onshore","Completed","Planning",TRUE,27216000,45,TRUE,40,5.71428571428571,TRUE,-12268800,-20.2857142857143,4
"689","Application Submitted",29.9,16337,NA,NA,NA,2024-03-06,2024-08-30,2027-01-26,2027-10-12,2024-03-06,"Solar Photovoltaics","Completed","Planning",FALSE,15292800,25.2857142857143,FALSE,879,125.571428571429,TRUE,22377600,37,4
"690","Application Submitted",NA,16349,NA,NA,NA,2024-04-08,2025-10-13,2032-01-25,2033-01-07,2024-04-08,"Wind Onshore","Completed","Planning",TRUE,47779200,79,TRUE,2295,327.857142857143,TRUE,30067200,49.7142857142857,4
"691","Application Submitted",NA,16353,NA,NA,NA,2024-04-08,2025-12-30,2027-07-21,2028-12-03,2024-04-08,"Wind Onshore","Completed","Planning",TRUE,54518400,90.1428571428572,TRUE,568,81.1428571428571,TRUE,43286400,71.5714285714286,4
"692","Application Submitted",2,16445,NA,NA,NA,2024-04-10,2024-08-08,2025-12-15,2026-03-04,2024-04-10,"Solar Photovoltaics","Completed","Planning",TRUE,10368000,17.1428571428571,TRUE,494,70.5714285714286,TRUE,6825600,11.2857142857143,4
"693","Application Submitted",NA,16450,NA,NA,NA,2024-04-25,2025-11-28,2028-03-02,2029-07-16,2024-04-25,"Wind Onshore","Completed","Planning",TRUE,50284800,83.1428571428572,FALSE,825,117.857142857143,TRUE,43286400,71.5714285714286,4
"694","Application Submitted",0.25,16453,NA,NA,NA,2024-04-17,2025-12-09,2028-10-13,2029-04-23,2024-04-17,"Wind Onshore","Completed","Planning",TRUE,51926400,85.8571428571429,TRUE,1039,148.428571428571,TRUE,16588800,27.4285714285714,4
"695","Application Submitted",0.25,16476,NA,NA,NA,2024-04-30,2027-08-24,2033-12-05,2034-03-06,2024-04-30,"Wind Onshore","Completed","Planning",FALSE,104630400,173,FALSE,2295,327.857142857143,TRUE,7862400,13,4
"696","Application Submitted",NA,16547,NA,NA,NA,2024-05-06,2025-05-21,2031-04-19,2031-06-20,2024-05-06,"Wind Onshore","Completed","Planning",TRUE,32832000,54.2857142857143,TRUE,2159,308.428571428571,TRUE,5356800,8.85714285714286,4
"697","Application Submitted",0.25,16568,NA,NA,NA,2024-05-17,2024-11-23,2027-06-13,2028-05-21,2024-05-17,"Wind Onshore","Completed","Planning",TRUE,16416000,27.1428571428571,TRUE,932,133.142857142857,TRUE,29635200,49,4
"698","Application Submitted",0.25,16578,NA,NA,NA,2024-05-17,2025-05-23,2027-08-10,2028-02-07,2024-05-17,"Wind Onshore","Completed","Planning",TRUE,32054400,53,TRUE,809,115.571428571429,TRUE,15638400,25.8571428571429,4
"699","Application Submitted",2,16583,NA,NA,NA,2024-04-16,2025-03-06,2026-03-28,2027-02-11,2024-04-16,"Solar Photovoltaics","Completed","Planning",FALSE,27993600,46.2857142857143,TRUE,387,55.2857142857143,TRUE,27648000,45.7142857142857,4
"700","Application Submitted",NA,16646,NA,NA,NA,2024-05-29,2025-04-07,2027-05-20,2027-08-19,2024-05-29,"Wind Onshore","Completed","Planning",TRUE,27043200,44.7142857142857,TRUE,773,110.428571428571,TRUE,7862400,13,4
"701","Application Submitted",NA,17112,NA,NA,NA,2024-07-26,2025-11-27,2033-02-24,2034-12-15,2024-07-26,"Wind Onshore","Completed","Planning",TRUE,42249600,69.8571428571429,TRUE,2646,378,TRUE,56937600,94.1428571428572,4
"702","Application Submitted",0.7,17115,NA,NA,NA,2024-08-07,2025-06-27,2026-05-06,2026-07-10,2024-08-07,"Solar Photovoltaics","Completed","Planning",FALSE,27993600,46.2857142857143,TRUE,313,44.7142857142857,TRUE,5616000,9.28571428571429,4
"703","Application Submitted",NA,17116,NA,NA,NA,2024-08-13,2027-05-18,2029-12-05,2031-04-20,2024-08-13,"Wind Onshore","Completed","Planning",TRUE,87091200,144,TRUE,932,133.142857142857,TRUE,43286400,71.5714285714286,4
"704","Application Submitted",0.5,17126,NA,NA,NA,2024-08-14,2025-03-01,2027-03-23,2028-01-10,2024-08-14,"Wind Onshore","Completed","Planning",TRUE,17193600,28.4285714285714,TRUE,752,107.428571428571,TRUE,25315200,41.8571428571429,4
"705","Application Submitted",NA,17164,NA,NA,NA,2024-08-15,2025-10-31,2028-01-27,2028-04-27,2024-08-15,"Wind Onshore","Completed","Planning",TRUE,38188800,63.1428571428571,TRUE,818,116.857142857143,TRUE,7862400,13,4
"706","Application Submitted",0.6,17257,NA,NA,NA,2024-08-30,2025-09-05,2031-12-18,2033-02-25,2024-08-30,"Wind Onshore","Completed","Planning",TRUE,32054400,53,TRUE,2295,327.857142857143,TRUE,37584000,62.1428571428571,4
"707","Application Submitted",20,17260,NA,NA,NA,2024-09-04,2025-07-02,2026-10-31,2026-12-31,2024-09-04,"Solar Photovoltaics","Completed","Planning",FALSE,26006400,43,TRUE,486,69.4285714285714,TRUE,5270400,8.71428571428572,4
"708","Application Submitted",NA,17312,NA,NA,NA,2024-09-28,2025-05-20,2027-01-13,2027-02-10,2024-09-28,"Solar Photovoltaics","Completed","Planning",TRUE,20217600,33.4285714285714,TRUE,603,86.1428571428571,TRUE,2419200,4,4
"709","Application Submitted",0.6,17318,NA,NA,NA,2024-08-28,2025-05-01,2028-06-15,2029-07-22,2024-08-28,"Wind Onshore","Completed","Planning",TRUE,21254400,35.1428571428571,TRUE,1141,163,TRUE,34732800,57.4285714285714,4
"710","Application Submitted",NA,17417,NA,NA,NA,2024-09-23,2026-01-04,2027-02-09,2027-12-26,2024-09-23,"Solar Photovoltaics","Completed","Planning",FALSE,40435200,66.8571428571429,TRUE,401,57.2857142857143,TRUE,27648000,45.7142857142857,4
"711","Application Submitted",NA,17425,NA,NA,NA,2024-09-20,2027-04-14,2027-12-10,2029-05-06,2024-09-20,"Wind Onshore","Completed","Planning",TRUE,80870400,133.714285714286,TRUE,240,34.2857142857143,TRUE,44323200,73.2857142857143,4
"712","Application Submitted",NA,17426,NA,NA,NA,2024-09-23,2025-09-09,2028-04-13,2029-04-27,2024-09-23,"Wind Onshore","Completed","Planning",TRUE,30326400,50.1428571428571,TRUE,947,135.285714285714,TRUE,32745600,54.1428571428571,4
"713","Application Submitted",NA,17461,NA,NA,NA,2024-09-30,2029-03-19,2031-03-25,2032-04-07,2024-09-30,"Wind Onshore","Completed","Planning",FALSE,140918400,233,TRUE,736,105.142857142857,TRUE,32745600,54.1428571428571,4
"714","Application Submitted",16.8,17627,NA,NA,NA,2024-11-01,2026-09-28,2030-08-04,2031-08-11,2024-11-01,"Wind Onshore","Completed","Planning",TRUE,60134400,99.4285714285714,FALSE,1406,200.857142857143,TRUE,32140800,53.1428571428571,4
"715","Application Submitted",NA,17665,NA,NA,NA,2024-10-23,2026-02-24,2029-01-28,2030-04-19,2024-10-23,"Wind Onshore","Completed","Planning",TRUE,42249600,69.8571428571429,TRUE,1069,152.714285714286,TRUE,38534400,63.7142857142857,4
"716","Application Submitted",NA,17711,NA,NA,NA,2024-11-07,2025-01-09,2027-06-07,2027-08-12,2024-11-07,"Solar Photovoltaics","Completed","Planning",TRUE,5443200,9,TRUE,879,125.571428571429,TRUE,5702400,9.42857142857143,4
"717","Application Submitted",0.3,17825,NA,NA,NA,2024-11-12,2028-10-22,2035-02-16,2036-06-12,2024-11-12,"Wind Onshore","Completed","Planning",TRUE,124416000,205.714285714286,TRUE,2308,329.714285714286,TRUE,41644800,68.8571428571429,4
"718","Application Submitted",3.5,18060,NA,NA,NA,2024-12-18,2025-03-26,2026-10-10,2027-07-01,2024-12-18,"Solar Photovoltaics","Completed","Planning",TRUE,8467200,14,TRUE,563,80.4285714285714,TRUE,22809600,37.7142857142857,4
"719","Application Submitted",0.25,18104,NA,NA,NA,2024-12-19,2025-06-06,2027-11-02,2028-02-10,2024-12-19,"Solar Photovoltaics","Completed","Planning",TRUE,14601600,24.1428571428571,FALSE,879,125.571428571429,TRUE,8640000,14.2857142857143,4
"720","Application Submitted",NA,18147,NA,NA,NA,2025-01-15,2029-11-12,2032-12-27,2033-06-28,2025-01-15,"Wind Onshore","Completed","Planning",TRUE,152236800,251.714285714286,TRUE,1141,163,TRUE,15811200,26.1428571428571,4
"721","Application Submitted",4.99,18205,NA,NA,NA,2025-01-13,2025-12-03,2027-01-08,2027-09-24,2025-01-13,"Solar Photovoltaics","Completed","Planning",TRUE,27993600,46.2857142857143,TRUE,401,57.2857142857143,TRUE,22377600,37,4
"722","Application Submitted",NA,18379,NA,NA,NA,2025-01-09,2028-01-04,2029-04-28,2030-08-17,2025-01-09,"Wind Onshore","Completed","Planning",TRUE,94176000,155.714285714286,TRUE,480,68.5714285714286,TRUE,41126400,68,4
"723","Application Submitted",NA,18380,NA,NA,NA,2025-01-08,2029-05-20,2030-01-14,2031-03-25,2025-01-08,"Wind Onshore","Completed","Planning",TRUE,137635200,227.571428571429,TRUE,239,34.1428571428571,TRUE,37584000,62.1428571428571,4
"724","Application Submitted",0.25,18394,NA,NA,NA,2025-01-29,2025-12-31,2028-04-04,2029-01-22,2025-01-29,"Wind Onshore","Completed","Planning",FALSE,29030400,48,TRUE,825,117.857142857143,TRUE,25315200,41.8571428571429,4
"725","Application Submitted",NA,18442,NA,NA,NA,2025-02-13,2025-09-21,2028-04-25,2029-07-04,2025-02-13,"Wind Onshore","Completed","Planning",TRUE,19008000,31.4285714285714,TRUE,947,135.285714285714,TRUE,37584000,62.1428571428571,4
"726","Application Submitted",NA,18443,NA,NA,NA,2025-02-17,2026-02-18,2027-04-08,2027-04-08,2025-02-17,"Wind Onshore","Completed","Planning",FALSE,31622400,52.2857142857143,TRUE,414,59.1428571428571,TRUE,0,0,4
"727","Application Submitted",NA,18444,NA,NA,NA,2025-02-17,2026-02-24,2026-12-24,2027-07-04,2025-02-17,"Wind Onshore","Completed","Planning",TRUE,32140800,53.1428571428571,TRUE,303,43.2857142857143,TRUE,16588800,27.4285714285714,4
"728","Application Submitted",0.2,18445,NA,NA,NA,2025-02-26,2025-09-13,2028-12-08,2029-09-27,2025-02-26,"Wind Onshore","Completed","Planning",TRUE,17193600,28.4285714285714,FALSE,1182,168.857142857143,TRUE,25315200,41.8571428571429,4
"729","Awaiting Construction",9.2,4149,353980800,NA,NA,2007-10-02,2018-12-20,2023-09-25,2024-10-26,2007-10-02,"Wind Onshore","Completed","Connection",TRUE,353980800,585.285714285714,TRUE,1740,248.571428571429,TRUE,34300800,56.7142857142857,5
"730","Awaiting Construction",24,4301,143510400,NA,NA,2013-11-27,2018-06-15,2024-05-13,2024-11-21,2013-11-27,"Wind Onshore","Completed","Connection",TRUE,143510400,237.285714285714,FALSE,2159,308.428571428571,TRUE,16588800,27.4285714285714,5
"731","Awaiting Construction",13.8,4564,224121600,NA,NA,2010-12-09,2018-01-15,2022-06-21,2023-09-10,2010-12-09,"Wind Onshore","Completed","Connection",TRUE,224121600,370.571428571429,TRUE,1618,231.142857142857,TRUE,38534400,63.7142857142857,5
"732","Awaiting Construction",12.6,4565,220147200,NA,NA,2012-08-23,2019-08-15,2022-07-19,2023-01-16,2012-08-23,"Wind Onshore","Completed","Connection",TRUE,220147200,364,TRUE,1069,152.714285714286,TRUE,15638400,25.8571428571429,5
"733","Awaiting Construction",25,6024,72057600,NA,NA,2016-02-10,2018-05-24,2019-02-09,2019-04-23,2016-02-10,"Solar Photovoltaics","Completed","Connection",TRUE,72057600,119.142857142857,TRUE,261,37.2857142857143,TRUE,6307200,10.4285714285714,5
"734","Awaiting Construction",20.7,6096,81043200,NA,NA,2015-10-13,2018-05-08,2020-07-25,2021-02-02,2015-10-13,"Wind Onshore","Completed","Connection",TRUE,81043200,134,TRUE,809,115.571428571429,TRUE,16588800,27.4285714285714,5
"735","Awaiting Construction",36.3,6143,152236800,NA,NA,2016-05-19,2021-03-16,2022-04-23,2024-06-26,2016-05-19,"Wind Onshore","Completed","Connection",TRUE,152236800,251.714285714286,TRUE,403,57.5714285714286,TRUE,68688000,113.571428571429,5
"736","Awaiting Construction",2.3,6154,68774400,NA,NA,2016-06-15,2018-08-20,2020-07-07,2020-10-16,2016-06-15,"Wind Onshore","Completed","Connection",TRUE,68774400,113.714285714286,TRUE,687,98.1428571428571,TRUE,8726400,14.4285714285714,5
"737","Awaiting Construction",29.7,6562,89164800,NA,NA,2018-02-19,2020-12-17,2026-11-15,2027-02-24,2018-02-19,"Wind Onshore","Completed","Connection",TRUE,89164800,147.428571428571,TRUE,2159,308.428571428571,TRUE,8726400,14.4285714285714,5
"738","Awaiting Construction",4.8,6646,26092800,NA,NA,2018-06-19,2019-04-17,2023-04-22,2023-12-05,2018-06-19,"Wind Onshore","Completed","Connection",TRUE,26092800,43.1428571428571,TRUE,1466,209.428571428571,TRUE,19612800,32.4285714285714,5
"739","Awaiting Construction",0.3,6774,16416000,NA,NA,2018-12-10,2019-06-18,2020-04-16,2021-01-03,2018-12-10,"Wind Onshore","Completed","Connection",TRUE,16416000,27.1428571428571,TRUE,303,43.2857142857143,TRUE,22636800,37.4285714285714,5
"740","Awaiting Construction",23.1,6790,27043200,NA,NA,2018-10-04,2019-08-13,2024-08-02,2026-04-02,2018-10-04,"Wind Onshore","Completed","Connection",TRUE,27043200,44.7142857142857,FALSE,1816,259.428571428571,TRUE,52531200,86.8571428571429,5
"741","Awaiting Construction",0.3,6801,51926400,NA,NA,2017-08-04,2019-03-28,2020-05-23,2021-12-31,2017-08-04,"Wind Onshore","Completed","Connection",TRUE,51926400,85.8571428571429,TRUE,422,60.2857142857143,TRUE,50716800,83.8571428571429,5
"742","Awaiting Construction",0.2,6812,12614400,NA,NA,2018-12-07,2019-05-02,2023-10-11,2024-11-04,2018-12-07,"Wind Onshore","Completed","Connection",TRUE,12614400,20.8571428571429,FALSE,1623,231.857142857143,TRUE,33696000,55.7142857142857,5
"743","Awaiting Construction",1.5,7213,35510400,NA,NA,2018-11-21,2020-01-06,2023-04-02,2023-12-20,2018-11-21,"Wind Onshore","Completed","Connection",TRUE,35510400,58.7142857142857,TRUE,1182,168.857142857143,TRUE,22636800,37.4285714285714,5
"744","Awaiting Construction",0.2,7271,18748800,NA,NA,2019-02-07,2019-09-12,2026-12-10,2027-09-10,2019-02-07,"Wind Onshore","Completed","Connection",TRUE,18748800,31,FALSE,2646,378,TRUE,23673600,39.1428571428571,5
"745","Awaiting Construction",0.3,7289,36288000,NA,NA,2019-01-25,2020-03-20,2022-10-16,2023-09-13,2019-01-25,"Wind Onshore","Completed","Connection",TRUE,36288000,60,TRUE,940,134.285714285714,TRUE,28684800,47.4285714285714,5
"746","Awaiting Construction",0.5,7329,53827200,NA,NA,2018-12-18,2020-09-01,2024-09-06,2025-12-26,2018-12-18,"Wind Onshore","Completed","Connection",TRUE,53827200,89,FALSE,1466,209.428571428571,TRUE,41126400,68,5
"747","Awaiting Construction",0.3,7346,141264000,NA,NA,2019-05-30,2023-11-20,2025-11-25,2026-07-10,2019-05-30,"Wind Onshore","Completed","Connection",TRUE,141264000,233.571428571429,TRUE,736,105.142857142857,TRUE,19612800,32.4285714285714,5
"748","Awaiting Construction",0.5,7354,28684800,NA,NA,2019-05-24,2020-04-20,2024-07-17,2025-05-30,2019-05-24,"Wind Onshore","Completed","Connection",TRUE,28684800,47.4285714285714,TRUE,1549,221.285714285714,TRUE,27388800,45.2857142857143,5
"749","Awaiting Construction",0.7,7367,81734400,NA,NA,2019-05-20,2021-12-21,2026-12-11,2027-10-11,2019-05-20,"Wind Onshore","Completed","Connection",TRUE,81734400,135.142857142857,TRUE,1816,259.428571428571,TRUE,26265600,43.4285714285714,5
"750","Awaiting Construction",0.3,7387,43200000,NA,NA,2019-05-13,2020-09-24,2025-09-14,2025-11-14,2019-05-13,"Wind Onshore","Completed","Connection",TRUE,43200000,71.4285714285714,TRUE,1816,259.428571428571,TRUE,5270400,8.71428571428572,5
"751","Awaiting Construction",0.2,7392,62467200,NA,NA,2019-05-01,2021-04-23,2024-07-18,2025-09-26,2019-05-01,"Wind Onshore","Completed","Connection",TRUE,62467200,103.285714285714,TRUE,1182,168.857142857143,TRUE,37584000,62.1428571428571,5
"752","Awaiting Construction",46.8,7406,17625600,NA,NA,2018-09-25,2019-04-17,2022-06-01,2023-02-04,2018-09-25,"Wind Onshore","Completed","Connection",TRUE,17625600,29.1428571428571,TRUE,1141,163,TRUE,21427200,35.4285714285714,5
"753","Awaiting Construction",0.3,7407,4233600,NA,NA,2019-03-12,2019-04-30,2019-05-01,2020-12-29,2019-03-12,"Wind Onshore","Completed","Connection",TRUE,4233600,7,TRUE,1,0.142857142857143,TRUE,52531200,86.8571428571429,5
"754","Awaiting Construction",0.3,7436,50112000,NA,NA,2019-03-07,2020-10-07,2025-03-13,2026-03-13,2019-03-07,"Wind Onshore","Completed","Connection",TRUE,50112000,82.8571428571429,TRUE,1618,231.142857142857,TRUE,31536000,52.1428571428571,5
"755","Awaiting Construction",0.3,7445,9072000,NA,NA,2019-03-11,2019-06-24,2021-07-15,2022-11-09,2019-03-11,"Wind Onshore","Completed","Connection",TRUE,9072000,15,TRUE,752,107.428571428571,TRUE,41644800,68.8571428571429,5
"756","Awaiting Construction",28,7489,99273600,NA,NA,2019-08-13,2022-10-05,2025-08-09,2025-11-08,2019-08-13,"Wind Onshore","Completed","Connection",TRUE,99273600,164.142857142857,TRUE,1039,148.428571428571,TRUE,7862400,13,5
"757","Awaiting Construction",0.3,7494,66528000,NA,NA,2019-08-21,2021-09-29,2028-02-24,2029-01-21,2019-08-21,"Wind Onshore","Completed","Connection",TRUE,66528000,110,TRUE,2339,334.142857142857,TRUE,28684800,47.4285714285714,5
"758","Awaiting Construction",0.3,7504,49593600,NA,NA,2019-08-15,2021-03-11,2025-08-20,2026-09-03,2019-08-15,"Wind Onshore","Completed","Connection",TRUE,49593600,82,TRUE,1623,231.857142857143,TRUE,32745600,54.1428571428571,5
"759","Awaiting Construction",20,7543,83548800,NA,NA,2019-07-09,2022-03-02,2026-01-06,2026-11-06,2019-07-09,"Wind Onshore","Completed","Connection",TRUE,83548800,138.142857142857,TRUE,1406,200.857142857143,TRUE,26265600,43.4285714285714,5
"760","Awaiting Construction",0.3,7545,50284800,NA,NA,2019-07-02,2021-02-03,2022-12-22,2023-09-22,2019-07-02,"Wind Onshore","Completed","Connection",TRUE,50284800,83.1428571428572,TRUE,687,98.1428571428571,TRUE,23673600,39.1428571428571,5
"761","Awaiting Construction",0.2,7560,9590400,NA,NA,2019-06-14,2019-10-03,2022-02-02,2023-05-26,2019-06-14,"Wind Onshore","Completed","Connection",TRUE,9590400,15.8571428571429,TRUE,853,121.857142857143,TRUE,41299200,68.2857142857143,5
"762","Awaiting Construction",0.2,7563,146966400,NA,NA,2019-06-07,2024-02-02,2030-05-29,2031-10-24,2019-06-07,"Wind Onshore","Completed","Connection",TRUE,146966400,243,TRUE,2308,329.714285714286,TRUE,44323200,73.2857142857143,5
"763","Awaiting Construction",0.3,7603,30153600,NA,NA,2019-11-27,2020-11-10,2025-10-31,2027-06-10,2019-11-27,"Wind Onshore","Completed","Connection",TRUE,30153600,49.8571428571429,FALSE,1816,259.428571428571,TRUE,50716800,83.8571428571429,5
"764","Awaiting Construction",0.3,7612,26956800,NA,NA,2019-11-25,2020-10-02,2026-12-01,2028-07-31,2019-11-25,"Wind Onshore","Completed","Connection",TRUE,26956800,44.5714285714286,TRUE,2251,321.571428571429,TRUE,52531200,86.8571428571429,5
"765","Awaiting Construction",0.3,7615,36806400,NA,NA,2019-11-20,2021-01-19,2025-06-30,2027-02-07,2019-11-20,"Wind Onshore","Completed","Connection",TRUE,36806400,60.8571428571429,TRUE,1623,231.857142857143,TRUE,50716800,83.8571428571429,5
"766","Awaiting Construction",0.3,7627,30326400,NA,NA,2019-11-12,2020-10-28,2022-05-19,2023-07-28,2019-11-12,"Wind Onshore","Completed","Connection",TRUE,30326400,50.1428571428571,TRUE,568,81.1428571428571,TRUE,37584000,62.1428571428571,5
"767","Awaiting Construction",0.3,7633,29721600,NA,NA,2019-11-06,2020-10-15,2025-02-26,2026-05-07,2019-11-06,"Wind Onshore","Completed","Connection",TRUE,29721600,49.1428571428571,TRUE,1595,227.857142857143,TRUE,37584000,62.1428571428571,5
"768","Awaiting Construction",0.25,7635,46828800,NA,NA,2019-10-29,2021-04-23,2021-12-19,2023-01-02,2019-10-29,"Wind Onshore","Completed","Connection",TRUE,46828800,77.4285714285714,TRUE,240,34.2857142857143,TRUE,32745600,54.1428571428571,5
"769","Awaiting Construction",0.5,7639,29894400,NA,NA,2019-11-01,2020-10-12,2022-12-30,2024-10-19,2019-11-01,"Wind Onshore","Completed","Connection",TRUE,29894400,49.4285714285714,FALSE,809,115.571428571429,TRUE,56937600,94.1428571428572,5
"770","Awaiting Construction",10,7640,27302400,NA,NA,2019-10-14,2020-08-25,2022-05-17,2022-07-18,2019-10-14,"Wind Onshore","Completed","Connection",TRUE,27302400,45.1428571428571,FALSE,630,90,TRUE,5356800,8.85714285714286,5
"771","Awaiting Construction",0.2,7643,33782400,NA,NA,2019-10-18,2020-11-12,2022-01-08,2023-02-14,2019-10-18,"Wind Onshore","Completed","Connection",TRUE,33782400,55.8571428571429,TRUE,422,60.2857142857143,TRUE,34732800,57.4285714285714,5
"772","Awaiting Construction",0.3,7644,16416000,NA,NA,2019-10-23,2020-04-30,2024-11-14,2025-09-14,2019-10-23,"Wind Onshore","Completed","Connection",TRUE,16416000,27.1428571428571,TRUE,1659,237,TRUE,26265600,43.4285714285714,5
"773","Awaiting Construction",0.3,7645,16416000,NA,NA,2019-10-23,2020-04-30,2024-08-05,2025-07-19,2019-10-23,"Wind Onshore","Completed","Connection",TRUE,16416000,27.1428571428571,FALSE,1558,222.571428571429,TRUE,30067200,49.7142857142857,5
"774","Awaiting Construction",0.3,7647,11491200,NA,NA,2019-10-15,2020-02-25,2022-09-22,2025-03-23,2019-10-15,"Wind Onshore","Completed","Connection",TRUE,11491200,19,TRUE,940,134.285714285714,TRUE,78883200,130.428571428571,5
"775","Awaiting Construction",1,7650,22896000,NA,NA,2019-10-17,2020-07-08,2020-09-12,2021-03-12,2019-10-17,"Wind Onshore","Completed","Connection",TRUE,22896000,37.8571428571429,TRUE,66,9.42857142857143,TRUE,15638400,25.8571428571429,5
"776","Awaiting Construction",0.5,7651,42681600,NA,NA,2019-10-14,2021-02-19,2023-02-25,2024-03-28,2019-10-14,"Wind Onshore","Completed","Connection",TRUE,42681600,70.5714285714286,TRUE,736,105.142857142857,TRUE,34300800,56.7142857142857,5
"777","Awaiting Construction",0.3,7664,14083200,NA,NA,2019-09-25,2020-03-06,2026-05-05,2027-02-22,2019-09-25,"Wind Onshore","Completed","Connection",TRUE,14083200,23.2857142857143,TRUE,2251,321.571428571429,TRUE,25315200,41.8571428571429,5
"778","Awaiting Construction",0.3,7680,23932800,NA,NA,2019-09-12,2020-06-15,2023-09-10,2024-10-11,2019-09-12,"Wind Onshore","Completed","Connection",TRUE,23932800,39.5714285714286,FALSE,1182,168.857142857143,TRUE,34300800,56.7142857142857,5
"779","Awaiting Construction",0.3,7719,40953600,NA,NA,2020-03-13,2021-06-30,2028-09-27,2030-02-10,2020-03-13,"Wind Onshore","Completed","Connection",TRUE,40953600,67.7142857142857,FALSE,2646,378,TRUE,43286400,71.5714285714286,5
"780","Awaiting Construction",0.3,7768,27907200,NA,NA,2019-12-11,2020-10-29,2023-01-25,2024-05-17,2019-12-11,"Wind Onshore","Completed","Connection",TRUE,27907200,46.1428571428571,TRUE,818,116.857142857143,TRUE,41299200,68.2857142857143,5
"781","Awaiting Construction",0.3,7777,29030400,NA,NA,2020-02-14,2021-01-15,2024-02-16,2026-04-21,2020-02-14,"Wind Onshore","Completed","Connection",TRUE,29030400,48,TRUE,1127,161,TRUE,68688000,113.571428571429,5
"782","Awaiting Construction",0.3,7779,32054400,NA,NA,2020-02-14,2021-02-19,2025-07-03,2027-04-23,2020-02-14,"Wind Onshore","Completed","Connection",TRUE,32054400,53,TRUE,1595,227.857142857143,TRUE,56937600,94.1428571428572,5
"783","Awaiting Construction",0.3,7805,23587200,NA,NA,2020-01-24,2020-10-23,2026-08-24,2027-07-19,2020-01-24,"Wind Onshore","Completed","Connection",TRUE,23587200,39,TRUE,2131,304.428571428571,TRUE,28425600,47,5
"784","Awaiting Construction",0.2,7809,38188800,NA,NA,2020-01-20,2021-04-06,2022-10-26,2023-11-09,2020-01-20,"Wind Onshore","Completed","Connection",TRUE,38188800,63.1428571428571,TRUE,568,81.1428571428571,TRUE,32745600,54.1428571428571,5
"785","Awaiting Construction",0.3,7833,22723200,NA,NA,2019-12-20,2020-09-08,2025-06-14,2026-05-09,2019-12-20,"Wind Onshore","Completed","Connection",TRUE,22723200,37.5714285714286,TRUE,1740,248.571428571429,TRUE,28425600,47,5
"786","Awaiting Construction",0.3,7920,83980800,NA,NA,2020-03-20,2022-11-17,2029-01-15,2030-11-05,2020-03-20,"Wind Onshore","Completed","Connection",TRUE,83980800,138.857142857143,TRUE,2251,321.571428571429,TRUE,56937600,94.1428571428572,5
"787","Awaiting Construction",0.3,7931,67737600,NA,NA,2020-05-06,2022-06-29,2023-10-22,2024-12-30,2020-05-06,"Wind Onshore","Completed","Connection",TRUE,67737600,112,TRUE,480,68.5714285714286,TRUE,37584000,62.1428571428571,5
"788","Awaiting Construction",0.3,7935,84672000,NA,NA,2020-03-12,2022-11-17,2028-01-25,2028-07-10,2020-03-12,"Wind Onshore","Completed","Connection",TRUE,84672000,140,FALSE,1895,270.714285714286,TRUE,14428800,23.8571428571429,5
"789","Awaiting Construction",0.3,7964,30153600,NA,NA,2020-03-19,2021-03-03,2027-01-02,2027-03-05,2020-03-19,"Wind Onshore","Completed","Connection",TRUE,30153600,49.8571428571429,TRUE,2131,304.428571428571,TRUE,5356800,8.85714285714286,5
"790","Awaiting Construction",0.3,8042,50025600,NA,NA,2020-08-27,2022-03-29,2024-12-10,2025-12-24,2020-08-27,"Wind Onshore","Completed","Connection",TRUE,50025600,82.7142857142857,FALSE,987,141,TRUE,32745600,54.1428571428571,5
"791","Awaiting Construction",0.2,8077,5356800,NA,NA,2020-08-07,2020-10-08,2027-01-20,2028-01-27,2020-08-07,"Wind Onshore","Completed","Connection",TRUE,5356800,8.85714285714286,TRUE,2295,327.857142857143,TRUE,32140800,53.1428571428571,5
"792","Awaiting Construction",0.3,8083,42076800,NA,NA,2020-08-06,2021-12-06,2022-08-03,2023-03-18,2020-08-06,"Wind Onshore","Completed","Connection",TRUE,42076800,69.5714285714286,TRUE,240,34.2857142857143,TRUE,19612800,32.4285714285714,5
"793","Awaiting Construction",14,8106,44064000,NA,NA,2020-07-23,2021-12-15,2024-08-27,2025-01-20,2020-07-23,"Wind Onshore","Completed","Connection",TRUE,44064000,72.8571428571429,TRUE,986,140.857142857143,TRUE,12614400,20.8571428571429,5
"794","Awaiting Construction",0.3,8135,56851200,NA,NA,2020-06-17,2022-04-06,2026-06-26,2027-06-04,2020-06-17,"Wind Onshore","Completed","Connection",TRUE,56851200,94,TRUE,1542,220.285714285714,TRUE,29635200,49,5
"795","Awaiting Construction",NA,8200,21254400,NA,NA,2020-11-02,2021-07-06,2026-02-21,2027-04-23,2020-11-02,"Wind Onshore","Completed","Connection",TRUE,21254400,35.1428571428571,TRUE,1691,241.571428571429,TRUE,36806400,60.8571428571429,5
"796","Awaiting Construction",0.25,8231,47779200,NA,NA,2020-10-20,2022-04-26,2026-03-02,2026-06-11,2020-10-20,"Wind Onshore","Completed","Connection",TRUE,47779200,79,TRUE,1406,200.857142857143,TRUE,8726400,14.4285714285714,5
"797","Awaiting Construction",0.25,8232,18403200,NA,NA,2020-10-16,2021-05-17,2024-01-28,2024-12-25,2020-10-16,"Wind Onshore","Completed","Connection",TRUE,18403200,30.4285714285714,TRUE,986,140.857142857143,TRUE,28684800,47.4285714285714,5
"798","Awaiting Construction",0.25,8236,5702400,NA,NA,2020-10-12,2020-12-17,2021-10-16,2022-11-22,2020-10-12,"Wind Onshore","Completed","Connection",TRUE,5702400,9.42857142857143,TRUE,303,43.2857142857143,TRUE,34732800,57.4285714285714,5
"799","Awaiting Construction",0.25,8237,28598400,NA,NA,2020-10-05,2021-09-01,2027-12-14,2028-09-01,2020-10-05,"Wind Onshore","Completed","Connection",TRUE,28598400,47.2857142857143,FALSE,2295,327.857142857143,TRUE,22636800,37.4285714285714,5
"800","Awaiting Construction",0.25,8258,106790400,NA,NA,2020-12-21,2024-05-10,2028-09-21,2029-10-16,2020-12-21,"Wind Onshore","Completed","Connection",TRUE,106790400,176.571428571429,TRUE,1595,227.857142857143,TRUE,33696000,55.7142857142857,5
"801","Awaiting Construction",0.25,8266,42249600,NA,NA,2020-12-22,2022-04-25,2027-04-15,2028-05-21,2020-12-22,"Wind Onshore","Completed","Connection",TRUE,42249600,69.8571428571429,TRUE,1816,259.428571428571,TRUE,34732800,57.4285714285714,5
"802","Awaiting Construction",0.25,8273,30067200,NA,NA,2020-12-24,2021-12-07,2025-11-04,2026-10-02,2020-12-24,"Wind Onshore","Completed","Connection",TRUE,30067200,49.7142857142857,TRUE,1428,204,TRUE,28684800,47.4285714285714,5
"803","Awaiting Construction",0.25,8279,106790400,NA,NA,2020-12-21,2024-05-10,2026-12-06,2027-12-06,2020-12-21,"Wind Onshore","Completed","Connection",TRUE,106790400,176.571428571429,TRUE,940,134.285714285714,TRUE,31536000,52.1428571428571,5
"804","Awaiting Construction",0.4,8422,27216000,NA,NA,2021-01-20,2021-12-01,2024-04-09,2025-05-11,2021-01-20,"Wind Onshore","Completed","Connection",TRUE,27216000,45,FALSE,860,122.857142857143,TRUE,34300800,56.7142857142857,5
"805","Awaiting Construction",0.15,8431,15292800,NA,NA,2021-01-26,2021-07-22,2023-06-09,2023-12-18,2021-01-26,"Wind Onshore","Completed","Connection",TRUE,15292800,25.2857142857143,TRUE,687,98.1428571428571,TRUE,16588800,27.4285714285714,5
"806","Awaiting Construction",NA,8867,44409600,NA,NA,2021-02-09,2022-07-08,2026-12-12,2028-08-11,2021-02-09,"Wind Onshore","Completed","Connection",TRUE,44409600,73.4285714285714,TRUE,1618,231.142857142857,TRUE,52531200,86.8571428571429,5
"807","Awaiting Construction",0.25,8868,100915200,NA,NA,2021-02-19,2024-05-02,2026-02-01,2026-12-27,2021-02-19,"Wind Onshore","Completed","Connection",TRUE,100915200,166.857142857143,TRUE,640,91.4285714285714,TRUE,28425600,47,5
"808","Awaiting Construction",0.25,8869,26179200,NA,NA,2021-02-17,2021-12-17,2024-07-21,2025-06-15,2021-02-17,"Wind Onshore","Completed","Connection",TRUE,26179200,43.2857142857143,TRUE,947,135.285714285714,TRUE,28425600,47,5
"809","Awaiting Construction",NA,8872,106531200,NA,NA,2021-02-09,2024-06-26,2027-09-21,2028-09-03,2021-02-09,"Wind Onshore","Completed","Connection",TRUE,106531200,176.142857142857,FALSE,1182,168.857142857143,TRUE,30067200,49.7142857142857,5
"810","Awaiting Construction",0.25,8873,16675200,NA,NA,2021-02-19,2021-08-31,2023-12-04,2024-09-03,2021-02-19,"Wind Onshore","Completed","Connection",TRUE,16675200,27.5714285714286,TRUE,825,117.857142857143,TRUE,23673600,39.1428571428571,5
"811","Awaiting Construction",0.25,8874,16761600,NA,NA,2021-02-18,2021-08-31,2030-08-25,2031-08-25,2021-02-18,"Wind Onshore","Completed","Connection",TRUE,16761600,27.7142857142857,TRUE,3281,468.714285714286,TRUE,31536000,52.1428571428571,5
"812","Awaiting Construction",0.25,8875,17193600,NA,NA,2021-03-08,2021-09-23,2025-08-21,2027-01-16,2021-03-08,"Wind Onshore","Completed","Connection",TRUE,17193600,28.4285714285714,TRUE,1428,204,TRUE,44323200,73.2857142857143,5
"813","Awaiting Construction",NA,8876,53740800,NA,NA,2021-02-09,2022-10-24,2025-05-28,2027-02-15,2021-02-09,"Wind Onshore","Completed","Connection",TRUE,53740800,88.8571428571429,TRUE,947,135.285714285714,TRUE,54259200,89.7142857142857,5
"814","Awaiting Construction",NA,8877,31622400,NA,NA,2021-02-22,2022-02-23,2026-01-21,2025-09-01,2021-02-22,"Wind Onshore","Completed","Connection",TRUE,31622400,52.2857142857143,TRUE,1428,204,TRUE,-12268800,-20.2857142857143,5
"815","Awaiting Construction",0.25,9595,43545600,NA,NA,2020-06-08,2021-10-25,2023-09-12,2024-10-06,2020-06-08,"Wind Onshore","Completed","Connection",TRUE,43545600,72,TRUE,687,98.1428571428571,TRUE,33696000,55.7142857142857,5
"816","Awaiting Construction",0.15,9599,41644800,NA,NA,2021-08-24,2022-12-19,2025-07-08,2026-09-08,2021-08-24,"Wind Onshore","Completed","Connection",TRUE,41644800,68.8571428571429,TRUE,932,133.142857142857,TRUE,36892800,61,5
"817","Awaiting Construction",0.25,9675,18921600,NA,NA,2021-08-17,2022-03-24,2031-04-03,2033-01-21,2021-08-17,"Wind Onshore","Completed","Connection",TRUE,18921600,31.2857142857143,TRUE,3297,471,TRUE,56937600,94.1428571428572,5
"818","Awaiting Construction",0.25,9713,5875200,NA,NA,2021-08-18,2021-10-25,2025-01-19,2026-11-09,2021-08-18,"Wind Onshore","Completed","Connection",TRUE,5875200,9.71428571428572,TRUE,1182,168.857142857143,TRUE,56937600,94.1428571428572,5
"819","Awaiting Construction",0.15,10591,10972800,NA,NA,2021-11-30,2022-04-06,2028-02-05,2029-02-04,2021-11-30,"Wind Onshore","Completed","Connection",TRUE,10972800,18.1428571428571,TRUE,2131,304.428571428571,TRUE,31536000,52.1428571428571,5
"820","Awaiting Construction",0.25,11506,19008000,NA,NA,2021-10-19,2022-05-27,2024-02-16,2025-01-15,2021-10-19,"Wind Onshore","Completed","Connection",TRUE,19008000,31.4285714285714,FALSE,630,90,TRUE,28857600,47.7142857142857,5
"821","Awaiting Construction",NA,13665,15033600,NA,NA,2023-01-17,2023-07-10,2032-07-03,2033-07-10,2023-01-17,"Wind Onshore","Completed","Connection",TRUE,15033600,24.8571428571429,TRUE,3281,468.714285714286,TRUE,32140800,53.1428571428571,5
"822","Awaiting Construction",NA,13667,31622400,NA,NA,2023-01-25,2024-01-26,2025-03-04,2026-03-18,2023-01-25,"Wind Onshore","Completed","Connection",TRUE,31622400,52.2857142857143,TRUE,403,57.5714285714286,TRUE,32745600,54.1428571428571,5
"823","Awaiting Construction",0.85,13668,26784000,NA,NA,2023-01-25,2023-12-01,2027-10-07,2027-10-07,2023-01-25,"Wind Onshore","Completed","Connection",TRUE,26784000,44.2857142857143,FALSE,1406,200.857142857143,TRUE,0,0,5
"824","Awaiting Construction",0.66,13994,26179200,NA,NA,2023-02-01,2023-12-01,2026-11-04,2027-03-30,2023-02-01,"Wind Onshore","Completed","Connection",TRUE,26179200,43.2857142857143,TRUE,1069,152.714285714286,TRUE,12614400,20.8571428571429,5
"825","Awaiting Construction",0.25,13995,35942400,NA,NA,2023-02-07,2024-03-29,2030-02-25,2030-11-26,2023-02-07,"Wind Onshore","Completed","Connection",TRUE,35942400,59.4285714285714,FALSE,2159,308.428571428571,TRUE,23673600,39.1428571428571,5
"826","Awaiting Construction",0.66,14112,32054400,NA,NA,2023-02-21,2024-02-27,2026-09-16,2026-11-17,2023-02-21,"Wind Onshore","Completed","Connection",TRUE,32054400,53,TRUE,932,133.142857142857,TRUE,5356800,8.85714285714286,5
"827","Awaiting Construction",0.85,14114,38361600,NA,NA,2023-03-07,2024-05-24,2025-01-19,2026-03-21,2023-03-07,"Wind Onshore","Completed","Connection",TRUE,38361600,63.4285714285714,TRUE,240,34.2857142857143,TRUE,36806400,60.8571428571429,5
"828","Awaiting Construction",0.25,14115,17971200,NA,NA,2023-03-09,2023-10-03,2026-04-22,2027-03-22,2023-03-09,"Wind Onshore","Completed","Connection",TRUE,17971200,29.7142857142857,TRUE,932,133.142857142857,TRUE,28857600,47.7142857142857,5
"829","Awaiting Construction",NA,14126,36806400,NA,NA,2023-04-04,2024-06-03,2025-02-19,2025-11-05,2023-04-04,"Solar Photovoltaics","Completed","Connection",TRUE,36806400,60.8571428571429,TRUE,261,37.2857142857143,TRUE,22377600,37,5
"830","Awaiting Construction",2,14132,18403200,NA,NA,2023-05-09,2023-12-08,2026-04-09,2027-06-18,2023-05-09,"Wind Onshore","Completed","Connection",TRUE,18403200,30.4285714285714,TRUE,853,121.857142857143,TRUE,37584000,62.1428571428571,5
"831","Awaiting Construction",0.15,15229,5356800,NA,NA,2023-10-19,2023-12-20,2025-04-27,2025-07-03,2023-10-19,"Solar Photovoltaics","Completed","Connection",TRUE,5356800,8.85714285714286,TRUE,494,70.5714285714286,TRUE,5788800,9.57142857142857,5
"832","Awaiting Construction",NA,15281,9763200,NA,NA,2023-10-19,2024-02-09,2026-03-02,2028-01-18,2023-10-19,"Wind Onshore","Completed","Connection",TRUE,9763200,16.1428571428571,FALSE,752,107.428571428571,TRUE,59356800,98.1428571428572,5
"833","Awaiting Construction",NA,16293,16934400,NA,NA,2024-03-26,2024-10-08,2026-03-20,2026-07-01,2024-03-26,"Solar Photovoltaics","Completed","Connection",TRUE,16934400,28,TRUE,528,75.4285714285714,TRUE,8899200,14.7142857142857,5
"834","Awaiting Construction",2,16451,9849600,NA,NA,2024-04-22,2024-08-14,2025-05-02,2025-05-30,2024-04-22,"Solar Photovoltaics","Completed","Connection",TRUE,9849600,16.2857142857143,TRUE,261,37.2857142857143,TRUE,2419200,4,5
"835","Awaiting Construction",2.5,16454,10022400,NA,NA,2024-04-22,2024-08-16,2027-01-12,2027-03-12,2024-04-22,"Solar Photovoltaics","Completed","Connection",TRUE,10022400,16.5714285714286,FALSE,879,125.571428571429,TRUE,5097600,8.42857142857143,5
"836","Awaiting Construction",0.3,16620,16848000,NA,NA,2024-05-28,2024-12-09,2026-04-17,2026-07-29,2024-05-28,"Solar Photovoltaics","Completed","Connection",TRUE,16848000,27.8571428571429,TRUE,494,70.5714285714286,TRUE,8899200,14.7142857142857,5
"837","Awaiting Construction",NA,16629,19526400,NA,NA,2024-05-28,2025-01-09,2027-03-29,2027-09-28,2024-05-28,"Wind Onshore","Completed","Connection",TRUE,19526400,32.2857142857143,TRUE,809,115.571428571429,TRUE,15811200,26.1428571428571,5
"838","Awaiting Construction",NA,16715,5443200,NA,NA,2024-06-12,2024-08-14,2025-09-05,2026-01-14,2024-06-12,"Solar Photovoltaics","Completed","Connection",TRUE,5443200,9,TRUE,387,55.2857142857143,TRUE,11318400,18.7142857142857,5
"839","Awaiting Construction",NA,16716,5443200,NA,NA,2024-06-12,2024-08-14,2025-06-23,2026-05-09,2024-06-12,"Solar Photovoltaics","Completed","Connection",TRUE,5443200,9,TRUE,313,44.7142857142857,TRUE,27648000,45.7142857142857,5
"840","Awaiting Construction",NA,17468,2678400,NA,NA,2024-09-30,2024-10-31,2026-03-10,2026-06-21,2024-09-30,"Solar Photovoltaics","Completed","Connection",TRUE,2678400,4.42857142857143,TRUE,495,70.7142857142857,TRUE,8899200,14.7142857142857,5
"841","Under Construction",27,4650,35942400,1127,NA,2011-09-26,2012-11-15,2015-12-17,2017-02-16,2011-09-26,"Wind Onshore","Completed","Construction",TRUE,35942400,59.4285714285714,TRUE,1127,161,TRUE,36892800,61,5
"842","Appeal Lodged",0.3,7672,NA,NA,NA,2019-09-16,2020-09-22,2022-12-26,2024-08-04,2019-09-16,"Wind Onshore","Completed","Planning",TRUE,32140800,53.1428571428571,FALSE,825,117.857142857143,TRUE,50716800,83.8571428571429,5
"843","Application Submitted",0.2,8166,NA,NA,NA,2020-12-21,2023-11-10,2028-02-15,2029-04-25,2020-12-21,"Wind Onshore","Completed","Planning",TRUE,91065600,150.571428571429,TRUE,1558,222.571428571429,TRUE,37584000,62.1428571428571,5
"844","Application Submitted",0.25,8194,NA,NA,NA,2020-11-16,2022-06-26,2027-01-10,2028-05-06,2020-11-16,"Wind Onshore","Completed","Planning",TRUE,50716800,83.8571428571429,TRUE,1659,237,TRUE,41644800,68.8571428571429,5
"845","Application Submitted",NA,8224,NA,NA,NA,2020-10-01,2022-05-11,2025-06-25,2027-02-23,2020-10-01,"Wind Onshore","Completed","Planning",TRUE,50716800,83.8571428571429,FALSE,1141,163,TRUE,52531200,86.8571428571429,5
"846","Application Submitted",NA,8262,NA,NA,NA,2020-12-22,2022-05-06,2026-10-15,2027-04-14,2020-12-22,"Wind Onshore","Completed","Planning",TRUE,43200000,71.4285714285714,TRUE,1623,231.857142857143,TRUE,15638400,25.8571428571429,5
"847","Application Submitted",0.25,8276,NA,NA,NA,2020-12-22,2021-12-06,2022-08-02,2023-08-26,2020-12-22,"Wind Onshore","Completed","Planning",TRUE,30153600,49.8571428571429,FALSE,239,34.1428571428571,TRUE,33609600,55.5714285714286,5
"848","Application Submitted",NA,8277,NA,NA,NA,2020-12-30,2021-09-02,2024-01-10,2024-07-11,2020-12-30,"Wind Onshore","Completed","Planning",FALSE,21254400,35.1428571428571,TRUE,860,122.857142857143,TRUE,15811200,26.1428571428571,5
"849","Application Submitted",3.75,8870,NA,NA,NA,2021-03-03,2021-09-09,2023-03-31,2023-05-29,2021-03-03,"Solar Photovoltaics","Completed","Planning",TRUE,16416000,27.1428571428571,TRUE,568,81.1428571428571,TRUE,5097600,8.42857142857143,5
"850","Application Submitted",NA,8871,NA,NA,NA,2021-02-26,2025-09-14,2026-10-22,2027-09-30,2021-02-26,"Wind Onshore","Completed","Planning",FALSE,143510400,237.285714285714,FALSE,403,57.5714285714286,TRUE,29635200,49,5
"851","Application Submitted",NA,9676,NA,NA,NA,2021-06-02,2022-10-19,2027-03-30,2028-03-29,2021-06-02,"Wind Onshore","Completed","Planning",TRUE,43545600,72,FALSE,1623,231.857142857143,TRUE,31536000,52.1428571428571,5
"852","Application Submitted",NA,10590,NA,NA,NA,2021-11-25,2022-06-08,2023-11-18,2024-06-17,2021-11-25,"Solar Photovoltaics","Completed","Planning",FALSE,16848000,27.8571428571429,TRUE,528,75.4285714285714,TRUE,18316800,30.2857142857143,5
"853","Application Submitted",58.8,11718,NA,NA,NA,2021-12-22,2023-04-23,2023-04-24,2024-02-23,2021-12-22,"Wind Onshore","Completed","Planning",TRUE,42076800,69.5714285714286,FALSE,1,0.142857142857143,TRUE,26352000,43.5714285714286,5
"854","Application Submitted",28.8,13669,NA,NA,NA,2023-01-05,2023-11-17,2028-02-06,2029-05-29,2023-01-05,"Wind Onshore","Completed","Planning",TRUE,27302400,45.1428571428571,TRUE,1542,220.285714285714,TRUE,41299200,68.2857142857143,5
"855","Application Submitted",0.225,13991,NA,NA,NA,2023-01-13,2027-05-25,2030-04-28,2031-01-15,2023-01-13,"Wind Onshore","Completed","Planning",TRUE,137635200,227.571428571429,TRUE,1069,152.714285714286,TRUE,22636800,37.4285714285714,5
"856","Application Submitted",0.6,13996,NA,NA,NA,2023-02-13,2023-08-03,2027-12-15,2028-11-08,2023-02-13,"Wind Onshore","Completed","Planning",TRUE,14774400,24.4285714285714,TRUE,1595,227.857142857143,TRUE,28425600,47,5
"857","Application Submitted",50.4,14113,NA,NA,NA,2023-02-22,2027-02-06,2027-10-03,2028-04-12,2023-02-22,"Wind Onshore","Completed","Planning",FALSE,124848000,206.428571428571,TRUE,239,34.1428571428571,TRUE,16588800,27.4285714285714,5
"858","Application Submitted",1,14123,NA,NA,NA,2023-03-27,2023-08-19,2025-03-09,2025-08-06,2023-03-27,"Solar Photovoltaics","Completed","Planning",TRUE,12528000,20.7142857142857,TRUE,568,81.1428571428571,TRUE,12960000,21.4285714285714,5
"859","Application Submitted",NA,14127,NA,NA,NA,2023-04-05,2024-10-09,2027-05-14,2029-11-12,2023-04-05,"Wind Onshore","Completed","Planning",TRUE,47779200,79,FALSE,947,135.285714285714,TRUE,78883200,130.428571428571,5
"860","Application Submitted",NA,14128,NA,NA,NA,2023-04-05,2024-10-30,2027-01-26,2028-01-09,2023-04-05,"Wind Onshore","Completed","Planning",TRUE,49593600,82,TRUE,818,116.857142857143,TRUE,30067200,49.7142857142857,5
"861","Application Submitted",NA,14129,NA,NA,NA,2023-04-05,2024-08-06,2031-01-01,2031-07-01,2023-04-05,"Wind Onshore","Completed","Planning",FALSE,42249600,69.8571428571429,FALSE,2339,334.142857142857,TRUE,15638400,25.8571428571429,5
"862","Application Submitted",0.85,14130,NA,NA,NA,2023-04-05,2024-07-30,2025-09-17,2026-07-19,2023-04-05,"Wind Onshore","Completed","Planning",TRUE,41644800,68.8571428571429,FALSE,414,59.1428571428571,TRUE,26352000,43.5714285714286,5
"863","Application Submitted",NA,15152,NA,NA,NA,2023-06-19,2025-08-11,2027-05-03,2027-11-02,2023-06-19,"Wind Onshore","Completed","Planning",TRUE,67737600,112,TRUE,630,90,TRUE,15811200,26.1428571428571,5
"864","Application Submitted",NA,15346,NA,NA,NA,2023-10-26,2026-09-22,2029-06-04,2030-06-04,2023-10-26,"Wind Onshore","Completed","Planning",TRUE,91756800,151.714285714286,FALSE,986,140.857142857143,TRUE,31536000,52.1428571428571,5
"865","Application Submitted",0.5,15355,NA,NA,NA,2023-11-07,2024-11-07,2031-02-19,2032-03-22,2023-11-07,"Wind Onshore","Completed","Planning",TRUE,31622400,52.2857142857143,TRUE,2295,327.857142857143,TRUE,34300800,56.7142857142857,5
"866","Application Submitted",0.225,15365,NA,NA,NA,2023-11-07,2024-04-18,2028-09-27,2029-03-27,2023-11-07,"Wind Onshore","Completed","Planning",TRUE,14083200,23.2857142857143,FALSE,1623,231.857142857143,TRUE,15638400,25.8571428571429,5
"867","Application Submitted",0.25,15378,NA,NA,NA,2023-11-09,2026-10-01,2029-02-07,2030-01-02,2023-11-09,"Wind Onshore","Completed","Planning",TRUE,91324800,151,TRUE,860,122.857142857143,TRUE,28425600,47,5
"868","Application Submitted",0.6,15438,NA,NA,NA,2023-11-06,2024-04-11,2029-06-13,2030-10-02,2023-11-06,"Wind Onshore","Completed","Planning",FALSE,13564800,22.4285714285714,TRUE,1889,269.857142857143,TRUE,41126400,68,5
"869","Application Submitted",NA,16333,NA,NA,NA,2024-02-09,2031-06-07,2031-08-12,2031-03-23,2024-02-09,"Wind Onshore","Completed","Planning",FALSE,231120000,382.142857142857,TRUE,66,9.42857142857143,TRUE,-12268800,-20.2857142857143,5
"870","Application Submitted",NA,16336,NA,NA,NA,2024-03-19,2025-11-10,2030-10-31,2031-10-08,2024-03-19,"Wind Onshore","Completed","Planning",TRUE,51926400,85.8571428571429,TRUE,1816,259.428571428571,TRUE,29548800,48.8571428571429,5
"871","Application Submitted",29.9,16337,NA,NA,NA,2024-03-06,2025-01-01,2026-08-27,2027-07-13,2024-03-06,"Solar Photovoltaics","Completed","Planning",TRUE,26006400,43,TRUE,603,86.1428571428571,TRUE,27648000,45.7142857142857,5
"872","Application Submitted",NA,16349,NA,NA,NA,2024-04-08,2028-01-14,2033-12-12,2034-11-11,2024-04-08,"Wind Onshore","Completed","Planning",TRUE,118886400,196.571428571429,TRUE,2159,308.428571428571,TRUE,28857600,47.7142857142857,5
"873","Application Submitted",NA,16353,NA,NA,NA,2024-04-08,2026-06-01,2029-02-12,2030-01-10,2024-04-08,"Wind Onshore","Completed","Planning",TRUE,67737600,112,TRUE,987,141,TRUE,28684800,47.4285714285714,5
"874","Application Submitted",2,16445,NA,NA,NA,2024-04-10,2024-10-22,2026-06-17,2027-02-06,2024-04-10,"Solar Photovoltaics","Completed","Planning",FALSE,16848000,27.8571428571429,TRUE,603,86.1428571428571,TRUE,20217600,33.4285714285714,5
"875","Application Submitted",NA,16450,NA,NA,NA,2024-04-25,2025-04-09,2028-05-24,2028-01-03,2024-04-25,"Wind Onshore","Completed","Planning",TRUE,30153600,49.8571428571429,FALSE,1141,163,TRUE,-12268800,-20.2857142857143,5
"876","Application Submitted",0.25,16453,NA,NA,NA,2024-04-17,2024-10-28,2030-08-29,2030-11-28,2024-04-17,"Wind Onshore","Completed","Planning",TRUE,16761600,27.7142857142857,FALSE,2131,304.428571428571,TRUE,7862400,13,5
"877","Application Submitted",0.25,16476,NA,NA,NA,2024-04-30,2026-09-18,2027-10-26,2028-05-05,2024-04-30,"Wind Onshore","Completed","Planning",TRUE,75254400,124.428571428571,TRUE,403,57.5714285714286,TRUE,16588800,27.4285714285714,5
"878","Application Submitted",NA,16547,NA,NA,NA,2024-05-06,2030-07-20,2033-09-03,2034-08-01,2024-05-06,"Wind Onshore","Completed","Planning",TRUE,195782400,323.714285714286,TRUE,1141,163,TRUE,28684800,47.4285714285714,5
"879","Application Submitted",0.25,16568,NA,NA,NA,2024-05-17,2032-02-20,2033-11-21,2034-07-27,2024-05-17,"Wind Onshore","Completed","Planning",TRUE,244944000,405,TRUE,640,91.4285714285714,TRUE,21427200,35.4285714285714,5
"880","Application Submitted",0.25,16578,NA,NA,NA,2024-05-17,2027-09-10,2027-09-11,2028-10-04,2024-05-17,"Wind Onshore","Completed","Planning",TRUE,104630400,173,TRUE,1,0.142857142857143,TRUE,33609600,55.5714285714286,5
"881","Application Submitted",2,16583,NA,NA,NA,2024-04-16,2024-08-06,2026-06-20,2026-08-25,2024-04-16,"Solar Photovoltaics","Completed","Planning",TRUE,9676800,16,TRUE,683,97.5714285714286,TRUE,5702400,9.42857142857143,5
"882","Application Submitted",NA,16646,NA,NA,NA,2024-05-29,2028-01-28,2028-09-23,2030-01-18,2024-05-29,"Wind Onshore","Completed","Planning",TRUE,115689600,191.285714285714,TRUE,239,34.1428571428571,TRUE,41644800,68.8571428571429,5
"883","Application Submitted",NA,17112,NA,NA,NA,2024-07-26,2026-04-10,2027-12-31,2028-11-12,2024-07-26,"Wind Onshore","Completed","Planning",TRUE,53827200,89,TRUE,630,90,TRUE,27388800,45.2857142857143,5
"884","Application Submitted",0.7,17115,NA,NA,NA,2024-08-07,2026-05-19,2027-03-28,2027-10-26,2024-08-07,"Solar Photovoltaics","Completed","Planning",TRUE,56160000,92.8571428571429,TRUE,313,44.7142857142857,TRUE,18316800,30.2857142857143,5
"885","Application Submitted",NA,17116,NA,NA,NA,2024-08-13,2025-03-09,2029-08-15,2031-09-09,2024-08-13,"Wind Onshore","Completed","Planning",TRUE,17971200,29.7142857142857,TRUE,1620,231.428571428571,TRUE,65232000,107.857142857143,5
"886","Application Submitted",0.5,17126,NA,NA,NA,2024-08-14,2026-03-19,2030-08-23,2031-02-06,2024-08-14,"Wind Onshore","Completed","Planning",TRUE,50284800,83.1428571428572,TRUE,1618,231.142857142857,TRUE,14428800,23.8571428571429,5
"887","Application Submitted",NA,17164,NA,NA,NA,2024-08-15,2025-04-13,2025-06-18,2026-01-03,2024-08-15,"Wind Onshore","Completed","Planning",TRUE,20822400,34.4285714285714,FALSE,66,9.42857142857143,TRUE,17193600,28.4285714285714,5
"888","Application Submitted",0.6,17257,NA,NA,NA,2024-08-30,2024-10-18,2027-07-02,2028-09-09,2024-08-30,"Wind Onshore","Completed","Planning",TRUE,4233600,7,TRUE,987,141,TRUE,37584000,62.1428571428571,5
"889","Application Submitted",20,17260,NA,NA,NA,2024-09-04,2025-02-06,2027-03-27,2027-05-25,2024-09-04,"Solar Photovoltaics","Completed","Planning",TRUE,13392000,22.1428571428571,TRUE,779,111.285714285714,TRUE,5097600,8.42857142857143,5
"890","Application Submitted",NA,17312,NA,NA,NA,2024-09-28,2025-01-18,2026-06-15,2027-01-13,2024-09-28,"Solar Photovoltaics","Completed","Planning",TRUE,9676800,16,TRUE,513,73.2857142857143,TRUE,18316800,30.2857142857143,5
"891","Application Submitted",0.6,17318,NA,NA,NA,2024-08-28,2026-01-20,2029-02-20,2029-08-20,2024-08-28,"Wind Onshore","Completed","Planning",FALSE,44064000,72.8571428571429,TRUE,1127,161,TRUE,15638400,25.8571428571429,5
"892","Application Submitted",NA,17417,NA,NA,NA,2024-09-23,2025-05-15,2026-09-22,2027-05-14,2024-09-23,"Solar Photovoltaics","Completed","Planning",TRUE,20217600,33.4285714285714,TRUE,495,70.7142857142857,TRUE,20217600,33.4285714285714,5
"893","Application Submitted",NA,17425,NA,NA,NA,2024-09-20,2031-06-03,2035-11-09,2036-05-10,2024-09-20,"Wind Onshore","Completed","Planning",TRUE,211420800,349.571428571429,TRUE,1620,231.428571428571,TRUE,15811200,26.1428571428571,5
"894","Application Submitted",NA,17426,NA,NA,NA,2024-09-23,2027-05-18,2028-12-06,2030-07-16,2024-09-23,"Wind Onshore","Completed","Planning",TRUE,83548800,138.142857142857,TRUE,568,81.1428571428571,TRUE,50716800,83.8571428571429,5
"895","Application Submitted",NA,17461,NA,NA,NA,2024-09-30,2025-05-12,2031-04-10,2031-10-19,2024-09-30,"Wind Onshore","Completed","Planning",TRUE,19353600,32,TRUE,2159,308.428571428571,TRUE,16588800,27.4285714285714,5
"896","Application Submitted",16.8,17627,NA,NA,NA,2024-11-01,2028-10-16,2033-01-05,2034-05-21,2024-11-01,"Wind Onshore","Completed","Planning",TRUE,124848000,206.428571428571,TRUE,1542,220.285714285714,TRUE,43286400,71.5714285714286,5
"897","Application Submitted",NA,17665,NA,NA,NA,2024-10-23,2026-07-08,2028-08-19,2029-06-19,2024-10-23,"Wind Onshore","Completed","Planning",TRUE,53827200,89,FALSE,773,110.428571428571,TRUE,26265600,43.4285714285714,5
"898","Application Submitted",NA,17711,NA,NA,NA,2024-11-07,2025-05-22,2027-04-05,2027-09-02,2024-11-07,"Solar Photovoltaics","Completed","Planning",TRUE,16934400,28,TRUE,683,97.5714285714286,TRUE,12960000,21.4285714285714,5
"899","Application Submitted",0.3,17825,NA,NA,NA,2024-11-12,2030-03-28,2032-02-13,2033-12-31,2024-11-12,"Wind Onshore","Completed","Planning",TRUE,169516800,280.285714285714,TRUE,687,98.1428571428571,TRUE,59356800,98.1428571428572,5
"900","Application Submitted",3.5,18060,NA,NA,NA,2024-12-18,2025-07-03,2026-11-01,2027-06-01,2024-12-18,"Solar Photovoltaics","Completed","Planning",TRUE,17020800,28.1428571428571,TRUE,486,69.4285714285714,TRUE,18316800,30.2857142857143,5
"901","Application Submitted",0.25,18104,NA,NA,NA,2024-12-19,2025-05-23,2026-07-17,2026-08-14,2024-12-19,"Solar Photovoltaics","Completed","Planning",TRUE,13392000,22.1428571428571,TRUE,420,60,TRUE,2419200,4,5
"902","Application Submitted",NA,18147,NA,NA,NA,2025-01-15,2025-08-22,2034-09-01,2035-08-02,2025-01-15,"Wind Onshore","Completed","Planning",TRUE,18921600,31.2857142857143,TRUE,3297,471,TRUE,28944000,47.8571428571429,5
"903","Application Submitted",4.99,18205,NA,NA,NA,2025-01-13,2025-12-03,2027-01-08,2027-05-19,2025-01-13,"Solar Photovoltaics","Completed","Planning",TRUE,27993600,46.2857142857143,TRUE,401,57.2857142857143,TRUE,11318400,18.7142857142857,5
"904","Application Submitted",NA,18379,NA,NA,NA,2025-01-09,2028-12-31,2034-03-04,2035-01-03,2025-01-09,"Wind Onshore","Completed","Planning",TRUE,125452800,207.428571428571,TRUE,1889,269.857142857143,TRUE,26352000,43.5714285714286,5
"905","Application Submitted",NA,18380,NA,NA,NA,2025-01-08,2026-05-12,2029-04-15,2030-06-24,2025-01-08,"Wind Onshore","Completed","Planning",FALSE,42249600,69.8571428571429,TRUE,1069,152.714285714286,TRUE,37584000,62.1428571428571,5
"906","Application Submitted",0.25,18394,NA,NA,NA,2025-01-29,2029-01-20,2034-11-21,2035-09-21,2025-01-29,"Wind Onshore","Completed","Planning",TRUE,125452800,207.428571428571,TRUE,2131,304.428571428571,TRUE,26265600,43.4285714285714,5
"907","Application Submitted",NA,18442,NA,NA,NA,2025-02-13,2026-11-19,2028-08-20,2030-09-14,2025-02-13,"Wind Onshore","Completed","Planning",TRUE,55641600,92,TRUE,640,91.4285714285714,TRUE,65232000,107.857142857143,5
"908","Application Submitted",NA,18443,NA,NA,NA,2025-02-17,2027-05-05,2031-10-14,2032-04-30,2025-02-17,"Wind Onshore","Completed","Planning",TRUE,69724800,115.285714285714,TRUE,1623,231.857142857143,TRUE,17193600,28.4285714285714,5
"909","Application Submitted",NA,18444,NA,NA,NA,2025-02-17,2029-10-11,2034-01-16,2034-07-16,2025-02-17,"Wind Onshore","Completed","Planning",TRUE,146620800,242.428571428571,TRUE,1558,222.571428571429,TRUE,15638400,25.8571428571429,5
"910","Application Submitted",0.2,18445,NA,NA,NA,2025-02-26,2036-05-16,2045-05-26,2046-03-26,2025-02-26,"Wind Onshore","Completed","Planning",TRUE,353980800,585.285714285714,TRUE,3297,471,TRUE,26265600,43.4285714285714,5
