"","Installed Capacity (MWelec)","tech","Ref ID","Date","run","broad_status","broad_status_start","passed_planning","passed_planning_time","passed_planning_time_wk","passed_planning_date","passed_connection","passed_connection_time","passed_connection_time_wk","passed_connection_date","passed_construction","passed_construction_time","passed_construction_time_wk","passed_construction_date"
"1",0.3,"Wind Onshore",7647,2025-01-01,1,"Completed","Planning",TRUE,53740800,88.8571428571429,2026-09-15,TRUE,860,122.857142857143,2029-01-22,TRUE,44323200,73.2857142857143,2030-06-19
"2",25,"Wind Onshore",3241,2025-01-01,1,"Completed","Planning",FALSE,50284800,83.1428571428572,2026-08-06,FALSE,1,0.142857142857143,2026-08-07,TRUE,-12268800,-20.2857142857143,2026-03-18
"3",12.1,"Wind Onshore",3599,2025-01-01,1,"Completed","Planning",FALSE,10540800,17.4285714285714,2025-05-03,TRUE,932,133.142857142857,2027-11-21,TRUE,34732800,57.4285714285714,2028-12-27
"4",0.3,"Wind Onshore",6801,2025-01-01,1,"Completed","Planning",TRUE,81734400,135.142857142857,2027-08-05,TRUE,986,140.857142857143,2030-04-17,TRUE,31536000,52.1428571428571,2031-04-17
"5",17.5,"Wind Onshore",4238,2025-01-01,1,"Completed","Planning",TRUE,124848000,206.428571428571,2028-12-16,TRUE,2251,321.571428571429,2035-02-14,TRUE,52531200,86.8571428571429,2036-10-14
"6",6.5,"Solar Photovoltaics",2324,2025-01-01,1,"Completed","Planning",TRUE,16416000,27.1428571428571,2025-07-10,TRUE,513,73.2857142857143,2026-12-05,TRUE,2419200,4,2027-01-02
"7",15,"Wind Onshore",4066,2025-02-01,1,"Completed","Planning",TRUE,17971200,29.7142857142857,2025-08-28,TRUE,1895,270.714285714286,2030-11-05,TRUE,37584000,62.1428571428571,2032-01-14
"8",0.3,"Wind Onshore",8135,2025-02-01,1,"Completed","Planning",FALSE,20822400,34.4285714285714,2025-09-30,TRUE,2339,334.142857142857,2032-02-25,TRUE,50716800,83.8571428571429,2033-10-04
"9",7.3,"Wind Onshore",3566,2025-02-01,1,"Completed","Planning",TRUE,53827200,89,2026-10-17,TRUE,2308,329.714285714286,2033-02-10,TRUE,41644800,68.8571428571429,2034-06-07
"10",0.3,"Wind Onshore",7777,2025-02-01,1,"Completed","Planning",FALSE,68688000,113.571428571429,2027-04-07,TRUE,1428,204,2031-03-05,TRUE,28857600,47.7142857142857,2032-02-02
"11",0.25,"Wind Onshore",8875,2025-02-01,1,"Completed","Planning",TRUE,16416000,27.1428571428571,2025-08-10,TRUE,2295,327.857142857143,2031-11-22,TRUE,52531200,86.8571428571429,2033-07-22
"12",25,"Solar Photovoltaics",5955,2025-02-01,1,"Completed","Planning",TRUE,25488000,42.1428571428571,2025-11-23,TRUE,495,70.7142857142857,2027-04-02,TRUE,27648000,45.7142857142857,2028-02-16
"13",13.8,"Wind Onshore",6188,2025-03-01,1,"Completed","Planning",TRUE,15292800,25.2857142857143,2025-08-25,TRUE,987,141,2028-05-08,TRUE,7862400,13,2028-08-07
"14",8.5,"Solar Photovoltaics",5952,2025-03-01,1,"Completed","Planning",TRUE,9849600,16.2857142857143,2025-06-23,FALSE,503,71.8571428571428,2026-11-08,TRUE,5702400,9.42857142857143,2027-01-13
"15",10.5,"Wind Onshore",2958,2025-04-01,1,"Completed","Planning",TRUE,32832000,54.2857142857143,2026-04-16,TRUE,1620,231.428571428571,2030-09-22,TRUE,33696000,55.7142857142857,2031-10-17
"16",10.9,"Solar Photovoltaics",5439,2025-04-01,1,"Completed","Planning",TRUE,57542400,95.1428571428572,2027-01-27,TRUE,779,111.285714285714,2029-03-16,TRUE,22377600,37,2029-11-30
"17",0.85,"Wind Onshore",14114,2025-05-01,1,"Completed","Planning",TRUE,47520000,78.5714285714286,2026-11-02,TRUE,3281,468.714285714286,2035-10-27,TRUE,28684800,47.4285714285714,2036-09-23
"18",0.66,"Wind Onshore",14112,2025-06-01,1,"Completed","Planning",TRUE,39657600,65.5714285714286,2026-09-03,TRUE,932,133.142857142857,2029-03-23,TRUE,19612800,32.4285714285714,2029-11-05
"19",20,"Wind Onshore",2960,2025-07-01,1,"Completed","Planning",TRUE,30326400,50.1428571428571,2026-06-17,TRUE,986,140.857142857143,2029-02-27,TRUE,23673600,39.1428571428571,2029-11-28
"20",25,"Solar Photovoltaics",5955,2025-07-01,1,"Completed","Planning",TRUE,2678400,4.42857142857143,2025-08-01,FALSE,528,75.4285714285714,2027-01-11,TRUE,20217600,33.4285714285714,2027-09-02
"21",0.3,"Wind Onshore",8074,2025-08-01,1,"Completed","Planning",FALSE,9763200,16.1428571428571,2025-11-22,TRUE,986,140.857142857143,2028-08-04,TRUE,28684800,47.4285714285714,2029-07-02
"22",4.1,"Solar Photovoltaics",5201,2025-08-01,1,"Completed","Planning",TRUE,22636800,37.4285714285714,2026-04-20,TRUE,387,55.2857142857143,2027-05-12,TRUE,6307200,10.4285714285714,2027-07-24
"23",6.5,"Solar Photovoltaics",2324,2025-09-01,1,"Completed","Planning",TRUE,25488000,42.1428571428571,2026-06-23,TRUE,879,125.571428571429,2028-11-18,TRUE,10281600,17,2029-03-17
"24",0.25,"Wind Onshore",8266,2025-10-01,1,"Completed","Planning",FALSE,27043200,44.7142857142857,2026-08-10,TRUE,240,34.2857142857143,2027-04-07,TRUE,32745600,54.1428571428571,2028-04-20
"25",29.9,"Solar Photovoltaics",16337,2025-10-01,1,"Completed","Planning",TRUE,8467200,14,2026-01-07,TRUE,683,97.5714285714286,2027-11-21,TRUE,8899200,14.7142857142857,2028-03-03
"26",0.25,"Wind Onshore",16476,2025-11-01,1,"Completed","Planning",TRUE,27907200,46.1428571428571,2026-09-20,TRUE,398,56.8571428571429,2027-10-23,TRUE,29548800,48.8571428571429,2028-09-29
"27",0.3,"Wind Onshore",7644,2025-12-01,1,"Completed","Planning",TRUE,62294400,103,2027-11-22,TRUE,2150,307.142857142857,2033-10-11,TRUE,29548800,48.8571428571429,2034-09-18
"28",2,"Solar Photovoltaics",16583,2025-12-01,1,"Completed","Planning",TRUE,22636800,37.4285714285714,2026-08-20,TRUE,495,70.7142857142857,2027-12-28,TRUE,8899200,14.7142857142857,2028-04-09
"29",0.25,"Wind Onshore",11506,2026-01-01,1,"Completed","Planning",TRUE,94176000,155.714285714286,2028-12-26,TRUE,1895,270.714285714286,2034-03-05,TRUE,12614400,20.8571428571429,2034-07-29
"30",4.9,"Solar Photovoltaics",6121,2026-01-01,1,"Completed","Planning",TRUE,20304000,33.5714285714286,2026-08-24,TRUE,513,73.2857142857143,2028-01-19,TRUE,18316800,30.2857142857143,2028-08-18
"31",12,"Wind Onshore",4155,2026-02-01,1,"Completed","Planning",TRUE,62553600,103.428571428571,2028-01-26,TRUE,1039,148.428571428571,2030-11-30,TRUE,28857600,47.7142857142857,2031-10-30
"32",25.2,"Solar Photovoltaics",5443,2026-02-01,1,"Completed","Planning",TRUE,5443200,9,2026-04-05,TRUE,313,44.7142857142857,2027-02-12,TRUE,11318400,18.7142857142857,2027-06-23
"33",19.8,"Wind Onshore",6546,2026-03-01,1,"Completed","Planning",TRUE,22291200,36.8571428571429,2026-11-14,TRUE,568,81.1428571428571,2028-06-04,TRUE,27388800,45.2857142857143,2029-04-17
"34",18,"Solar Photovoltaics",6506,2026-03-01,1,"Completed","Planning",TRUE,20995200,34.7142857142857,2026-10-30,TRUE,879,125.571428571429,2029-03-27,TRUE,2419200,4,2029-04-24
"35",15,"Wind Onshore",3714,2026-04-01,1,"Completed","Planning",TRUE,90892800,150.285714285714,2029-02-16,TRUE,940,134.285714285714,2031-09-14,TRUE,65232000,107.857142857143,2033-10-08
"36",NA,"Wind Onshore",14127,2026-04-01,1,"Completed","Planning",TRUE,137635200,227.571428571429,2030-08-11,TRUE,1428,204,2034-07-09,TRUE,28857600,47.7142857142857,2035-06-08
"37",2,"Solar Photovoltaics",16445,2026-04-01,1,"Completed","Planning",TRUE,56160000,92.8571428571429,2028-01-11,TRUE,528,75.4285714285714,2029-06-22,TRUE,12960000,21.4285714285714,2029-11-19
"38",0.85,"Wind Onshore",14114,2026-05-01,1,"Completed","Planning",TRUE,28684800,47.4285714285714,2027-03-29,TRUE,303,43.2857142857143,2028-01-26,TRUE,50716800,83.8571428571429,2029-09-04
"39",25,"Solar Photovoltaics",5967,2026-05-01,1,"Completed","Planning",TRUE,14601600,24.1428571428571,2026-10-17,TRUE,495,70.7142857142857,2028-02-24,TRUE,6307200,10.4285714285714,2028-05-07
"40",5,"Wind Onshore",3122,2026-06-01,1,"Completed","Planning",FALSE,31622400,52.2857142857143,2027-06-02,TRUE,3267,466.714285714286,2036-05-12,TRUE,68688000,113.571428571429,2038-07-16
"41",5,"Solar Photovoltaics",5203,2026-06-01,1,"Completed","Planning",TRUE,27993600,46.2857142857143,2027-04-21,TRUE,261,37.2857142857143,2028-01-07,TRUE,11318400,18.7142857142857,2028-05-17
"42",0.3,"Wind Onshore",8074,2026-07-01,1,"Completed","Planning",TRUE,35510400,58.7142857142857,2027-08-16,TRUE,860,122.857142857143,2029-12-23,TRUE,23673600,39.1428571428571,2030-09-23
"43",3.8,"Solar Photovoltaics",1350,2026-07-01,1,"Completed","Planning",TRUE,16848000,27.8571428571429,2027-01-12,TRUE,879,125.571428571429,2029-06-09,TRUE,12960000,21.4285714285714,2029-11-06
"44",0.85,"Wind Onshore",14114,2026-08-01,1,"Completed","Planning",FALSE,118886400,196.571428571429,2030-05-08,TRUE,1466,209.428571428571,2034-05-13,TRUE,54259200,89.7142857142857,2036-01-31
"45",0.2,"Solar Photovoltaics",7903,2026-08-01,1,"Completed","Planning",TRUE,9936000,16.4285714285714,2026-11-24,TRUE,646,92.2857142857143,2028-08-31,TRUE,2419200,4,2028-09-28
"46",0.3,"Wind Onshore",7664,2026-09-01,1,"Completed","Planning",FALSE,106531200,176.142857142857,2030-01-16,TRUE,240,34.2857142857143,2030-09-13,TRUE,12614400,20.8571428571429,2031-02-06
"47",0.25,"Wind Onshore",8236,2026-10-01,1,"Completed","Planning",TRUE,25315200,41.8571428571429,2027-07-21,FALSE,1895,270.714285714286,2032-09-27,TRUE,28857600,47.7142857142857,2033-08-27
"48",10.9,"Solar Photovoltaics",5439,2026-10-01,1,"Completed","Planning",FALSE,30672000,50.7142857142857,2027-09-21,TRUE,387,55.2857142857143,2028-10-12,TRUE,27648000,45.7142857142857,2029-08-28
"49",0.25,"Wind Onshore",8236,2026-11-01,1,"Completed","Planning",FALSE,59184000,97.8571428571429,2028-09-16,FALSE,398,56.8571428571429,2029-10-19,TRUE,5270400,8.71428571428572,2029-12-19
"50",4.1,"Solar Photovoltaics",6325,2026-11-01,1,"Completed","Planning",FALSE,9936000,16.4285714285714,2027-02-24,TRUE,603,86.1428571428571,2028-10-19,TRUE,2419200,4,2028-11-16
"51",18.4,"Wind Onshore",3953,2026-12-01,1,"Completed","Planning",TRUE,141264000,233.571428571429,2031-05-24,TRUE,1127,161,2034-06-24,TRUE,41299200,68.2857142857143,2035-10-15
"52",NA,"Wind Onshore",8867,2027-01-01,1,"Completed","Planning",TRUE,143510400,237.285714285714,2031-07-20,TRUE,940,134.285714285714,2034-02-14,TRUE,36892800,61,2035-04-17
"53",0.3,"Wind Onshore",17825,2027-01-01,1,"Completed","Planning",TRUE,22291200,36.8571428571429,2027-09-16,FALSE,2159,308.428571428571,2033-08-14,TRUE,30067200,49.7142857142857,2034-07-28
"54",18,"Solar Photovoltaics",6506,2027-01-01,1,"Completed","Planning",TRUE,9936000,16.4285714285714,2027-04-26,FALSE,563,80.4285714285714,2028-11-09,TRUE,8899200,14.7142857142857,2029-02-20
"55",4.6,"Wind Onshore",3715,2027-02-01,1,"Completed","Planning",TRUE,7084800,11.7142857142857,2027-04-24,TRUE,809,115.571428571429,2029-07-11,TRUE,37584000,62.1428571428571,2030-09-19
"56",2,"Wind Onshore",5248,2027-02-01,1,"Completed","Planning",FALSE,27043200,44.7142857142857,2027-12-11,TRUE,303,43.2857142857143,2028-10-09,TRUE,65232000,107.857142857143,2030-11-03
"57",0.15,"Solar Photovoltaics",15229,2027-02-01,1,"Completed","Planning",TRUE,16848000,27.8571428571429,2027-08-15,TRUE,495,70.7142857142857,2028-12-22,TRUE,10281600,17,2029-04-20
"58",1,"Wind Onshore",3678,2027-03-01,1,"Completed","Planning",TRUE,81043200,134,2029-09-24,TRUE,687,98.1428571428571,2031-08-12,TRUE,15811200,26.1428571428571,2032-02-11
"59",0.25,"Wind Onshore",8875,2027-03-01,1,"Completed","Planning",FALSE,7084800,11.7142857142857,2027-05-22,TRUE,3297,471,2036-05-31,TRUE,32745600,54.1428571428571,2037-06-14
"60",4.9,"Solar Photovoltaics",6002,2027-03-01,1,"Completed","Planning",TRUE,14601600,24.1428571428571,2027-08-17,TRUE,130,18.5714285714286,2027-12-25,TRUE,6825600,11.2857142857143,2028-03-13
"61",0.2,"Wind Onshore",18445,2027-04-01,1,"Completed","Planning",FALSE,69724800,115.285714285714,2029-06-16,TRUE,1558,222.571428571429,2033-09-21,TRUE,25315200,41.8571428571429,2034-07-11
"62",18.4,"Wind Onshore",5474,2027-04-01,1,"Completed","Planning",TRUE,4233600,7,2027-05-20,FALSE,1406,200.857142857143,2031-03-26,TRUE,12614400,20.8571428571429,2031-08-19
"63",6,"Solar Photovoltaics",5085,2027-04-01,1,"Completed","Planning",TRUE,15292800,25.2857142857143,2027-09-25,TRUE,130,18.5714285714286,2028-02-02,TRUE,2419200,4,2028-03-01
"64",NA,"Wind Onshore",18147,2027-05-01,1,"Completed","Planning",TRUE,28598400,47.2857142857143,2028-03-27,FALSE,3281,468.714285714286,2037-03-21,TRUE,43286400,71.5714285714286,2038-08-04
"65",2,"Solar Photovoltaics",16583,2027-05-01,1,"Completed","Planning",TRUE,20822400,34.4285714285714,2027-12-28,TRUE,879,125.571428571429,2030-05-25,TRUE,22809600,37.7142857142857,2031-02-13
"66",0.25,"Wind Onshore",11506,2027-06-01,1,"Completed","Planning",TRUE,47779200,79,2028-12-05,TRUE,1558,222.571428571429,2033-03-12,TRUE,-12268800,-20.2857142857143,2032-10-21
"67",2.5,"Solar Photovoltaics",16454,2027-06-01,1,"Completed","Planning",TRUE,30672000,50.7142857142857,2028-05-21,TRUE,494,70.5714285714286,2029-09-27,TRUE,8640000,14.2857142857143,2030-01-05
"68",0.25,"Wind Onshore",8873,2027-07-01,1,"Completed","Planning",TRUE,152236800,251.714285714286,2032-04-27,TRUE,1542,220.285714285714,2036-07-17,TRUE,33696000,55.7142857142857,2037-08-11
"69",2.5,"Solar Photovoltaics",16454,2027-07-01,1,"Completed","Planning",FALSE,56160000,92.8571428571429,2029-04-11,TRUE,313,44.7142857142857,2030-02-18,TRUE,20217600,33.4285714285714,2030-10-10
"70",6,"Wind Onshore",3522,2027-08-01,1,"Completed","Planning",TRUE,68774400,113.714285714286,2029-10-05,FALSE,1,0.142857142857143,2029-10-06,TRUE,8726400,14.4285714285714,2030-01-15
"71",5,"Solar Photovoltaics",5205,2027-08-01,1,"Completed","Planning",TRUE,8467200,14,2027-11-07,TRUE,646,92.2857142857143,2029-08-14,TRUE,5616000,9.28571428571429,2029-10-18
"72",25,"Wind Onshore",7530,2027-09-01,1,"Completed","Planning",FALSE,68688000,113.571428571429,2029-11-04,TRUE,40,5.71428571428571,2029-12-14,TRUE,59356800,98.1428571428572,2031-11-01
"73",1,"Solar Photovoltaics",6105,2027-09-01,1,"Completed","Planning",FALSE,12182400,20.1428571428571,2028-01-20,TRUE,563,80.4285714285714,2029-08-05,TRUE,8899200,14.7142857142857,2029-11-16
"74",2,"Wind Onshore",4953,2027-10-01,1,"Completed","Planning",TRUE,50025600,82.7142857142857,2029-05-02,FALSE,414,59.1428571428571,2030-06-20,TRUE,28684800,47.4285714285714,2031-05-18
"75",NA,"Solar Photovoltaics",14126,2027-10-01,1,"Completed","Planning",TRUE,27993600,46.2857142857143,2028-08-20,TRUE,779,111.285714285714,2030-10-08,TRUE,5097600,8.42857142857143,2030-12-06
"76",0.2,"Wind Onshore",7560,2027-11-01,1,"Completed","Planning",TRUE,53827200,89,2029-07-16,TRUE,1466,209.428571428571,2033-07-21,TRUE,28857600,47.7142857142857,2034-06-20
"77",4.8,"Solar Photovoltaics",1296,2027-11-01,1,"Completed","Planning",TRUE,9936000,16.4285714285714,2028-02-24,TRUE,563,80.4285714285714,2029-09-09,TRUE,5616000,9.28571428571429,2029-11-13
"78",30,"Wind Onshore",4151,2027-12-01,1,"Completed","Planning",TRUE,18921600,31.2857142857143,2028-07-07,FALSE,986,140.857142857143,2031-03-20,TRUE,15638400,25.8571428571429,2031-09-17
"79",1,"Solar Photovoltaics",6105,2027-12-01,1,"Completed","Planning",TRUE,26006400,43,2028-09-27,FALSE,513,73.2857142857143,2030-02-22,TRUE,18316800,30.2857142857143,2030-09-22
"80",NA,"Wind Onshore",17461,2028-01-01,1,"Completed","Planning",TRUE,44409600,73.4285714285714,2029-05-29,TRUE,825,117.857142857143,2031-09-01,TRUE,21427200,35.4285714285714,2032-05-06
"81",51,"Wind Onshore",2794,2028-01-01,1,"Completed","Planning",TRUE,30153600,49.8571428571429,2028-12-15,TRUE,1127,161,2032-01-16,TRUE,54259200,89.7142857142857,2033-10-05
"82",5,"Wind Onshore",3122,2028-01-01,1,"Completed","Planning",TRUE,10540800,17.4285714285714,2028-05-02,TRUE,736,105.142857142857,2030-05-08,TRUE,32745600,54.1428571428571,2031-05-22
"83",6.5,"Solar Photovoltaics",2324,2028-01-01,1,"Completed","Planning",TRUE,20995200,34.7142857142857,2028-08-31,FALSE,495,70.7142857142857,2030-01-08,TRUE,5270400,8.71428571428572,2030-03-10
"84",0.7,"Solar Photovoltaics",17115,2028-01-01,1,"Completed","Planning",TRUE,12528000,20.7142857142857,2028-05-25,TRUE,486,69.4285714285714,2029-09-23,TRUE,6825600,11.2857142857143,2029-12-11
"85",20.7,"Wind Onshore",2710,2028-02-01,1,"Completed","Planning",TRUE,31622400,52.2857142857143,2029-02-01,TRUE,1889,269.857142857143,2034-04-05,TRUE,21427200,35.4285714285714,2034-12-09
"86",17.5,"Wind Onshore",4238,2028-02-01,1,"Completed","Planning",FALSE,10972800,18.1428571428571,2028-06-07,TRUE,1428,204,2032-05-05,TRUE,36201600,59.8571428571429,2033-06-28
"87",6.7,"Solar Photovoltaics",5463,2028-02-01,1,"Completed","Planning",TRUE,10022400,16.5714285714286,2028-05-27,TRUE,401,57.2857142857143,2029-07-02,TRUE,27648000,45.7142857142857,2030-05-18
"88",0.3,"Wind Onshore",7494,2028-03-01,1,"Completed","Planning",TRUE,78192000,129.285714285714,2030-08-23,TRUE,3297,471,2039-09-02,TRUE,5270400,8.71428571428572,2039-11-02
"89",0.15,"Wind Onshore",8431,2028-03-01,1,"Completed","Planning",TRUE,129340800,213.857142857143,2032-04-06,TRUE,2131,304.428571428571,2038-02-05,TRUE,41299200,68.2857142857143,2039-05-29
"90",6.7,"Solar Photovoltaics",5463,2028-03-01,1,"Completed","Planning",FALSE,22636800,37.4285714285714,2028-11-18,TRUE,646,92.2857142857143,2030-08-26,TRUE,20217600,33.4285714285714,2031-04-17
"91",20,"Wind Onshore",3253,2028-04-01,1,"Completed","Planning",TRUE,47779200,79,2029-10-06,TRUE,1466,209.428571428571,2033-10-11,TRUE,38534400,63.7142857142857,2034-12-31
"92",21,"Wind Onshore",6439,2028-04-01,1,"Completed","Planning",TRUE,40953600,67.7142857142857,2029-07-19,FALSE,414,59.1428571428571,2030-09-06,TRUE,30067200,49.7142857142857,2031-08-20
"93",1.3,"Solar Photovoltaics",5000,2028-04-01,1,"Completed","Planning",TRUE,2678400,4.42857142857143,2028-05-02,TRUE,313,44.7142857142857,2029-03-11,TRUE,20217600,33.4285714285714,2029-10-31
"94",0.3,"Wind Onshore",7673,2028-05-01,1,"Completed","Planning",TRUE,224121600,370.571428571429,2035-06-08,TRUE,853,121.857142857143,2037-10-08,TRUE,15638400,25.8571428571429,2038-04-07
"95",0.3,"Wind Onshore",7494,2028-05-01,1,"Completed","Planning",TRUE,29894400,49.4285714285714,2029-04-12,TRUE,1618,231.142857142857,2033-09-16,TRUE,15638400,25.8571428571429,2034-03-16
"96",NA,"Solar Photovoltaics",17417,2028-05-01,1,"Completed","Planning",TRUE,25488000,42.1428571428571,2029-02-20,TRUE,486,69.4285714285714,2030-06-21,TRUE,12960000,21.4285714285714,2030-11-18
"97",15,"Wind Onshore",3254,2028-06-01,1,"Completed","Planning",TRUE,36288000,60,2029-07-26,TRUE,1889,269.857142857143,2034-09-27,TRUE,59356800,98.1428571428572,2036-08-14
"98",1.6,"Wind Onshore",6572,2028-06-01,1,"Completed","Planning",TRUE,17193600,28.4285714285714,2028-12-17,TRUE,987,141,2031-08-31,TRUE,23673600,39.1428571428571,2032-05-31
"99",NA,"Solar Photovoltaics",17468,2028-06-01,1,"Completed","Planning",TRUE,20217600,33.4285714285714,2029-01-21,TRUE,879,125.571428571429,2031-06-19,TRUE,2419200,4,2031-07-17
"100",8,"Wind Onshore",4046,2028-07-01,1,"Completed","Planning",FALSE,126403200,209,2032-07-03,TRUE,1542,220.285714285714,2036-09-22,TRUE,34732800,57.4285714285714,2037-10-29
"101",0.2,"Wind Onshore",7801,2028-07-01,1,"Completed","Planning",TRUE,44409600,73.4285714285714,2029-11-27,TRUE,240,34.2857142857143,2030-07-25,TRUE,25315200,41.8571428571429,2031-05-14
"102",0.15,"Solar Photovoltaics",15229,2028-07-01,1,"Completed","Planning",TRUE,22636800,37.4285714285714,2029-03-20,TRUE,563,80.4285714285714,2030-10-04,TRUE,12960000,21.4285714285714,2031-03-03
"103",1.5,"Wind Onshore",5219,2028-08-01,1,"Completed","Planning",TRUE,66528000,110,2030-09-10,TRUE,2131,304.428571428571,2036-07-11,TRUE,26352000,43.5714285714286,2037-05-12
"104",27.6,"Wind Onshore",4058,2028-08-01,1,"Completed","Planning",TRUE,108691200,179.714285714286,2032-01-11,TRUE,66,9.42857142857143,2032-03-17,TRUE,59356800,98.1428571428572,2034-02-02
"105",25.7,"Solar Photovoltaics",4954,2028-08-01,1,"Completed","Planning",TRUE,10368000,17.1428571428571,2028-11-29,FALSE,513,73.2857142857143,2030-04-26,TRUE,5788800,9.57142857142857,2030-07-02
"106",2,"Wind Onshore",14132,2028-09-01,1,"Completed","Planning",TRUE,78192000,129.285714285714,2031-02-23,FALSE,1542,220.285714285714,2035-05-15,TRUE,29548800,48.8571428571429,2036-04-21
"107",0.225,"Wind Onshore",13991,2028-09-01,1,"Completed","Planning",TRUE,106790400,176.571428571429,2032-01-20,TRUE,3281,468.714285714286,2041-01-13,TRUE,28857600,47.7142857142857,2041-12-13
"108",2,"Solar Photovoltaics",16451,2028-09-01,1,"Completed","Planning",TRUE,15292800,25.2857142857143,2029-02-25,TRUE,495,70.7142857142857,2030-07-05,TRUE,4665600,7.71428571428571,2030-08-28
"109",5,"Solar Photovoltaics",5205,2028-09-01,1,"Completed","Planning",FALSE,29116800,48.1428571428571,2029-08-04,FALSE,563,80.4285714285714,2031-02-18,TRUE,5270400,8.71428571428572,2031-04-20
"110",0.2,"Wind Onshore",7801,2028-10-01,1,"Completed","Planning",TRUE,31622400,52.2857142857143,2029-10-02,FALSE,414,59.1428571428571,2030-11-20,TRUE,28425600,47,2031-10-15
"111",25.7,"Solar Photovoltaics",4954,2028-10-01,1,"Completed","Planning",TRUE,8467200,14,2029-01-07,TRUE,401,57.2857142857143,2030-02-12,TRUE,5616000,9.28571428571429,2030-04-18
"112",24,"Wind Onshore",4301,2028-11-01,1,"Completed","Planning",TRUE,124848000,206.428571428571,2032-10-16,TRUE,303,43.2857142857143,2033-08-15,TRUE,33696000,55.7142857142857,2034-09-09
"113",119,"Wind Onshore",4634,2028-11-01,1,"Completed","Planning",TRUE,158630400,262.285714285714,2033-11-11,TRUE,773,110.428571428571,2035-12-24,TRUE,33609600,55.5714285714286,2037-01-16
"114",20,"Solar Photovoltaics",17260,2028-11-01,1,"Completed","Planning",TRUE,20217600,33.4285714285714,2029-06-23,TRUE,563,80.4285714285714,2031-01-07,TRUE,4665600,7.71428571428571,2031-03-02
"115",NA,"Solar Photovoltaics",16293,2028-11-01,1,"Completed","Planning",TRUE,5443200,9,2029-01-03,FALSE,646,92.2857142857143,2030-10-11,TRUE,5097600,8.42857142857143,2030-12-09
"116",NA,"Wind Onshore",16353,2028-12-01,1,"Completed","Planning",FALSE,22809600,37.7142857142857,2029-08-22,TRUE,752,107.428571428571,2031-09-13,TRUE,22636800,37.4285714285714,2032-06-01
"117",2.5,"Solar Photovoltaics",16454,2028-12-01,1,"Completed","Planning",TRUE,36806400,60.8571428571429,2030-01-31,FALSE,130,18.5714285714286,2030-06-10,TRUE,11318400,18.7142857142857,2030-10-19
"118",NA,"Solar Photovoltaics",17468,2028-12-01,1,"Completed","Planning",TRUE,36806400,60.8571428571429,2030-01-31,FALSE,683,97.5714285714286,2031-12-15,TRUE,6307200,10.4285714285714,2032-02-26
"119",0.9,"Wind Onshore",13670,2029-01-01,1,"Completed","Planning",TRUE,90892800,150.285714285714,2031-11-19,FALSE,480,68.5714285714286,2033-03-13,TRUE,5270400,8.71428571428572,2033-05-13
"120",0.6,"Wind Onshore",17318,2029-01-01,1,"Completed","Planning",FALSE,20822400,34.4285714285714,2029-08-30,TRUE,825,117.857142857143,2031-12-03,TRUE,34732800,57.4285714285714,2033-01-08
"121",58.8,"Wind Onshore",11718,2029-01-01,1,"Completed","Planning",TRUE,16416000,27.1428571428571,2029-07-10,FALSE,1889,269.857142857143,2034-09-11,TRUE,46828800,77.4285714285714,2036-03-06
"122",NA,"Solar Photovoltaics",17417,2029-01-01,1,"Completed","Planning",TRUE,9936000,16.4285714285714,2029-04-26,TRUE,683,97.5714285714286,2031-03-10,TRUE,6307200,10.4285714285714,2031-05-22
"123",NA,"Solar Photovoltaics",16716,2029-01-01,1,"Completed","Planning",FALSE,4924800,8.14285714285714,2029-02-27,TRUE,272,38.8571428571429,2029-11-26,TRUE,22377600,37,2030-08-12
"124",0.5,"Wind Onshore",7682,2029-02-01,1,"Completed","Planning",TRUE,146793600,242.714285714286,2033-09-27,TRUE,240,34.2857142857143,2034-05-25,TRUE,37584000,62.1428571428571,2035-08-03
"125",NA,"Wind Onshore",16336,2029-02-01,1,"Completed","Planning",TRUE,12614400,20.8571428571429,2029-06-27,TRUE,1895,270.714285714286,2034-09-04,TRUE,56937600,94.1428571428572,2036-06-24
"126",0.25,"Wind Onshore",8258,2029-02-01,1,"Completed","Planning",TRUE,124416000,205.714285714286,2033-01-11,TRUE,1466,209.428571428571,2037-01-16,TRUE,23673600,39.1428571428571,2037-10-17
"127",1,"Solar Photovoltaics",14123,2029-02-01,1,"Completed","Planning",TRUE,16848000,27.8571428571429,2029-08-15,TRUE,261,37.2857142857143,2030-05-03,TRUE,8640000,14.2857142857143,2030-08-11
"128",0.2,"Solar Photovoltaics",7903,2029-02-01,1,"Completed","Planning",TRUE,5443200,9,2029-04-05,TRUE,401,57.2857142857143,2030-05-11,TRUE,20217600,33.4285714285714,2030-12-31
"129",17.5,"Wind Onshore",4238,2029-03-01,1,"Completed","Planning",TRUE,124848000,206.428571428571,2033-02-13,TRUE,1542,220.285714285714,2037-05-05,TRUE,5356800,8.85714285714286,2037-07-06
"130",0.25,"Wind Onshore",8266,2029-03-01,1,"Completed","Planning",TRUE,108691200,179.714285714286,2032-08-10,TRUE,809,115.571428571429,2034-10-28,TRUE,23673600,39.1428571428571,2035-07-29
"131",18.4,"Wind Onshore",5474,2029-03-01,1,"Completed","Planning",FALSE,27907200,46.1428571428571,2030-01-18,TRUE,940,134.285714285714,2032-08-15,TRUE,43286400,71.5714285714286,2033-12-29
"132",1,"Solar Photovoltaics",6105,2029-03-01,1,"Completed","Planning",FALSE,5443200,9,2029-05-03,TRUE,528,75.4285714285714,2030-10-13,TRUE,2419200,4,2030-11-10
"133",10,"Solar Photovoltaics",5435,2029-03-01,1,"Completed","Planning",TRUE,57542400,95.1428571428572,2030-12-27,TRUE,420,60,2032-02-20,TRUE,6825600,11.2857142857143,2032-05-09
"134",2,"Wind Onshore",4953,2029-04-01,1,"Completed","Planning",FALSE,126403200,209,2033-04-03,TRUE,2308,329.714285714286,2039-07-29,TRUE,41126400,68,2040-11-16
"135",3,"Wind Onshore",5896,2029-04-01,1,"Completed","Planning",TRUE,38188800,63.1428571428571,2030-06-17,TRUE,3297,471,2039-06-27,TRUE,31536000,52.1428571428571,2040-06-26
"136",NA,"Wind Onshore",9676,2029-04-01,1,"Completed","Planning",TRUE,43545600,72,2030-08-18,TRUE,1691,241.571428571429,2035-04-05,TRUE,54259200,89.7142857142857,2036-12-23
"137",0.2,"Solar Photovoltaics",7903,2029-04-01,1,"Completed","Planning",FALSE,72057600,119.142857142857,2031-07-14,TRUE,646,92.2857142857143,2033-04-20,TRUE,2419200,4,2033-05-18
"138",13,"Solar Photovoltaics",6007,2029-04-01,1,"Completed","Planning",TRUE,27993600,46.2857142857143,2030-02-19,TRUE,401,57.2857142857143,2031-03-27,TRUE,5616000,9.28571428571429,2031-05-31
"139",2,"Wind Onshore",4813,2029-05-01,1,"Completed","Planning",FALSE,26179200,43.2857142857143,2030-02-28,TRUE,1816,259.428571428571,2035-02-18,TRUE,33609600,55.5714285714286,2036-03-13
"140",NA,"Wind Onshore",9676,2029-05-01,1,"Completed","Planning",TRUE,47520000,78.5714285714286,2030-11-02,TRUE,480,68.5714285714286,2032-02-25,TRUE,32745600,54.1428571428571,2033-03-10
"141",8.5,"Solar Photovoltaics",5952,2029-05-01,1,"Completed","Planning",TRUE,27993600,46.2857142857143,2030-03-21,TRUE,313,44.7142857142857,2031-01-28,TRUE,5788800,9.57142857142857,2031-04-05
"142",0.25,"Wind Onshore",8279,2029-06-01,1,"Completed","Planning",TRUE,91065600,150.571428571429,2032-04-20,FALSE,1549,221.285714285714,2036-07-17,TRUE,36892800,61,2037-09-17
"143",0.2,"Wind Onshore",7392,2029-06-01,1,"Completed","Planning",TRUE,10540800,17.4285714285714,2029-10-01,FALSE,640,91.4285714285714,2031-07-03,TRUE,29635200,49,2032-06-10
"144",6.4,"Solar Photovoltaics",5977,2029-06-01,1,"Completed","Planning",TRUE,9849600,16.2857142857143,2029-09-23,TRUE,563,80.4285714285714,2031-04-09,TRUE,27648000,45.7142857142857,2032-02-23
"145",NA,"Wind Onshore",16547,2029-07-01,1,"Completed","Planning",TRUE,158630400,262.285714285714,2034-07-11,TRUE,66,9.42857142857143,2034-09-15,TRUE,32745600,54.1428571428571,2035-09-29
"146",2,"Wind Onshore",3712,2029-07-01,1,"Completed","Planning",TRUE,115689600,191.285714285714,2033-03-01,TRUE,687,98.1428571428571,2035-01-17,TRUE,28857600,47.7142857142857,2035-12-17
"147",NA,"Wind Onshore",18442,2029-07-01,1,"Completed","Planning",TRUE,62553600,103.428571428571,2031-06-25,TRUE,66,9.42857142857143,2031-08-30,TRUE,46828800,77.4285714285714,2033-02-22
"148",2,"Solar Photovoltaics",16445,2029-07-01,1,"Completed","Planning",TRUE,25920000,42.8571428571429,2030-04-27,TRUE,563,80.4285714285714,2031-11-11,TRUE,6825600,11.2857142857143,2032-01-29
"149",1,"Solar Photovoltaics",6105,2029-07-01,1,"Completed","Planning",TRUE,20217600,33.4285714285714,2030-02-20,TRUE,513,73.2857142857143,2031-07-18,TRUE,12960000,21.4285714285714,2031-12-15
"150",0.9,"Wind Onshore",13670,2029-08-01,1,"Completed","Planning",FALSE,43200000,71.4285714285714,2030-12-14,TRUE,1,0.142857142857143,2030-12-15,TRUE,59356800,98.1428571428572,2032-11-01
"151",15,"Wind Onshore",4173,2029-08-01,1,"Completed","Planning",TRUE,146534400,242.285714285714,2034-03-24,TRUE,2308,329.714285714286,2040-07-18,TRUE,78883200,130.428571428571,2043-01-17
"152",24,"Wind Onshore",4301,2029-08-01,1,"Completed","Planning",TRUE,146620800,242.428571428571,2034-03-25,FALSE,422,60.2857142857143,2035-05-21,TRUE,34732800,57.4285714285714,2036-06-26
"153",4.1,"Solar Photovoltaics",5201,2029-08-01,1,"Completed","Planning",FALSE,16848000,27.8571428571429,2030-02-12,TRUE,261,37.2857142857143,2030-10-31,TRUE,5788800,9.57142857142857,2031-01-06
"154",12.5,"Wind Onshore",4559,2029-09-01,1,"Completed","Planning",TRUE,27216000,45,2030-07-13,TRUE,2131,304.428571428571,2036-05-13,TRUE,5270400,8.71428571428572,2036-07-13
"155",0.2,"Wind Onshore",7809,2029-09-01,1,"Completed","Planning",TRUE,26784000,44.2857142857143,2030-07-08,TRUE,1069,152.714285714286,2033-06-11,TRUE,32745600,54.1428571428571,2034-06-25
"156",1,"Wind Onshore",7650,2029-09-01,1,"Completed","Planning",TRUE,42681600,70.5714285714286,2031-01-08,TRUE,986,140.857142857143,2033-09-20,TRUE,29635200,49,2034-08-29
"157",39.5,"Solar Photovoltaics",6829,2029-09-01,1,"Completed","Planning",FALSE,21513600,35.5714285714286,2030-05-08,TRUE,646,92.2857142857143,2032-02-13,TRUE,6825600,11.2857142857143,2032-05-02
"158",0.3,"Wind Onshore",7633,2029-10-01,1,"Completed","Planning",TRUE,25315200,41.8571428571429,2030-07-21,FALSE,3281,468.714285714286,2039-07-15,TRUE,30067200,49.7142857142857,2040-06-27
"159",NA,"Wind Onshore",16629,2029-10-01,1,"Completed","Planning",TRUE,244944000,405,2037-07-06,TRUE,1428,204,2041-06-03,TRUE,31536000,52.1428571428571,2042-06-03
"160",6.5,"Solar Photovoltaics",1789,2029-10-01,1,"Completed","Planning",TRUE,20217600,33.4285714285714,2030-05-23,TRUE,494,70.5714285714286,2031-09-29,TRUE,2419200,4,2031-10-27
"161",0.3,"Solar Photovoltaics",16620,2029-10-01,1,"Completed","Planning",TRUE,12182400,20.1428571428571,2030-02-19,FALSE,313,44.7142857142857,2030-12-29,TRUE,2419200,4,2031-01-26
"162",NA,"Wind Onshore",18443,2029-11-01,1,"Completed","Planning",TRUE,60134400,99.4285714285714,2031-09-28,TRUE,1127,161,2034-10-29,TRUE,5270400,8.71428571428572,2034-12-29
"163",2,"Wind Onshore",3712,2029-11-01,1,"Completed","Planning",TRUE,35942400,59.4285714285714,2030-12-22,TRUE,940,134.285714285714,2033-07-19,TRUE,31536000,52.1428571428571,2034-07-19
"164",3.8,"Solar Photovoltaics",1350,2029-11-01,1,"Completed","Planning",TRUE,29116800,48.1428571428571,2030-10-04,FALSE,513,73.2857142857143,2032-02-29,TRUE,8640000,14.2857142857143,2032-06-08
"165",NA,"Solar Photovoltaics",17312,2029-11-01,1,"Completed","Planning",TRUE,36806400,60.8571428571429,2031-01-01,FALSE,495,70.7142857142857,2032-05-10,TRUE,6825600,11.2857142857143,2032-07-28
"166",27.6,"Wind Onshore",4058,2029-12-01,1,"Completed","Planning",TRUE,149817600,247.714285714286,2034-08-31,TRUE,3267,466.714285714286,2043-08-11,TRUE,38534400,63.7142857142857,2044-10-30
"167",4.7,"Wind Onshore",2866,2029-12-01,1,"Completed","Planning",TRUE,32054400,53,2030-12-07,TRUE,1623,231.857142857143,2035-05-18,TRUE,15638400,25.8571428571429,2035-11-15
"168",25.7,"Solar Photovoltaics",4954,2029-12-01,1,"Completed","Planning",TRUE,21513600,35.5714285714286,2030-08-07,TRUE,568,81.1428571428571,2032-02-26,TRUE,22809600,37.7142857142857,2032-11-16
"169",NA,"Wind Onshore",8876,2030-01-01,1,"Completed","Planning",TRUE,62467200,103.285714285714,2031-12-25,TRUE,2150,307.142857142857,2037-11-13,TRUE,36892800,61,2039-01-14
"170",NA,"Wind Onshore",8867,2030-01-01,1,"Completed","Planning",FALSE,19526400,32.2857142857143,2030-08-15,TRUE,947,135.285714285714,2033-03-19,TRUE,36806400,60.8571428571429,2034-05-19
"171",0.3,"Wind Onshore",7495,2030-01-01,1,"Completed","Planning",TRUE,140745600,232.714285714286,2034-06-18,TRUE,630,90,2036-03-09,TRUE,37584000,62.1428571428571,2037-05-18
"172",0.3,"Wind Onshore",7535,2030-01-01,1,"Completed","Planning",TRUE,50112000,82.8571428571429,2031-08-04,TRUE,1127,161,2034-09-04,TRUE,21427200,35.4285714285714,2035-05-10
"173",5,"Solar Photovoltaics",5205,2030-01-01,1,"Completed","Planning",TRUE,2678400,4.42857142857143,2030-02-01,TRUE,313,44.7142857142857,2030-12-11,TRUE,20217600,33.4285714285714,2031-08-02
"174",2.5,"Solar Photovoltaics",16454,2030-01-01,1,"Completed","Planning",FALSE,20304000,33.5714285714286,2030-08-24,TRUE,420,60,2031-10-18,TRUE,2419200,4,2031-11-15
"175",0.25,"Wind Onshore",8868,2030-02-01,1,"Completed","Planning",FALSE,92534400,153,2033-01-07,FALSE,940,134.285714285714,2035-08-05,TRUE,31536000,52.1428571428571,2036-08-04
"176",1.5,"Wind Onshore",7213,2030-02-01,1,"Completed","Planning",FALSE,64800000,107.142857142857,2032-02-21,FALSE,40,5.71428571428571,2032-04-01,TRUE,15638400,25.8571428571429,2032-09-29
"177",11.5,"Wind Onshore",4902,2030-02-01,1,"Completed","Planning",TRUE,21254400,35.1428571428571,2030-10-05,TRUE,3297,471,2039-10-15,TRUE,46828800,77.4285714285714,2041-04-09
"178",14,"Wind Onshore",8106,2030-02-01,1,"Completed","Planning",TRUE,75254400,124.428571428571,2032-06-21,TRUE,1542,220.285714285714,2036-09-10,TRUE,15811200,26.1428571428571,2037-03-12
"179",4.9,"Solar Photovoltaics",6121,2030-02-01,1,"Completed","Planning",TRUE,15292800,25.2857142857143,2030-07-28,TRUE,513,73.2857142857143,2031-12-23,TRUE,2419200,4,2032-01-20
"180",2,"Solar Photovoltaics",16445,2030-02-01,1,"Completed","Planning",TRUE,16934400,28,2030-08-16,TRUE,503,71.8571428571428,2032-01-01,TRUE,8899200,14.7142857142857,2032-04-13
"181",NA,"Wind Onshore",16349,2030-03-01,1,"Completed","Planning",TRUE,129254400,213.714285714286,2034-04-05,TRUE,687,98.1428571428571,2036-02-21,TRUE,32140800,53.1428571428571,2037-02-27
"182",NA,"Wind Onshore",9676,2030-03-01,1,"Completed","Planning",TRUE,26956800,44.5714285714286,2031-01-07,FALSE,752,107.428571428571,2033-01-28,TRUE,78883200,130.428571428571,2035-07-30
"183",9,"Wind Onshore",4725,2030-03-01,1,"Completed","Planning",FALSE,35942400,59.4285714285714,2031-04-21,TRUE,303,43.2857142857143,2032-02-18,TRUE,50716800,83.8571428571429,2033-09-27
"184",6,"Solar Photovoltaics",4724,2030-03-01,1,"Completed","Planning",FALSE,20304000,33.5714285714286,2030-10-22,TRUE,646,92.2857142857143,2032-07-29,TRUE,5097600,8.42857142857143,2032-09-26
"185",8.5,"Solar Photovoltaics",5952,2030-03-01,1,"Completed","Planning",TRUE,13392000,22.1428571428571,2030-08-03,FALSE,494,70.5714285714286,2031-12-10,TRUE,11318400,18.7142857142857,2032-04-19
"186",0.3,"Wind Onshore",8135,2030-04-01,1,"Completed","Planning",TRUE,30067200,49.7142857142857,2031-03-15,TRUE,2295,327.857142857143,2037-06-26,TRUE,23673600,39.1428571428571,2038-03-27
"187",13.8,"Wind Onshore",4108,2030-04-01,1,"Completed","Planning",TRUE,50284800,83.1428571428572,2031-11-04,TRUE,640,91.4285714285714,2033-08-05,TRUE,36806400,60.8571428571429,2034-10-05
"188",25,"Wind Onshore",4534,2030-04-01,1,"Completed","Planning",TRUE,46828800,77.4285714285714,2031-09-25,TRUE,240,34.2857142857143,2032-05-22,TRUE,15638400,25.8571428571429,2032-11-19
"189",6.7,"Solar Photovoltaics",5463,2030-04-01,1,"Completed","Planning",TRUE,10368000,17.1428571428571,2030-07-30,TRUE,494,70.5714285714286,2031-12-06,TRUE,5097600,8.42857142857143,2032-02-03
"190",1,"Solar Photovoltaics",14123,2030-04-01,1,"Completed","Planning",TRUE,12528000,20.7142857142857,2030-08-24,TRUE,646,92.2857142857143,2032-05-31,TRUE,6307200,10.4285714285714,2032-08-12
"191",0.225,"Wind Onshore",15365,2030-05-01,1,"Completed","Planning",TRUE,27216000,45,2031-03-12,FALSE,2159,308.428571428571,2037-02-07,TRUE,52531200,86.8571428571429,2038-10-08
"192",1.7,"Wind Onshore",3716,2030-05-01,1,"Completed","Planning",TRUE,146620800,242.428571428571,2034-12-23,TRUE,736,105.142857142857,2036-12-28,TRUE,32140800,53.1428571428571,2038-01-04
"193",51,"Wind Onshore",2794,2030-05-01,1,"Completed","Planning",FALSE,22896000,37.8571428571429,2031-01-21,FALSE,932,133.142857142857,2033-08-10,TRUE,34300800,56.7142857142857,2034-09-11
"194",NA,"Solar Photovoltaics",16716,2030-05-01,1,"Completed","Planning",TRUE,14601600,24.1428571428571,2030-10-17,TRUE,272,38.8571428571429,2031-07-16,TRUE,2419200,4,2031-08-13
"195",25.2,"Solar Photovoltaics",5443,2030-05-01,1,"Completed","Planning",FALSE,17020800,28.1428571428571,2030-11-14,TRUE,495,70.7142857142857,2032-03-23,TRUE,5702400,9.42857142857143,2032-05-28
"196",15,"Wind Onshore",4156,2030-06-01,1,"Completed","Planning",TRUE,44409600,73.4285714285714,2031-10-28,TRUE,414,59.1428571428571,2032-12-15,TRUE,5270400,8.71428571428572,2033-02-14
"197",10,"Wind Onshore",2888,2030-06-01,1,"Completed","Planning",TRUE,23932800,39.5714285714286,2031-03-05,TRUE,640,91.4285714285714,2032-12-04,TRUE,23673600,39.1428571428571,2033-09-04
"198",0.2,"Wind Onshore",6812,2030-06-01,1,"Completed","Planning",TRUE,220147200,364,2037-05-23,TRUE,2131,304.428571428571,2043-03-24,TRUE,44323200,73.2857142857143,2044-08-18
"199",4.1,"Solar Photovoltaics",6325,2030-06-01,1,"Completed","Planning",FALSE,57542400,95.1428571428572,2032-03-28,TRUE,779,111.285714285714,2034-05-16,TRUE,9849600,16.2857142857143,2034-09-07
"200",2.5,"Solar Photovoltaics",16454,2030-06-01,1,"Completed","Planning",TRUE,16848000,27.8571428571429,2030-12-13,FALSE,495,70.7142857142857,2032-04-21,TRUE,8899200,14.7142857142857,2032-08-02
"201",20,"Wind Onshore",3253,2030-07-01,1,"Completed","Planning",TRUE,50112000,82.8571428571429,2032-02-01,TRUE,2251,321.571428571429,2038-04-01,TRUE,14428800,23.8571428571429,2038-09-15
"202",2,"Wind Onshore",4813,2030-07-01,1,"Completed","Planning",TRUE,36288000,60,2031-08-25,TRUE,3281,468.714285714286,2040-08-18,TRUE,15811200,26.1428571428571,2041-02-17
"203",0.25,"Wind Onshore",8279,2030-07-01,1,"Completed","Planning",TRUE,28598400,47.2857142857143,2031-05-28,TRUE,2339,334.142857142857,2037-10-22,TRUE,-12268800,-20.2857142857143,2037-06-02
"204",25.2,"Solar Photovoltaics",5443,2030-07-01,1,"Completed","Planning",TRUE,5443200,9,2030-09-02,TRUE,494,70.5714285714286,2032-01-09,TRUE,2419200,4,2032-02-06
"205",0.7,"Solar Photovoltaics",17115,2030-07-01,1,"Completed","Planning",TRUE,9676800,16,2030-10-21,TRUE,272,38.8571428571429,2031-07-20,TRUE,20217600,33.4285714285714,2032-03-10
"206",17.5,"Wind Onshore",4238,2030-08-01,1,"Completed","Planning",TRUE,75254400,124.428571428571,2032-12-19,TRUE,2646,378,2040-03-18,TRUE,59356800,98.1428571428572,2042-02-03
"207",23.1,"Wind Onshore",4561,2030-08-01,1,"Completed","Planning",TRUE,26784000,44.2857142857143,2031-06-07,TRUE,2295,327.857142857143,2037-09-18,TRUE,41126400,68,2039-01-07
"208",0.25,"Wind Onshore",9675,2030-08-01,1,"Completed","Planning",FALSE,104630400,173,2033-11-24,TRUE,818,116.857142857143,2036-02-20,TRUE,21427200,35.4285714285714,2036-10-25
"209",13.5,"Solar Photovoltaics",2236,2030-08-01,1,"Completed","Planning",FALSE,12182400,20.1428571428571,2030-12-20,TRUE,486,69.4285714285714,2032-04-19,TRUE,22809600,37.7142857142857,2033-01-08
"210",1,"Solar Photovoltaics",7744,2030-08-01,1,"Completed","Planning",TRUE,9676800,16,2030-11-21,TRUE,513,73.2857142857143,2032-04-17,TRUE,2419200,4,2032-05-15
"211",0.25,"Wind Onshore",8266,2030-09-01,1,"Completed","Planning",TRUE,4233600,7,2030-10-20,TRUE,640,91.4285714285714,2032-07-21,TRUE,17193600,28.4285714285714,2033-02-05
"212",13.8,"Wind Onshore",4237,2030-09-01,1,"Completed","Planning",TRUE,44409600,73.4285714285714,2032-01-28,TRUE,1595,227.857142857143,2036-06-10,TRUE,30067200,49.7142857142857,2037-05-24
"213",NA,"Wind Onshore",18380,2030-09-01,1,"Completed","Planning",TRUE,125452800,207.428571428571,2034-08-23,TRUE,1620,231.428571428571,2039-01-29,TRUE,-12268800,-20.2857142857143,2038-09-09
"214",25.2,"Solar Photovoltaics",5443,2030-09-01,1,"Completed","Planning",TRUE,57542400,95.1428571428572,2032-06-28,TRUE,563,80.4285714285714,2034-01-12,TRUE,6825600,11.2857142857143,2034-04-01
"215",6.5,"Solar Photovoltaics",5450,2030-09-01,1,"Completed","Planning",TRUE,25488000,42.1428571428571,2031-06-23,TRUE,486,69.4285714285714,2032-10-21,TRUE,20217600,33.4285714285714,2033-06-12
"216",13.8,"Wind Onshore",3934,2030-10-01,1,"Completed","Planning",FALSE,9590400,15.8571428571429,2031-01-20,FALSE,1620,231.428571428571,2035-06-28,TRUE,12614400,20.8571428571429,2035-11-21
"217",51,"Wind Onshore",2794,2030-10-01,1,"Completed","Planning",TRUE,9763200,16.1428571428571,2031-01-22,TRUE,66,9.42857142857143,2031-03-29,TRUE,33609600,55.5714285714286,2032-04-21
"218",1,"Solar Photovoltaics",14123,2030-10-01,1,"Completed","Planning",TRUE,17020800,28.1428571428571,2031-04-16,FALSE,495,70.7142857142857,2032-08-23,TRUE,8899200,14.7142857142857,2032-12-04
"219",4.9,"Solar Photovoltaics",6002,2030-10-01,1,"Completed","Planning",TRUE,5443200,9,2030-12-03,FALSE,513,73.2857142857143,2032-04-29,TRUE,12960000,21.4285714285714,2032-09-26
"220",0.225,"Wind Onshore",13991,2030-11-01,1,"Completed","Planning",TRUE,231120000,382.142857142857,2038-02-27,TRUE,3281,468.714285714286,2047-02-21,TRUE,27388800,45.2857142857143,2048-01-04
"221",NA,"Wind Onshore",18380,2030-11-01,1,"Completed","Planning",TRUE,75254400,124.428571428571,2033-03-21,TRUE,239,34.1428571428571,2033-11-15,TRUE,26352000,43.5714285714286,2034-09-16
"222",50,"Solar Photovoltaics",6012,2030-11-01,1,"Completed","Planning",FALSE,15292800,25.2857142857143,2031-04-27,TRUE,779,111.285714285714,2033-06-14,TRUE,5788800,9.57142857142857,2033-08-20
"223",29.9,"Solar Photovoltaics",16337,2030-11-01,1,"Completed","Planning",TRUE,12787200,21.1428571428571,2031-03-29,TRUE,568,81.1428571428571,2032-10-17,TRUE,6307200,10.4285714285714,2032-12-29
"224",0.3,"Wind Onshore",7647,2030-12-01,1,"Completed","Planning",TRUE,19353600,32,2031-07-13,FALSE,1889,269.857142857143,2036-09-13,TRUE,27388800,45.2857142857143,2037-07-27
"225",23.5,"Wind Onshore",4297,2030-12-01,1,"Completed","Planning",TRUE,125452800,207.428571428571,2034-11-22,TRUE,1620,231.428571428571,2039-04-30,TRUE,30067200,49.7142857142857,2040-04-12
"226",6,"Solar Photovoltaics",4724,2030-12-01,1,"Completed","Planning",TRUE,20304000,33.5714285714286,2031-07-24,TRUE,646,92.2857142857143,2033-04-30,TRUE,22809600,37.7142857142857,2034-01-19
"227",21.8,"Solar Photovoltaics",5184,2030-12-01,1,"Completed","Planning",TRUE,20304000,33.5714285714286,2031-07-24,TRUE,313,44.7142857142857,2032-06-01,TRUE,22377600,37,2033-02-15
"228",21,"Wind Onshore",6439,2031-01-01,1,"Completed","Planning",TRUE,125798400,208,2034-12-27,TRUE,240,34.2857142857143,2035-08-24,TRUE,17193600,28.4285714285714,2036-03-10
"229",2.3,"Wind Onshore",2721,2031-01-01,1,"Completed","Planning",TRUE,119923200,198.285714285714,2034-10-20,TRUE,986,140.857142857143,2037-07-02,TRUE,26265600,43.4285714285714,2038-05-02
"230",24,"Wind Onshore",4301,2031-01-01,1,"Completed","Planning",FALSE,46656000,77.1428571428572,2032-06-24,TRUE,1549,221.285714285714,2036-09-20,TRUE,33696000,55.7142857142857,2037-10-15
"231",0.3,"Wind Onshore",7667,2031-01-01,1,"Completed","Planning",FALSE,22723200,37.5714285714286,2031-09-21,TRUE,1127,161,2034-10-22,TRUE,14428800,23.8571428571429,2035-04-07
"232",30,"Wind Onshore",4151,2031-01-01,1,"Completed","Planning",TRUE,64800000,107.142857142857,2033-01-20,TRUE,1406,200.857142857143,2036-11-26,TRUE,28944000,47.8571428571429,2037-10-27
"233",5.9,"Solar Photovoltaics",4884,2031-01-01,1,"Completed","Planning",TRUE,40435200,66.8571428571429,2032-04-13,TRUE,387,55.2857142857143,2033-05-05,TRUE,6307200,10.4285714285714,2033-07-17
"234",10,"Solar Photovoltaics",5435,2031-01-01,1,"Completed","Planning",FALSE,29116800,48.1428571428571,2031-12-04,TRUE,401,57.2857142857143,2033-01-08,TRUE,6825600,11.2857142857143,2033-03-28
"235",6,"Solar Photovoltaics",4724,2031-01-01,1,"Completed","Planning",TRUE,20822400,34.4285714285714,2031-08-30,TRUE,420,60,2032-10-23,TRUE,5097600,8.42857142857143,2032-12-21
"236",NA,"Wind Onshore",17425,2031-02-01,1,"Completed","Planning",TRUE,89164800,147.428571428571,2033-11-29,FALSE,1466,209.428571428571,2037-12-04,TRUE,41126400,68,2039-03-25
"237",0.25,"Wind Onshore",8874,2031-02-01,1,"Completed","Planning",TRUE,35942400,59.4285714285714,2032-03-23,TRUE,932,133.142857142857,2034-10-11,TRUE,52531200,86.8571428571429,2036-06-10
"238",28.5,"Wind Onshore",4795,2031-02-01,1,"Completed","Planning",FALSE,42249600,69.8571428571429,2032-06-04,TRUE,1895,270.714285714286,2037-08-12,TRUE,31536000,52.1428571428571,2038-08-12
"239",0.3,"Wind Onshore",7833,2031-02-01,1,"Completed","Planning",FALSE,100915200,166.857142857143,2034-04-14,TRUE,1127,161,2037-05-15,TRUE,32745600,54.1428571428571,2038-05-29
"240",NA,"Wind Onshore",8262,2031-02-01,1,"Completed","Planning",TRUE,62553600,103.428571428571,2033-01-25,TRUE,932,133.142857142857,2035-08-15,TRUE,52531200,86.8571428571429,2037-04-14
"241",4.9,"Solar Photovoltaics",6002,2031-02-01,1,"Completed","Planning",TRUE,12528000,20.7142857142857,2031-06-26,TRUE,486,69.4285714285714,2032-10-24,TRUE,4665600,7.71428571428571,2032-12-17
"242",NA,"Solar Photovoltaics",17312,2031-02-01,1,"Completed","Planning",TRUE,9936000,16.4285714285714,2031-05-27,TRUE,486,69.4285714285714,2032-09-24,TRUE,10281600,17,2033-01-21
"243",0.15,"Wind Onshore",9599,2031-03-01,1,"Completed","Planning",TRUE,35942400,59.4285714285714,2032-04-20,TRUE,1406,200.857142857143,2036-02-25,TRUE,22636800,37.4285714285714,2036-11-13
"244",17.5,"Wind Onshore",3131,2031-03-01,1,"Completed","Planning",TRUE,61948800,102.428571428571,2033-02-15,FALSE,630,90,2034-11-07,TRUE,14428800,23.8571428571429,2035-04-23
"245",14,"Wind Onshore",2929,2031-03-01,1,"Completed","Planning",FALSE,19353600,32,2031-10-11,TRUE,1895,270.714285714286,2036-12-18,TRUE,34300800,56.7142857142857,2038-01-19
"246",20,"Wind Onshore",3251,2031-03-01,1,"Completed","Planning",TRUE,119750400,198,2034-12-16,FALSE,1406,200.857142857143,2038-10-22,TRUE,65232000,107.857142857143,2040-11-15
"247",6.5,"Solar Photovoltaics",2324,2031-03-01,1,"Completed","Planning",FALSE,2678400,4.42857142857143,2031-04-01,TRUE,387,55.2857142857143,2032-04-22,TRUE,22377600,37,2033-01-06
"248",6,"Solar Photovoltaics",5085,2031-03-01,1,"Completed","Planning",TRUE,57542400,95.1428571428572,2032-12-26,FALSE,387,55.2857142857143,2034-01-17,TRUE,18316800,30.2857142857143,2034-08-17
"249",10,"Wind Onshore",4285,2031-04-01,1,"Completed","Planning",TRUE,220147200,364,2038-03-23,TRUE,40,5.71428571428571,2038-05-02,TRUE,41644800,68.8571428571429,2039-08-27
"250",52.5,"Wind Onshore",4309,2031-04-01,1,"Completed","Planning",TRUE,75859200,125.428571428571,2033-08-26,TRUE,940,134.285714285714,2036-03-23,TRUE,31536000,52.1428571428571,2037-03-23
"251",6.9,"Wind Onshore",4111,2031-04-01,1,"Completed","Planning",TRUE,60134400,99.4285714285714,2033-02-25,TRUE,1,0.142857142857143,2033-02-26,TRUE,32745600,54.1428571428571,2034-03-12
"252",16.1,"Wind Onshore",4325,2031-04-01,1,"Completed","Planning",FALSE,142041600,234.857142857143,2035-10-01,FALSE,3267,466.714285714286,2044-09-10,TRUE,23673600,39.1428571428571,2045-06-11
"253",NA,"Wind Onshore",16349,2031-04-01,1,"Completed","Planning",TRUE,42508800,70.2857142857143,2032-08-05,TRUE,1428,204,2036-07-03,TRUE,46828800,77.4285714285714,2037-12-27
"254",2,"Solar Photovoltaics",16445,2031-04-01,1,"Completed","Planning",TRUE,20217600,33.4285714285714,2031-11-21,TRUE,420,60,2033-01-14,TRUE,22377600,37,2033-09-30
"255",25,"Solar Photovoltaics",5967,2031-04-01,1,"Completed","Planning",FALSE,10368000,17.1428571428571,2031-07-30,TRUE,313,44.7142857142857,2032-06-07,TRUE,2419200,4,2032-07-05
"256",0.7,"Solar Photovoltaics",17115,2031-04-01,1,"Completed","Planning",TRUE,12787200,21.1428571428571,2031-08-27,TRUE,513,73.2857142857143,2033-01-21,TRUE,5097600,8.42857142857143,2033-03-21
"257",0.5,"Wind Onshore",15355,2031-05-01,1,"Completed","Planning",FALSE,42249600,69.8571428571429,2032-09-01,TRUE,1141,163,2035-10-17,TRUE,46828800,77.4285714285714,2037-04-11
"258",4.6,"Wind Onshore",3877,2031-05-01,1,"Completed","Planning",FALSE,7084800,11.7142857142857,2031-07-22,TRUE,403,57.5714285714286,2032-08-28,TRUE,29548800,48.8571428571429,2033-08-05
"259",0.2,"Wind Onshore",7271,2031-05-01,1,"Completed","Planning",FALSE,26179200,43.2857142857143,2032-02-28,FALSE,853,121.857142857143,2034-06-30,TRUE,25315200,41.8571428571429,2035-04-19
"260",0.3,"Wind Onshore",7428,2031-05-01,1,"Completed","Planning",TRUE,53740800,88.8571428571429,2033-01-12,TRUE,687,98.1428571428571,2034-11-30,TRUE,16588800,27.4285714285714,2035-06-10
"261",6.7,"Solar Photovoltaics",5463,2031-05-01,1,"Completed","Planning",TRUE,5356800,8.85714285714286,2031-07-02,TRUE,683,97.5714285714286,2033-05-15,TRUE,8899200,14.7142857142857,2033-08-26
"262",NA,"Solar Photovoltaics",17711,2031-05-01,1,"Completed","Planning",TRUE,25488000,42.1428571428571,2032-02-20,FALSE,503,71.8571428571428,2033-07-07,TRUE,4665600,7.71428571428571,2033-08-30
"263",2,"Solar Photovoltaics",16583,2031-05-01,1,"Completed","Planning",TRUE,36806400,60.8571428571429,2032-06-30,TRUE,513,73.2857142857143,2033-11-25,TRUE,18316800,30.2857142857143,2034-06-25
"264",28.8,"Wind Onshore",13669,2031-06-01,1,"Completed","Planning",TRUE,158630400,262.285714285714,2036-06-10,TRUE,818,116.857142857143,2038-09-06,TRUE,78883200,130.428571428571,2041-03-07
"265",0.225,"Wind Onshore",15365,2031-06-01,1,"Completed","Planning",TRUE,10540800,17.4285714285714,2031-10-01,TRUE,480,68.5714285714286,2033-01-23,TRUE,12614400,20.8571428571429,2033-06-18
"266",16.1,"Wind Onshore",4325,2031-06-01,1,"Completed","Planning",TRUE,166838400,275.857142857143,2036-09-13,TRUE,414,59.1428571428571,2037-11-01,TRUE,25315200,41.8571428571429,2038-08-21
"267",25,"Solar Photovoltaics",6024,2031-06-01,1,"Completed","Planning",TRUE,16070400,26.5714285714286,2031-12-04,TRUE,603,86.1428571428571,2033-07-29,TRUE,11318400,18.7142857142857,2033-12-07
"268",5.1,"Solar Photovoltaics",2371,2031-06-01,1,"Completed","Planning",FALSE,13392000,22.1428571428571,2031-11-03,TRUE,313,44.7142857142857,2032-09-11,TRUE,5097600,8.42857142857143,2032-11-09
"269",25,"Solar Photovoltaics",5955,2031-06-01,1,"Completed","Planning",TRUE,14601600,24.1428571428571,2031-11-17,FALSE,494,70.5714285714286,2033-03-25,TRUE,22377600,37,2033-12-09
"270",0.5,"Wind Onshore",7354,2031-07-01,1,"Completed","Planning",TRUE,35942400,59.4285714285714,2032-08-20,TRUE,1816,259.428571428571,2037-08-10,TRUE,41126400,68,2038-11-29
"271",26,"Wind Onshore",3575,2031-07-01,1,"Completed","Planning",TRUE,26956800,44.5714285714286,2032-05-08,TRUE,1740,248.571428571429,2037-02-11,TRUE,28857600,47.7142857142857,2038-01-11
"272",0.6,"Wind Onshore",17318,2031-07-01,1,"Completed","Planning",TRUE,50112000,82.8571428571429,2033-01-31,TRUE,853,121.857142857143,2035-06-03,TRUE,33609600,55.5714285714286,2036-06-26
"273",5.9,"Solar Photovoltaics",4884,2031-07-01,1,"Completed","Planning",TRUE,4924800,8.14285714285714,2031-08-27,FALSE,401,57.2857142857143,2032-10-01,TRUE,22809600,37.7142857142857,2033-06-22
"274",39.5,"Solar Photovoltaics",6829,2031-07-01,1,"Completed","Planning",FALSE,15292800,25.2857142857143,2031-12-25,TRUE,646,92.2857142857143,2033-10-01,TRUE,5097600,8.42857142857143,2033-11-29
"275",0.5,"Wind Onshore",7354,2031-08-01,1,"Completed","Planning",TRUE,353980800,585.285714285714,2042-10-19,TRUE,2295,327.857142857143,2049-01-30,TRUE,59356800,98.1428571428572,2050-12-18
"276",8,"Wind Onshore",4284,2031-08-01,1,"Completed","Planning",TRUE,18921600,31.2857142857143,2032-03-07,TRUE,1620,231.428571428571,2036-08-13,TRUE,68688000,113.571428571429,2038-10-17
"277",54,"Wind Onshore",4504,2031-08-01,1,"Completed","Planning",TRUE,211420800,349.571428571429,2038-04-13,TRUE,1889,269.857142857143,2043-06-15,TRUE,32745600,54.1428571428571,2044-06-28
"278",0.3,"Solar Photovoltaics",16620,2031-08-01,1,"Completed","Planning",TRUE,20304000,33.5714285714286,2032-03-23,TRUE,495,70.7142857142857,2033-07-31,TRUE,5270400,8.71428571428572,2033-09-30
"279",5,"Solar Photovoltaics",5203,2031-08-01,1,"Completed","Planning",TRUE,27993600,46.2857142857143,2032-06-20,TRUE,387,55.2857142857143,2033-07-12,TRUE,2419200,4,2033-08-09
"280",1,"Solar Photovoltaics",6105,2031-08-01,1,"Completed","Planning",TRUE,9849600,16.2857142857143,2031-11-23,TRUE,401,57.2857142857143,2032-12-28,TRUE,6307200,10.4285714285714,2033-03-11
"281",0.85,"Wind Onshore",14114,2031-09-01,1,"Completed","Planning",TRUE,146534400,242.285714285714,2036-04-23,TRUE,1549,221.285714285714,2040-07-20,TRUE,0,0,2040-07-20
"282",30,"Wind Onshore",3252,2031-09-01,1,"Completed","Planning",TRUE,75254400,124.428571428571,2034-01-19,TRUE,1428,204,2037-12-17,TRUE,32745600,54.1428571428571,2038-12-31
"283",17.5,"Wind Onshore",3131,2031-09-01,1,"Completed","Planning",TRUE,27216000,45,2032-07-12,TRUE,1406,200.857142857143,2036-05-18,TRUE,30067200,49.7142857142857,2037-05-01
"284",4.8,"Solar Photovoltaics",1296,2031-09-01,1,"Completed","Planning",TRUE,14601600,24.1428571428571,2032-02-17,TRUE,879,125.571428571429,2034-07-15,TRUE,22809600,37.7142857142857,2035-04-05
"285",4.9,"Solar Photovoltaics",5852,2031-09-01,1,"Completed","Planning",TRUE,14601600,24.1428571428571,2032-02-17,TRUE,130,18.5714285714286,2032-06-26,TRUE,8899200,14.7142857142857,2032-10-07
"286",0.3,"Wind Onshore",7428,2031-10-01,1,"Completed","Planning",TRUE,4233600,7,2031-11-19,TRUE,2295,327.857142857143,2038-03-02,TRUE,59356800,98.1428571428572,2040-01-18
"287",6,"Wind Onshore",4282,2031-10-01,1,"Completed","Planning",TRUE,90892800,150.285714285714,2034-08-18,TRUE,940,134.285714285714,2037-03-15,TRUE,44323200,73.2857142857143,2038-08-10
"288",12,"Wind Onshore",4143,2031-10-01,1,"Completed","Planning",TRUE,220147200,364,2038-09-22,TRUE,2646,378,2045-12-20,TRUE,52531200,86.8571428571429,2047-08-20
"289",NA,"Solar Photovoltaics",10590,2031-10-01,1,"Completed","Planning",TRUE,17020800,28.1428571428571,2032-04-15,TRUE,494,70.5714285714286,2033-08-22,TRUE,9849600,16.2857142857143,2033-12-14
"290",NA,"Solar Photovoltaics",16716,2031-10-01,1,"Completed","Planning",TRUE,9676800,16,2032-01-21,TRUE,779,111.285714285714,2034-03-10,TRUE,12960000,21.4285714285714,2034-08-07
"291",5.1,"Solar Photovoltaics",2371,2031-10-01,1,"Completed","Planning",TRUE,21513600,35.5714285714286,2032-06-06,FALSE,568,81.1428571428571,2033-12-26,TRUE,2419200,4,2034-01-23
"292",12.5,"Wind Onshore",4320,2031-11-01,1,"Completed","Planning",TRUE,9590400,15.8571428571429,2032-02-20,TRUE,1558,222.571428571429,2036-05-27,TRUE,52531200,86.8571428571429,2038-01-25
"293",13.8,"Wind Onshore",4108,2031-11-01,1,"Completed","Planning",TRUE,89164800,147.428571428571,2034-08-29,TRUE,239,34.1428571428571,2035-04-25,TRUE,28425600,47,2036-03-19
"294",0.6,"Wind Onshore",13996,2031-11-01,1,"Completed","Planning",TRUE,15033600,24.8571428571429,2032-04-23,TRUE,2131,304.428571428571,2038-02-22,TRUE,27388800,45.2857142857143,2039-01-05
"295",2,"Solar Photovoltaics",16445,2031-11-01,1,"Completed","Planning",TRUE,25920000,42.8571428571429,2032-08-27,TRUE,568,81.1428571428571,2034-03-18,TRUE,4665600,7.71428571428571,2034-05-11
"296",NA,"Solar Photovoltaics",17711,2031-11-01,1,"Completed","Planning",FALSE,5356800,8.85714285714286,2032-01-02,TRUE,683,97.5714285714286,2033-11-15,TRUE,10281600,17,2034-03-14
"297",25,"Solar Photovoltaics",6024,2031-11-01,1,"Completed","Planning",FALSE,20995200,34.7142857142857,2032-07-01,TRUE,563,80.4285714285714,2034-01-15,TRUE,8640000,14.2857142857143,2034-04-25
"298",7.1,"Wind Onshore",4557,2031-12-01,1,"Completed","Planning",FALSE,47520000,78.5714285714286,2033-06-03,TRUE,480,68.5714285714286,2034-09-26,TRUE,59356800,98.1428571428572,2036-08-13
"299",0.6,"Wind Onshore",13996,2031-12-01,1,"Completed","Planning",TRUE,106790400,176.571428571429,2035-04-20,TRUE,1595,227.857142857143,2039-09-01,TRUE,5356800,8.85714285714286,2039-11-02
"300",9,"Wind Onshore",3168,2031-12-01,1,"Completed","Planning",TRUE,71971200,119,2034-03-13,TRUE,422,60.2857142857143,2035-05-09,TRUE,41644800,68.8571428571429,2036-09-02
"301",8.5,"Solar Photovoltaics",5952,2031-12-01,1,"Completed","Planning",TRUE,16848000,27.8571428571429,2032-06-13,FALSE,879,125.571428571429,2034-11-09,TRUE,2419200,4,2034-12-07
"302",6.5,"Solar Photovoltaics",1789,2031-12-01,1,"Completed","Planning",FALSE,16848000,27.8571428571429,2032-06-13,TRUE,503,71.8571428571428,2033-10-29,TRUE,5702400,9.42857142857143,2034-01-03
"303",5.1,"Solar Photovoltaics",2371,2031-12-01,1,"Completed","Planning",TRUE,16070400,26.5714285714286,2032-06-04,FALSE,879,125.571428571429,2034-10-31,TRUE,22809600,37.7142857142857,2035-07-22
"304",2,"Wind Onshore",7419,2025-01-01,2,"Completed","Planning",TRUE,23587200,39,2025-10-01,TRUE,630,90,2027-06-23,TRUE,17193600,28.4285714285714,2028-01-08
"305",0.15,"Wind Onshore",9599,2025-01-01,2,"Completed","Planning",TRUE,84672000,140,2027-09-08,FALSE,1,0.142857142857143,2027-09-09,TRUE,68688000,113.571428571429,2029-11-12
"306",5.9,"Wind Onshore",3568,2025-01-01,2,"Completed","Planning",TRUE,31622400,52.2857142857143,2026-01-02,TRUE,818,116.857142857143,2028-03-30,TRUE,56937600,94.1428571428572,2030-01-18
"307",36.3,"Wind Onshore",6143,2025-01-01,2,"Completed","Planning",FALSE,106531200,176.142857142857,2028-05-18,TRUE,818,116.857142857143,2030-08-14,TRUE,17193600,28.4285714285714,2031-03-01
"308",4.6,"Wind Onshore",3680,2025-01-01,2,"Completed","Planning",TRUE,30153600,49.8571428571429,2025-12-16,TRUE,752,107.428571428571,2028-01-07,TRUE,28857600,47.7142857142857,2028-12-06
"309",5,"Wind Onshore",3106,2025-01-01,2,"Completed","Planning",TRUE,149817600,247.714285714286,2029-10-01,FALSE,422,60.2857142857143,2030-11-27,TRUE,44323200,73.2857142857143,2032-04-23
"310",5.9,"Solar Photovoltaics",4884,2025-01-01,2,"Completed","Planning",TRUE,15292800,25.2857142857143,2025-06-27,FALSE,313,44.7142857142857,2026-05-06,TRUE,11318400,18.7142857142857,2026-09-14
"311",2.3,"Wind Onshore",3961,2025-02-01,2,"Completed","Planning",TRUE,27216000,45,2025-12-13,TRUE,1659,237,2030-06-29,TRUE,16588800,27.4285714285714,2031-01-07
"312",0.3,"Wind Onshore",7833,2025-02-01,2,"Completed","Planning",FALSE,29548800,48.8571428571429,2026-01-09,FALSE,2251,321.571428571429,2032-03-09,TRUE,15811200,26.1428571428571,2032-09-08
"313",10,"Wind Onshore",4216,2025-02-01,2,"Completed","Planning",TRUE,231120000,382.142857142857,2032-05-30,TRUE,1595,227.857142857143,2036-10-11,TRUE,14428800,23.8571428571429,2037-03-27
"314",5.1,"Wind Onshore",2927,2025-02-01,2,"Completed","Planning",FALSE,138499200,229,2029-06-23,TRUE,66,9.42857142857143,2029-08-28,TRUE,29548800,48.8571428571429,2030-08-05
"315",2,"Wind Onshore",4812,2025-02-01,2,"Completed","Planning",TRUE,42076800,69.5714285714286,2026-06-03,TRUE,40,5.71428571428571,2026-07-13,TRUE,54259200,89.7142857142857,2028-04-01
"316",4.6,"Wind Onshore",3680,2025-02-01,2,"Completed","Planning",FALSE,90892800,150.285714285714,2027-12-20,TRUE,809,115.571428571429,2030-03-08,TRUE,15638400,25.8571428571429,2030-09-05
"317",1,"Solar Photovoltaics",7744,2025-02-01,2,"Completed","Planning",TRUE,14601600,24.1428571428571,2025-07-20,FALSE,683,97.5714285714286,2027-06-03,TRUE,5702400,9.42857142857143,2027-08-08
"318",52.5,"Wind Onshore",4309,2025-03-01,2,"Completed","Planning",FALSE,30067200,49.7142857142857,2026-02-12,TRUE,987,141,2028-10-26,TRUE,28425600,47,2029-09-20
"319",10,"Solar Photovoltaics",5435,2025-03-01,2,"Completed","Planning",TRUE,20995200,34.7142857142857,2025-10-30,TRUE,272,38.8571428571429,2026-07-29,TRUE,5788800,9.57142857142857,2026-10-04
"320",NA,"Wind Onshore",8224,2025-04-01,2,"Completed","Planning",TRUE,119923200,198.285714285714,2029-01-18,TRUE,3297,471,2038-01-28,TRUE,8726400,14.4285714285714,2038-05-09
"321",NA,"Solar Photovoltaics",17417,2025-04-01,2,"Completed","Planning",TRUE,25920000,42.8571428571429,2026-01-26,TRUE,401,57.2857142857143,2027-03-03,TRUE,12960000,21.4285714285714,2027-07-31
"322",0.25,"Wind Onshore",8258,2025-05-01,2,"Completed","Planning",TRUE,32400000,53.5714285714286,2026-05-11,TRUE,2646,378,2033-08-08,TRUE,30067200,49.7142857142857,2034-07-22
"323",NA,"Solar Photovoltaics",10590,2025-05-01,2,"Completed","Planning",TRUE,14601600,24.1428571428571,2025-10-17,FALSE,513,73.2857142857143,2027-03-14,TRUE,20217600,33.4285714285714,2027-11-03
"324",25,"Wind Onshore",3326,2025-06-01,2,"Completed","Planning",TRUE,149817600,247.714285714286,2030-03-01,TRUE,687,98.1428571428571,2032-01-17,TRUE,56937600,94.1428571428572,2033-11-06
"325",6.5,"Solar Photovoltaics",5450,2025-06-01,2,"Completed","Planning",TRUE,16070400,26.5714285714286,2025-12-04,FALSE,779,111.285714285714,2028-01-22,TRUE,11318400,18.7142857142857,2028-06-01
"326",19.8,"Wind Onshore",6546,2025-07-01,2,"Completed","Planning",FALSE,195782400,323.714285714286,2031-09-14,TRUE,932,133.142857142857,2034-04-03,TRUE,43286400,71.5714285714286,2035-08-17
"327",15,"Wind Onshore",3254,2025-08-01,2,"Completed","Planning",TRUE,89164800,147.428571428571,2028-05-29,TRUE,1659,237,2032-12-13,TRUE,25315200,41.8571428571429,2033-10-02
"328",2.5,"Wind Onshore",3852,2025-09-01,2,"Completed","Planning",TRUE,42076800,69.5714285714286,2027-01-01,FALSE,1623,231.857142857143,2031-06-12,TRUE,52531200,86.8571428571429,2033-02-09
"329",3.8,"Solar Photovoltaics",1350,2025-09-01,2,"Completed","Planning",FALSE,17020800,28.1428571428571,2026-03-17,FALSE,683,97.5714285714286,2028-01-29,TRUE,4665600,7.71428571428571,2028-03-23
"330",2.5,"Wind Onshore",3954,2025-10-01,2,"Completed","Planning",TRUE,23932800,39.5714285714286,2026-07-05,TRUE,403,57.5714285714286,2027-08-12,TRUE,-12268800,-20.2857142857143,2027-03-23
"331",NA,"Solar Photovoltaics",16716,2025-10-01,2,"Completed","Planning",TRUE,72057600,119.142857142857,2028-01-13,FALSE,683,97.5714285714286,2029-11-26,TRUE,6307200,10.4285714285714,2030-02-07
"332",1.5,"Wind Onshore",5219,2025-11-01,2,"Completed","Planning",TRUE,18921600,31.2857142857143,2026-06-08,TRUE,240,34.2857142857143,2027-02-03,TRUE,30067200,49.7142857142857,2028-01-17
"333",18,"Solar Photovoltaics",6506,2025-11-01,2,"Completed","Planning",TRUE,12528000,20.7142857142857,2026-03-26,TRUE,401,57.2857142857143,2027-05-01,TRUE,5788800,9.57142857142857,2027-07-07
"334",4.6,"Wind Onshore",3877,2025-12-01,2,"Completed","Planning",FALSE,62294400,103,2027-11-22,TRUE,1542,220.285714285714,2032-02-11,TRUE,15638400,25.8571428571429,2032-08-10
"335",NA,"Wind Onshore",17665,2026-01-01,2,"Completed","Planning",FALSE,89164800,147.428571428571,2028-10-29,FALSE,1466,209.428571428571,2032-11-03,TRUE,52531200,86.8571428571429,2034-07-04
"336",3.75,"Solar Photovoltaics",8870,2026-01-01,2,"Completed","Planning",FALSE,5356800,8.85714285714286,2026-03-04,TRUE,272,38.8571428571429,2026-12-01,TRUE,9849600,16.2857142857143,2027-03-25
"337",0.25,"Wind Onshore",13993,2026-02-01,2,"Completed","Planning",TRUE,138499200,229,2030-06-23,TRUE,752,107.428571428571,2032-07-14,TRUE,26265600,43.4285714285714,2033-05-14
"338",12,"Wind Onshore",4143,2026-02-01,2,"Completed","Planning",TRUE,61948800,102.428571428571,2028-01-19,TRUE,2150,307.142857142857,2033-12-08,TRUE,41126400,68,2035-03-29
"339",0.5,"Wind Onshore",7651,2026-03-01,2,"Completed","Planning",TRUE,22723200,37.5714285714286,2026-11-19,TRUE,1558,222.571428571429,2031-02-24,TRUE,78883200,130.428571428571,2033-08-25
"340",2,"Solar Photovoltaics",16445,2026-03-01,2,"Completed","Planning",TRUE,25920000,42.8571428571429,2026-12-26,TRUE,130,18.5714285714286,2027-05-05,TRUE,5270400,8.71428571428572,2027-07-05
"341",2,"Wind Onshore",5248,2026-04-01,2,"Completed","Planning",TRUE,29548800,48.8571428571429,2027-03-09,TRUE,986,140.857142857143,2029-11-19,TRUE,78883200,130.428571428571,2032-05-20
"342",NA,"Wind Onshore",14127,2026-05-01,2,"Completed","Planning",FALSE,22723200,37.5714285714286,2027-01-19,TRUE,932,133.142857142857,2029-08-08,TRUE,-12268800,-20.2857142857143,2029-03-19
"343",0.3,"Wind Onshore",7615,2026-06-01,2,"Completed","Planning",TRUE,17193600,28.4285714285714,2026-12-17,TRUE,825,117.857142857143,2029-03-21,TRUE,29635200,49,2030-02-27
"344",39.5,"Solar Photovoltaics",6829,2026-06-01,2,"Completed","Planning",FALSE,14515200,24,2026-11-16,TRUE,494,70.5714285714286,2028-03-24,TRUE,20217600,33.4285714285714,2028-11-13
"345",1,"Wind Onshore",3678,2026-07-01,2,"Completed","Planning",TRUE,18403200,30.4285714285714,2027-01-30,FALSE,1740,248.571428571429,2031-11-05,TRUE,26265600,43.4285714285714,2032-09-04
"346",25,"Solar Photovoltaics",5955,2026-07-01,2,"Completed","Planning",TRUE,22636800,37.4285714285714,2027-03-20,TRUE,494,70.5714285714286,2028-07-26,TRUE,5270400,8.71428571428572,2028-09-25
"347",5.9,"Wind Onshore",3568,2026-08-01,2,"Completed","Planning",TRUE,47779200,79,2028-02-05,TRUE,1428,204,2032-01-03,TRUE,68688000,113.571428571429,2034-03-08
"348",1,"Solar Photovoltaics",6105,2026-08-01,2,"Completed","Planning",TRUE,9936000,16.4285714285714,2026-11-24,TRUE,387,55.2857142857143,2027-12-16,TRUE,8899200,14.7142857142857,2028-03-28
"349",2.3,"Wind Onshore",2830,2026-09-01,2,"Completed","Planning",FALSE,78192000,129.285714285714,2029-02-22,TRUE,1620,231.428571428571,2033-07-31,TRUE,29548800,48.8571428571429,2034-07-08
"350",4.1,"Solar Photovoltaics",6325,2026-09-01,2,"Completed","Planning",TRUE,5443200,9,2026-11-03,TRUE,313,44.7142857142857,2027-09-12,TRUE,9849600,16.2857142857143,2028-01-04
"351",28.5,"Wind Onshore",4795,2026-10-01,2,"Completed","Planning",TRUE,53827200,89,2028-06-15,TRUE,480,68.5714285714286,2029-10-08,TRUE,56937600,94.1428571428572,2031-07-29
"352",5,"Solar Photovoltaics",5203,2026-10-01,2,"Completed","Planning",TRUE,20995200,34.7142857142857,2027-06-01,TRUE,503,71.8571428571428,2028-10-16,TRUE,2419200,4,2028-11-13
"353",6,"Wind Onshore",2718,2026-11-01,2,"Completed","Planning",TRUE,10972800,18.1428571428571,2027-03-08,TRUE,2339,334.142857142857,2033-08-02,TRUE,7862400,13,2033-11-01
"354",2.5,"Solar Photovoltaics",16454,2026-11-01,2,"Completed","Planning",TRUE,12787200,21.1428571428571,2027-03-29,TRUE,503,71.8571428571428,2028-08-13,TRUE,8899200,14.7142857142857,2028-11-24
"355",NA,"Wind Onshore",16349,2026-12-01,2,"Completed","Planning",TRUE,5702400,9.42857142857143,2027-02-05,TRUE,640,91.4285714285714,2028-11-06,TRUE,26352000,43.5714285714286,2029-09-07
"356",2.5,"Solar Photovoltaics",16454,2026-12-01,2,"Completed","Planning",TRUE,26006400,43,2027-09-28,FALSE,779,111.285714285714,2029-11-15,TRUE,8640000,14.2857142857143,2030-02-23
"357",8.8,"Wind Onshore",3242,2027-01-01,2,"Completed","Planning",TRUE,108691200,179.714285714286,2030-06-12,TRUE,398,56.8571428571429,2031-07-15,TRUE,15638400,25.8571428571429,2032-01-12
"358",0.3,"Wind Onshore",7592,2027-01-01,2,"Completed","Planning",TRUE,5875200,9.71428571428572,2027-03-10,TRUE,1069,152.714285714286,2030-02-11,TRUE,28857600,47.7142857142857,2031-01-11
"359",25.7,"Solar Photovoltaics",4954,2027-01-01,2,"Completed","Planning",TRUE,22636800,37.4285714285714,2027-09-20,FALSE,420,60,2028-11-13,TRUE,5788800,9.57142857142857,2029-01-19
"360",1.5,"Wind Onshore",7213,2027-02-01,2,"Completed","Planning",TRUE,119750400,198,2030-11-18,TRUE,303,43.2857142857143,2031-09-17,TRUE,52531200,86.8571428571429,2033-05-17
"361",0.25,"Wind Onshore",8194,2027-02-01,2,"Completed","Planning",TRUE,267840000,442.857142857143,2035-07-29,TRUE,1595,227.857142857143,2039-12-10,TRUE,15638400,25.8571428571429,2040-06-08
"362",7,"Solar Photovoltaics",5331,2027-02-01,2,"Completed","Planning",TRUE,36806400,60.8571428571429,2028-04-02,TRUE,646,92.2857142857143,2030-01-08,TRUE,8640000,14.2857142857143,2030-04-18
"363",12.1,"Wind Onshore",3599,2027-03-01,2,"Completed","Planning",TRUE,50025600,82.7142857142857,2028-09-30,TRUE,1,0.142857142857143,2028-10-01,TRUE,14428800,23.8571428571429,2029-03-17
"364",0.85,"Wind Onshore",14130,2027-03-01,2,"Completed","Planning",TRUE,23932800,39.5714285714286,2027-12-03,TRUE,2131,304.428571428571,2033-10-03,TRUE,37584000,62.1428571428571,2034-12-12
"365",0.7,"Solar Photovoltaics",17115,2027-03-01,2,"Completed","Planning",TRUE,56160000,92.8571428571429,2028-12-10,TRUE,313,44.7142857142857,2029-10-19,TRUE,8640000,14.2857142857143,2030-01-27
"366",0.6,"Wind Onshore",17257,2027-04-01,2,"Completed","Planning",TRUE,40953600,67.7142857142857,2028-07-18,TRUE,1595,227.857142857143,2032-11-29,TRUE,38534400,63.7142857142857,2034-02-18
"367",7,"Solar Photovoltaics",5331,2027-04-01,2,"Completed","Planning",TRUE,12787200,21.1428571428571,2027-08-27,TRUE,503,71.8571428571428,2029-01-11,TRUE,8640000,14.2857142857143,2029-04-21
"368",NA,"Wind Onshore",14127,2027-05-01,2,"Completed","Planning",TRUE,149817600,247.714285714286,2032-01-29,TRUE,932,133.142857142857,2034-08-18,TRUE,38534400,63.7142857142857,2035-11-07
"369",5.9,"Solar Photovoltaics",4884,2027-05-01,2,"Completed","Planning",TRUE,17020800,28.1428571428571,2027-11-14,TRUE,261,37.2857142857143,2028-08-01,TRUE,2419200,4,2028-08-29
"370",0.3,"Wind Onshore",7633,2027-06-01,2,"Completed","Planning",FALSE,16416000,27.1428571428571,2027-12-08,TRUE,1549,221.285714285714,2032-03-05,TRUE,28425600,47,2033-01-28
"371",0.7,"Solar Photovoltaics",17115,2027-06-01,2,"Completed","Planning",FALSE,9936000,16.4285714285714,2027-09-24,TRUE,603,86.1428571428571,2029-05-19,TRUE,2419200,4,2029-06-16
"372",22.8,"Wind Onshore",4673,2027-07-01,2,"Completed","Planning",TRUE,23932800,39.5714285714286,2028-04-03,TRUE,1595,227.857142857143,2032-08-15,TRUE,0,0,2032-08-15
"373",2,"Wind Onshore",4920,2027-07-01,2,"Completed","Planning",FALSE,119750400,198,2031-04-17,FALSE,2339,334.142857142857,2037-09-11,TRUE,5270400,8.71428571428572,2037-11-11
"374",NA,"Solar Photovoltaics",10590,2027-07-01,2,"Completed","Planning",TRUE,10022400,16.5714285714286,2027-10-25,TRUE,494,70.5714285714286,2029-03-02,TRUE,10281600,17,2029-06-29
"375",5,"Wind Onshore",3118,2027-08-01,2,"Completed","Planning",TRUE,116985600,193.428571428571,2031-04-16,TRUE,947,135.285714285714,2033-11-18,TRUE,41299200,68.2857142857143,2035-03-11
"376",15,"Wind Onshore",4654,2027-08-01,2,"Completed","Planning",FALSE,71971200,119,2029-11-11,TRUE,773,110.428571428571,2031-12-24,TRUE,68688000,113.571428571429,2034-02-26
"377",NA,"Solar Photovoltaics",14126,2027-08-01,2,"Completed","Planning",TRUE,13392000,22.1428571428571,2028-01-03,TRUE,683,97.5714285714286,2029-11-16,TRUE,5616000,9.28571428571429,2030-01-20
"378",0.2,"Wind Onshore",7509,2027-09-01,2,"Completed","Planning",TRUE,39657600,65.5714285714286,2028-12-03,TRUE,240,34.2857142857143,2029-07-31,TRUE,28684800,47.4285714285714,2030-06-28
"379",5,"Solar Photovoltaics",5205,2027-09-01,2,"Completed","Planning",TRUE,20304000,33.5714285714286,2028-04-23,TRUE,387,55.2857142857143,2029-05-15,TRUE,10281600,17,2029-09-11
"380",7.1,"Wind Onshore",4139,2027-10-01,2,"Completed","Planning",TRUE,167011200,276.142857142857,2033-01-15,TRUE,1039,148.428571428571,2035-11-20,TRUE,33609600,55.5714285714286,2036-12-13
"381",29.9,"Solar Photovoltaics",16337,2027-10-01,2,"Completed","Planning",TRUE,72057600,119.142857142857,2030-01-12,TRUE,494,70.5714285714286,2031-05-21,TRUE,12960000,21.4285714285714,2031-10-18
"382",3,"Wind Onshore",4290,2027-11-01,2,"Completed","Planning",FALSE,26179200,43.2857142857143,2028-08-30,FALSE,640,91.4285714285714,2030-06-01,TRUE,32745600,54.1428571428571,2031-06-15
"383",NA,"Solar Photovoltaics",17312,2027-11-01,2,"Completed","Planning",FALSE,22636800,37.4285714285714,2028-07-20,TRUE,683,97.5714285714286,2030-06-03,TRUE,10281600,17,2030-09-30
"384",0.3,"Wind Onshore",7289,2027-12-01,2,"Completed","Planning",TRUE,71971200,119,2030-03-13,TRUE,1406,200.857142857143,2034-01-17,TRUE,41644800,68.8571428571429,2035-05-14
"385",13.5,"Solar Photovoltaics",2236,2027-12-01,2,"Completed","Planning",TRUE,20822400,34.4285714285714,2028-07-29,TRUE,401,57.2857142857143,2029-09-03,TRUE,22809600,37.7142857142857,2030-05-25
"386",0.3,"Wind Onshore",7644,2028-01-01,2,"Completed","Planning",TRUE,26092800,43.1428571428571,2028-10-29,TRUE,1542,220.285714285714,2033-01-18,TRUE,32745600,54.1428571428571,2034-02-01
"387",20.7,"Wind Onshore",2989,2028-01-01,2,"Completed","Planning",TRUE,17107200,28.2857142857143,2028-07-17,TRUE,947,135.285714285714,2031-02-19,TRUE,14428800,23.8571428571429,2031-08-05
"388",4.9,"Solar Photovoltaics",5852,2028-01-01,2,"Completed","Planning",TRUE,17020800,28.1428571428571,2028-07-16,TRUE,646,92.2857142857143,2030-04-23,TRUE,5788800,9.57142857142857,2030-06-29
"389",0.3,"Wind Onshore",7647,2028-02-01,2,"Completed","Planning",TRUE,136425600,225.571428571429,2032-05-29,TRUE,2308,329.714285714286,2038-09-23,TRUE,33696000,55.7142857142857,2039-10-18
"390",0.85,"Wind Onshore",14130,2028-02-01,2,"Completed","Planning",TRUE,42508800,70.2857142857143,2029-06-07,TRUE,987,141,2032-02-19,TRUE,56937600,94.1428571428572,2033-12-09
"391",13,"Solar Photovoltaics",6007,2028-02-01,2,"Completed","Planning",TRUE,20217600,33.4285714285714,2028-09-22,TRUE,261,37.2857142857143,2029-06-10,TRUE,10281600,17,2029-10-07
"392",5,"Wind Onshore",3097,2028-03-01,2,"Completed","Planning",TRUE,33782400,55.8571428571429,2029-03-27,TRUE,932,133.142857142857,2031-10-15,TRUE,31536000,52.1428571428571,2032-10-14
"393",51,"Wind Onshore",2717,2028-03-01,2,"Completed","Planning",TRUE,114220800,188.857142857143,2031-10-14,FALSE,2159,308.428571428571,2037-09-11,TRUE,31536000,52.1428571428571,2038-09-11
"394",34.5,"Wind Onshore",4124,2028-03-01,2,"Completed","Planning",TRUE,53740800,88.8571428571429,2029-11-13,TRUE,1069,152.714285714286,2032-10-17,TRUE,5356800,8.85714285714286,2032-12-18
"395",10,"Solar Photovoltaics",5435,2028-03-01,2,"Completed","Planning",FALSE,72057600,119.142857142857,2030-06-13,TRUE,313,44.7142857142857,2031-04-22,TRUE,5097600,8.42857142857143,2031-06-20
"396",NA,"Wind Onshore",9676,2028-04-01,2,"Completed","Planning",FALSE,169516800,280.285714285714,2033-08-15,TRUE,1466,209.428571428571,2037-08-20,TRUE,52531200,86.8571428571429,2039-04-20
"397",8.8,"Wind Onshore",3242,2028-04-01,2,"Completed","Planning",TRUE,26179200,43.2857142857143,2029-01-29,TRUE,2646,378,2036-04-28,TRUE,17193600,28.4285714285714,2036-11-13
"398",0.2,"Wind Onshore",18445,2028-04-01,2,"Completed","Planning",FALSE,5356800,8.85714285714286,2028-06-02,TRUE,1691,241.571428571429,2033-01-18,TRUE,12614400,20.8571428571429,2033-06-13
"399",8.5,"Solar Photovoltaics",5952,2028-04-01,2,"Completed","Planning",FALSE,13392000,22.1428571428571,2028-09-03,TRUE,779,111.285714285714,2030-10-22,TRUE,22377600,37,2031-07-08
"400",0.3,"Wind Onshore",7680,2028-05-01,2,"Completed","Planning",FALSE,53740800,88.8571428571429,2030-01-13,TRUE,40,5.71428571428571,2030-02-22,TRUE,56937600,94.1428571428572,2031-12-13
"401",20.7,"Wind Onshore",4042,2028-05-01,2,"Completed","Planning",TRUE,36806400,60.8571428571429,2029-07-01,TRUE,303,43.2857142857143,2030-04-30,TRUE,59356800,98.1428571428572,2032-03-17
"402",10.9,"Solar Photovoltaics",5439,2028-05-01,2,"Completed","Planning",TRUE,13392000,22.1428571428571,2028-10-03,FALSE,495,70.7142857142857,2030-02-10,TRUE,9849600,16.2857142857143,2030-06-04
"403",9,"Wind Onshore",4725,2028-06-01,2,"Completed","Planning",TRUE,22723200,37.5714285714286,2029-02-19,TRUE,630,90,2030-11-11,TRUE,41299200,68.2857142857143,2032-03-03
"404",5,"Wind Onshore",4246,2028-06-01,2,"Completed","Planning",TRUE,9763200,16.1428571428571,2028-09-22,FALSE,1069,152.714285714286,2031-08-27,TRUE,30067200,49.7142857142857,2032-08-09
"405",13,"Solar Photovoltaics",6007,2028-06-01,2,"Completed","Planning",TRUE,56160000,92.8571428571429,2030-03-13,TRUE,646,92.2857142857143,2031-12-19,TRUE,5616000,9.28571428571429,2032-02-22
"406",6.9,"Wind Onshore",4065,2028-07-01,2,"Completed","Planning",TRUE,169516800,280.285714285714,2033-11-14,TRUE,825,117.857142857143,2036-02-17,TRUE,29635200,49,2037-01-25
"407",6,"Wind Onshore",3522,2028-07-01,2,"Completed","Planning",TRUE,123120000,203.571428571429,2032-05-26,TRUE,630,90,2034-02-15,TRUE,15638400,25.8571428571429,2034-08-15
"408",50,"Solar Photovoltaics",6012,2028-07-01,2,"Completed","Planning",TRUE,57542400,95.1428571428572,2030-04-28,TRUE,528,75.4285714285714,2031-10-08,TRUE,5788800,9.57142857142857,2031-12-14
"409",39.6,"Wind Onshore",5222,2028-08-01,2,"Completed","Planning",FALSE,224121600,370.571428571429,2035-09-08,FALSE,1542,220.285714285714,2039-11-28,TRUE,23673600,39.1428571428571,2040-08-28
"410",4.8,"Solar Photovoltaics",1523,2028-08-01,2,"Completed","Planning",TRUE,2678400,4.42857142857143,2028-09-01,TRUE,779,111.285714285714,2030-10-20,TRUE,9849600,16.2857142857143,2031-02-11
"411",23.1,"Wind Onshore",4561,2028-09-01,2,"Completed","Planning",TRUE,142041600,234.857142857143,2033-03-03,TRUE,2308,329.714285714286,2039-06-28,TRUE,29548800,48.8571428571429,2040-06-04
"412",5,"Solar Photovoltaics",5205,2028-09-01,2,"Completed","Planning",TRUE,4924800,8.14285714285714,2028-10-28,FALSE,401,57.2857142857143,2029-12-03,TRUE,5788800,9.57142857142857,2030-02-08
"413",3.75,"Solar Photovoltaics",8870,2028-09-01,2,"Completed","Planning",TRUE,36806400,60.8571428571429,2029-11-01,TRUE,779,111.285714285714,2031-12-20,TRUE,6825600,11.2857142857143,2032-03-08
"414",0.9,"Wind Onshore",13670,2028-10-01,2,"Completed","Planning",TRUE,50716800,83.8571428571429,2030-05-11,TRUE,40,5.71428571428571,2030-06-20,TRUE,34300800,56.7142857142857,2031-07-22
"415",4.9,"Solar Photovoltaics",5852,2028-10-01,2,"Completed","Planning",TRUE,16070400,26.5714285714286,2029-04-05,TRUE,130,18.5714285714286,2029-08-13,TRUE,5702400,9.42857142857143,2029-10-18
"416",0.3,"Wind Onshore",6800,2028-11-01,2,"Completed","Planning",TRUE,17971200,29.7142857142857,2029-05-28,TRUE,2339,334.142857142857,2035-10-23,TRUE,31536000,52.1428571428571,2036-10-22
"417",NA,"Wind Onshore",16336,2028-11-01,2,"Completed","Planning",TRUE,32400000,53.5714285714286,2029-11-11,TRUE,1406,200.857142857143,2033-09-17,TRUE,46828800,77.4285714285714,2035-03-13
"418",4.8,"Solar Photovoltaics",1296,2028-11-01,2,"Completed","Planning",TRUE,5443200,9,2029-01-03,TRUE,130,18.5714285714286,2029-05-13,TRUE,10281600,17,2029-09-09
"419",0.3,"Wind Onshore",7346,2028-12-01,2,"Completed","Planning",TRUE,91584000,151.428571428571,2031-10-27,FALSE,932,133.142857142857,2034-05-16,TRUE,26265600,43.4285714285714,2035-03-16
"420",2.5,"Wind Onshore",3717,2028-12-01,2,"Completed","Planning",TRUE,11491200,19,2029-04-13,TRUE,2159,308.428571428571,2035-03-12,TRUE,19612800,32.4285714285714,2035-10-25
"421",0.25,"Solar Photovoltaics",18104,2028-12-01,2,"Completed","Planning",TRUE,20995200,34.7142857142857,2029-08-01,FALSE,603,86.1428571428571,2031-03-27,TRUE,27648000,45.7142857142857,2032-02-10
"422",2,"Wind Onshore",4813,2029-01-01,2,"Completed","Planning",TRUE,30153600,49.8571428571429,2029-12-16,FALSE,986,140.857142857143,2032-08-28,TRUE,15811200,26.1428571428571,2033-02-27
"423",9,"Wind Onshore",3168,2029-01-01,2,"Completed","Planning",TRUE,43200000,71.4285714285714,2030-05-16,TRUE,1558,222.571428571429,2034-08-21,TRUE,26352000,43.5714285714286,2035-06-22
"424",2.3,"Wind Onshore",2720,2029-01-01,2,"Completed","Planning",FALSE,119750400,198,2032-10-18,TRUE,2308,329.714285714286,2039-02-12,TRUE,32140800,53.1428571428571,2040-02-19
"425",6,"Solar Photovoltaics",4724,2029-01-01,2,"Completed","Planning",TRUE,17020800,28.1428571428571,2029-07-17,TRUE,420,60,2030-09-10,TRUE,22809600,37.7142857142857,2031-06-01
"426",5.1,"Solar Photovoltaics",2371,2029-01-01,2,"Completed","Planning",TRUE,25488000,42.1428571428571,2029-10-23,FALSE,879,125.571428571429,2032-03-20,TRUE,27648000,45.7142857142857,2033-02-03
"427",0.66,"Wind Onshore",13994,2029-02-01,2,"Completed","Planning",FALSE,29894400,49.4285714285714,2030-01-13,TRUE,2339,334.142857142857,2036-06-09,TRUE,15811200,26.1428571428571,2036-12-09
"428",NA,"Wind Onshore",18443,2029-02-01,2,"Completed","Planning",TRUE,15292800,25.2857142857143,2029-07-28,FALSE,860,122.857142857143,2031-12-05,TRUE,44323200,73.2857142857143,2033-05-01
"429",9,"Wind Onshore",3168,2029-02-01,2,"Completed","Planning",TRUE,83980800,138.857142857143,2031-10-01,TRUE,809,115.571428571429,2033-12-18,TRUE,0,0,2033-12-18
"430",3.75,"Solar Photovoltaics",8870,2029-02-01,2,"Completed","Planning",TRUE,10022400,16.5714285714286,2029-05-28,TRUE,528,75.4285714285714,2030-11-07,TRUE,2419200,4,2030-12-05
"431",0.15,"Solar Photovoltaics",15229,2029-02-01,2,"Completed","Planning",FALSE,21513600,35.5714285714286,2029-10-08,TRUE,528,75.4285714285714,2031-03-20,TRUE,5788800,9.57142857142857,2031-05-26
"432",0.2,"Wind Onshore",7809,2029-03-01,2,"Completed","Planning",FALSE,125798400,208,2033-02-24,TRUE,860,122.857142857143,2035-07-04,TRUE,34732800,57.4285714285714,2036-08-09
"433",13.8,"Wind Onshore",2716,2029-03-01,2,"Completed","Planning",TRUE,38361600,63.4285714285714,2030-05-19,TRUE,2251,321.571428571429,2036-07-17,TRUE,28944000,47.8571428571429,2037-06-17
"434",4.6,"Wind Onshore",3877,2029-03-01,2,"Completed","Planning",TRUE,5875200,9.71428571428572,2029-05-08,TRUE,568,81.1428571428571,2030-11-27,TRUE,41299200,68.2857142857143,2032-03-19
"435",4.8,"Solar Photovoltaics",1296,2029-03-01,2,"Completed","Planning",TRUE,36806400,60.8571428571429,2030-05-01,TRUE,528,75.4285714285714,2031-10-11,TRUE,5788800,9.57142857142857,2031-12-17
"436",0.7,"Solar Photovoltaics",17115,2029-03-01,2,"Completed","Planning",TRUE,36806400,60.8571428571429,2030-05-01,TRUE,528,75.4285714285714,2031-10-11,TRUE,6825600,11.2857142857143,2031-12-29
"437",0.3,"Wind Onshore",7436,2029-04-01,2,"Completed","Planning",TRUE,224121600,370.571428571429,2036-05-08,FALSE,3267,466.714285714286,2045-04-18,TRUE,5356800,8.85714285714286,2045-06-19
"438",9,"Wind Onshore",2719,2029-04-01,2,"Completed","Planning",TRUE,32832000,54.2857142857143,2030-04-16,TRUE,1127,161,2033-05-17,TRUE,12614400,20.8571428571429,2033-10-10
"439",4.1,"Solar Photovoltaics",5201,2029-04-01,2,"Completed","Planning",TRUE,12528000,20.7142857142857,2029-08-24,FALSE,683,97.5714285714286,2031-07-08,TRUE,10281600,17,2031-11-04
"440",7,"Solar Photovoltaics",5331,2029-04-01,2,"Completed","Planning",TRUE,20217600,33.4285714285714,2029-11-21,TRUE,879,125.571428571429,2032-04-18,TRUE,18316800,30.2857142857143,2032-11-16
"441",9,"Wind Onshore",3168,2029-05-01,2,"Completed","Planning",TRUE,18921600,31.2857142857143,2029-12-06,TRUE,40,5.71428571428571,2030-01-15,TRUE,17193600,28.4285714285714,2030-08-02
"442",18.4,"Wind Onshore",3953,2029-05-01,2,"Completed","Planning",FALSE,119750400,198,2033-02-15,TRUE,1182,168.857142857143,2036-05-12,TRUE,26265600,43.4285714285714,2037-03-12
"443",6.5,"Solar Photovoltaics",1789,2029-05-01,2,"Completed","Planning",TRUE,4924800,8.14285714285714,2029-06-27,TRUE,683,97.5714285714286,2031-05-11,TRUE,2419200,4,2031-06-08
"444",58.8,"Wind Onshore",11718,2029-06-01,2,"Completed","Planning",TRUE,55641600,92,2031-03-07,TRUE,736,105.142857142857,2033-03-12,TRUE,12614400,20.8571428571429,2033-08-05
"445",0.25,"Wind Onshore",8875,2029-06-01,2,"Completed","Planning",TRUE,104630400,173,2032-09-24,FALSE,940,134.285714285714,2035-04-22,TRUE,36806400,60.8571428571429,2036-06-21
"446",37.5,"Wind Onshore",4249,2029-06-01,2,"Completed","Planning",TRUE,10972800,18.1428571428571,2029-10-06,TRUE,2251,321.571428571429,2035-12-05,TRUE,19612800,32.4285714285714,2036-07-19
"447",50,"Solar Photovoltaics",6012,2029-06-01,2,"Completed","Planning",TRUE,22636800,37.4285714285714,2030-02-18,TRUE,563,80.4285714285714,2031-09-04,TRUE,12960000,21.4285714285714,2032-02-01
"448",NA,"Wind Onshore",8877,2029-07-01,2,"Completed","Planning",TRUE,41817600,69.1428571428571,2030-10-28,TRUE,947,135.285714285714,2033-06-01,TRUE,17193600,28.4285714285714,2033-12-17
"449",0.2,"Wind Onshore",6812,2029-07-01,2,"Completed","Planning",TRUE,23932800,39.5714285714286,2030-04-04,TRUE,1141,163,2033-05-19,TRUE,31536000,52.1428571428571,2034-05-19
"450",4.9,"Solar Photovoltaics",5852,2029-07-01,2,"Completed","Planning",FALSE,25488000,42.1428571428571,2030-04-22,TRUE,513,73.2857142857143,2031-09-17,TRUE,22377600,37,2032-06-02
"451",0.3,"Wind Onshore",7494,2029-08-01,2,"Completed","Planning",TRUE,55641600,92,2031-05-07,FALSE,403,57.5714285714286,2032-06-13,TRUE,5356800,8.85714285714286,2032-08-14
"452",0.5,"Wind Onshore",7682,2029-08-01,2,"Completed","Planning",TRUE,136425600,225.571428571429,2033-11-27,TRUE,239,34.1428571428571,2034-07-24,TRUE,34732800,57.4285714285714,2035-08-30
"453",25.7,"Solar Photovoltaics",4954,2029-08-01,2,"Completed","Planning",FALSE,9676800,16,2029-11-21,TRUE,387,55.2857142857143,2030-12-13,TRUE,9849600,16.2857142857143,2031-04-06
"454",7,"Solar Photovoltaics",5331,2029-08-01,2,"Completed","Planning",TRUE,14601600,24.1428571428571,2030-01-17,TRUE,879,125.571428571429,2032-06-14,TRUE,8640000,14.2857142857143,2032-09-22
"455",0.2,"Wind Onshore",18445,2029-09-01,2,"Completed","Planning",TRUE,18403200,30.4285714285714,2030-04-02,TRUE,2295,327.857142857143,2036-07-14,TRUE,26352000,43.5714285714286,2037-05-15
"456",13.8,"Wind Onshore",4564,2029-09-01,2,"Completed","Planning",FALSE,83980800,138.857142857143,2032-04-30,TRUE,986,140.857142857143,2035-01-11,TRUE,17193600,28.4285714285714,2035-07-29
"457",50,"Solar Photovoltaics",6012,2029-09-01,2,"Completed","Planning",TRUE,17020800,28.1428571428571,2030-03-17,TRUE,528,75.4285714285714,2031-08-27,TRUE,12960000,21.4285714285714,2032-01-24
"458",NA,"Wind Onshore",8200,2029-10-01,2,"Completed","Planning",TRUE,146793600,242.714285714286,2034-05-27,TRUE,687,98.1428571428571,2036-04-13,TRUE,28857600,47.7142857142857,2037-03-13
"459",17.5,"Wind Onshore",4238,2029-10-01,2,"Completed","Planning",FALSE,27216000,45,2030-08-12,TRUE,853,121.857142857143,2032-12-12,TRUE,-12268800,-20.2857142857143,2032-07-23
"460",3.75,"Solar Photovoltaics",8870,2029-10-01,2,"Completed","Planning",TRUE,26006400,43,2030-07-29,TRUE,563,80.4285714285714,2032-02-12,TRUE,2419200,4,2032-03-11
"461",NA,"Wind Onshore",16547,2029-11-01,2,"Completed","Planning",TRUE,98755200,163.285714285714,2032-12-18,TRUE,2646,378,2040-03-17,TRUE,5356800,8.85714285714286,2040-05-18
"462",8.8,"Wind Onshore",3242,2029-11-01,2,"Completed","Planning",TRUE,126403200,209,2033-11-03,FALSE,414,59.1428571428571,2034-12-22,TRUE,37584000,62.1428571428571,2036-03-01
"463",3.8,"Solar Photovoltaics",1350,2029-11-01,2,"Completed","Planning",FALSE,5443200,9,2030-01-03,FALSE,879,125.571428571429,2032-05-31,TRUE,2419200,4,2032-06-28
"464",3.75,"Solar Photovoltaics",8870,2029-11-01,2,"Completed","Planning",TRUE,4924800,8.14285714285714,2029-12-28,FALSE,513,73.2857142857143,2031-05-25,TRUE,27648000,45.7142857142857,2032-04-09
"465",0.25,"Wind Onshore",8875,2029-12-01,2,"Completed","Planning",TRUE,30153600,49.8571428571429,2030-11-15,TRUE,1659,237,2035-06-01,TRUE,17193600,28.4285714285714,2035-12-17
"466",25,"Wind Onshore",4112,2029-12-01,2,"Completed","Planning",TRUE,15033600,24.8571428571429,2030-05-24,TRUE,940,134.285714285714,2032-12-19,TRUE,43286400,71.5714285714286,2034-05-04
"467",39.5,"Solar Photovoltaics",6829,2029-12-01,2,"Completed","Planning",TRUE,5443200,9,2030-02-02,FALSE,603,86.1428571428571,2031-09-28,TRUE,12960000,21.4285714285714,2032-02-25
"468",0.25,"Wind Onshore",8232,2030-01-01,2,"Completed","Planning",FALSE,91065600,150.571428571429,2032-11-20,TRUE,240,34.2857142857143,2033-07-18,TRUE,68688000,113.571428571429,2035-09-21
"469",6.9,"Wind Onshore",3849,2030-01-01,2,"Completed","Planning",TRUE,30067200,49.7142857142857,2030-12-15,TRUE,239,34.1428571428571,2031-08-11,TRUE,34300800,56.7142857142857,2032-09-11
"470",0.66,"Wind Onshore",14112,2030-01-01,2,"Completed","Planning",TRUE,220147200,364,2036-12-23,TRUE,1558,222.571428571429,2041-03-30,TRUE,46828800,77.4285714285714,2042-09-23
"471",15,"Wind Onshore",3714,2030-01-01,2,"Completed","Planning",TRUE,36288000,60,2031-02-25,TRUE,2339,334.142857142857,2037-07-22,TRUE,-12268800,-20.2857142857143,2037-03-02
"472",6,"Solar Photovoltaics",5085,2030-01-01,2,"Completed","Planning",TRUE,12182400,20.1428571428571,2030-05-22,TRUE,568,81.1428571428571,2031-12-11,TRUE,8899200,14.7142857142857,2032-03-23
"473",5,"Solar Photovoltaics",5203,2030-01-01,2,"Completed","Planning",FALSE,16934400,28,2030-07-16,TRUE,503,71.8571428571428,2031-12-01,TRUE,5270400,8.71428571428572,2032-01-31
"474",NA,"Wind Onshore",17164,2030-02-01,2,"Completed","Planning",TRUE,90892800,150.285714285714,2032-12-19,TRUE,403,57.5714285714286,2034-01-26,TRUE,12614400,20.8571428571429,2034-06-21
"475",0.3,"Wind Onshore",6774,2030-02-01,2,"Completed","Planning",TRUE,14774400,24.4285714285714,2030-07-22,TRUE,1889,269.857142857143,2035-09-23,TRUE,14428800,23.8571428571429,2036-03-08
"476",0.3,"Wind Onshore",7778,2030-02-01,2,"Completed","Planning",TRUE,62553600,103.428571428571,2032-01-26,FALSE,3267,466.714285714286,2041-01-05,TRUE,29548800,48.8571428571429,2041-12-13
"477",20.7,"Wind Onshore",2989,2030-02-01,2,"Completed","Planning",TRUE,68688000,113.571428571429,2032-04-06,TRUE,773,110.428571428571,2034-05-19,TRUE,52531200,86.8571428571429,2036-01-17
"478",1.3,"Solar Photovoltaics",5000,2030-02-01,2,"Completed","Planning",TRUE,5443200,9,2030-04-05,TRUE,568,81.1428571428571,2031-10-25,TRUE,22809600,37.7142857142857,2032-07-15
"479",5,"Solar Photovoltaics",5203,2030-02-01,2,"Completed","Planning",TRUE,26006400,43,2030-11-29,FALSE,130,18.5714285714286,2031-04-08,TRUE,10281600,17,2031-08-05
"480",0.3,"Wind Onshore",7672,2030-03-01,2,"Completed","Planning",TRUE,35942400,59.4285714285714,2031-04-21,TRUE,2339,334.142857142857,2037-09-15,TRUE,43286400,71.5714285714286,2039-01-29
"481",0.25,"Wind Onshore",8875,2030-03-01,2,"Completed","Planning",TRUE,18403200,30.4285714285714,2030-09-30,TRUE,773,110.428571428571,2032-11-11,TRUE,46828800,77.4285714285714,2034-05-07
"482",12,"Wind Onshore",4155,2030-03-01,2,"Completed","Planning",TRUE,27907200,46.1428571428571,2031-01-18,TRUE,2646,378,2038-04-17,TRUE,29548800,48.8571428571429,2039-03-25
"483",30,"Wind Onshore",4151,2030-03-01,2,"Completed","Planning",TRUE,109296000,180.714285714286,2033-08-17,TRUE,2131,304.428571428571,2039-06-18,TRUE,15638400,25.8571428571429,2039-12-16
"484",4.8,"Solar Photovoltaics",1523,2030-03-01,2,"Completed","Planning",FALSE,57542400,95.1428571428572,2031-12-27,FALSE,528,75.4285714285714,2033-06-07,TRUE,27648000,45.7142857142857,2034-04-23
"485",4.1,"Solar Photovoltaics",6325,2030-03-01,2,"Completed","Planning",TRUE,27993600,46.2857142857143,2031-01-19,TRUE,272,38.8571428571429,2031-10-18,TRUE,8899200,14.7142857142857,2032-01-29
"486",17.9,"Wind Onshore",3850,2030-04-01,2,"Completed","Planning",TRUE,43200000,71.4285714285714,2031-08-14,TRUE,2339,334.142857142857,2038-01-08,TRUE,46828800,77.4285714285714,2039-07-04
"487",NA,"Wind Onshore",16646,2030-04-01,2,"Completed","Planning",TRUE,16675200,27.5714285714286,2030-10-11,TRUE,2646,378,2038-01-08,TRUE,38534400,63.7142857142857,2039-03-30
"488",25,"Wind Onshore",3326,2030-04-01,2,"Completed","Planning",TRUE,43545600,72,2031-08-18,TRUE,2150,307.142857142857,2037-07-07,TRUE,27388800,45.2857142857143,2038-05-20
"489",3.75,"Solar Photovoltaics",8870,2030-04-01,2,"Completed","Planning",TRUE,72057600,119.142857142857,2032-07-13,TRUE,879,125.571428571429,2034-12-09,TRUE,10281600,17,2035-04-07
"490",0.3,"Wind Onshore",7649,2030-05-01,2,"Completed","Planning",TRUE,25315200,41.8571428571429,2031-02-18,TRUE,987,141,2033-11-01,TRUE,29635200,49,2034-10-10
"491",0.225,"Wind Onshore",13991,2030-05-01,2,"Completed","Planning",TRUE,38361600,63.4285714285714,2031-07-19,FALSE,1691,241.571428571429,2036-03-05,TRUE,32745600,54.1428571428571,2037-03-19
"492",0.25,"Wind Onshore",13995,2030-05-01,2,"Completed","Planning",TRUE,138499200,229,2034-09-20,FALSE,414,59.1428571428571,2035-11-08,TRUE,34732800,57.4285714285714,2036-12-14
"493",18.4,"Wind Onshore",2957,2030-05-01,2,"Completed","Planning",TRUE,53740800,88.8571428571429,2032-01-13,TRUE,2159,308.428571428571,2037-12-11,TRUE,32745600,54.1428571428571,2038-12-25
"494",0.15,"Solar Photovoltaics",15229,2030-05-01,2,"Completed","Planning",TRUE,17020800,28.1428571428571,2030-11-14,FALSE,646,92.2857142857143,2032-08-21,TRUE,2419200,4,2032-09-18
"495",25.2,"Solar Photovoltaics",5443,2030-05-01,2,"Completed","Planning",TRUE,5356800,8.85714285714286,2030-07-02,TRUE,503,71.8571428571428,2031-11-17,TRUE,9849600,16.2857142857143,2032-03-10
"496",3,"Wind Onshore",4290,2030-06-01,2,"Completed","Planning",TRUE,83980800,138.857142857143,2033-01-28,FALSE,736,105.142857142857,2035-02-03,TRUE,14428800,23.8571428571429,2035-07-20
"497",21,"Wind Onshore",3969,2030-06-01,2,"Completed","Planning",TRUE,100915200,166.857142857143,2033-08-12,TRUE,1141,163,2036-09-26,TRUE,37584000,62.1428571428571,2037-12-05
"498",0.3,"Wind Onshore",7407,2030-06-01,2,"Completed","Planning",TRUE,165456000,273.571428571429,2035-08-29,TRUE,66,9.42857142857143,2035-11-03,TRUE,56937600,94.1428571428572,2037-08-23
"499",NA,"Solar Photovoltaics",16715,2030-06-01,2,"Completed","Planning",TRUE,14515200,24,2030-11-16,TRUE,603,86.1428571428571,2032-07-11,TRUE,11318400,18.7142857142857,2032-11-19
"500",2,"Solar Photovoltaics",16583,2030-06-01,2,"Completed","Planning",FALSE,16070400,26.5714285714286,2030-12-04,TRUE,513,73.2857142857143,2032-04-30,TRUE,2419200,4,2032-05-28
"501",0.66,"Wind Onshore",14112,2030-07-01,2,"Completed","Planning",FALSE,16761600,27.7142857142857,2031-01-11,TRUE,1595,227.857142857143,2035-05-25,TRUE,23673600,39.1428571428571,2036-02-23
"502",30,"Wind Onshore",4151,2030-07-01,2,"Completed","Planning",FALSE,28684800,47.4285714285714,2031-05-29,FALSE,947,135.285714285714,2033-12-31,TRUE,17193600,28.4285714285714,2034-07-18
"503",2.3,"Wind Onshore",2830,2030-07-01,2,"Completed","Planning",TRUE,30153600,49.8571428571429,2031-06-15,FALSE,239,34.1428571428571,2032-02-09,TRUE,27388800,45.2857142857143,2032-12-22
"504",25,"Solar Photovoltaics",6024,2030-07-01,2,"Completed","Planning",TRUE,15292800,25.2857142857143,2030-12-25,TRUE,313,44.7142857142857,2031-11-03,TRUE,11318400,18.7142857142857,2032-03-13
"505",4.99,"Solar Photovoltaics",18205,2030-07-01,2,"Completed","Planning",TRUE,12528000,20.7142857142857,2030-11-23,FALSE,563,80.4285714285714,2032-06-08,TRUE,22809600,37.7142857142857,2033-02-27
"506",1,"Wind Onshore",3678,2030-08-01,2,"Completed","Planning",TRUE,141264000,233.571428571429,2035-01-22,TRUE,640,91.4285714285714,2036-10-23,TRUE,15638400,25.8571428571429,2037-04-22
"507",0.3,"Wind Onshore",7778,2030-08-01,2,"Completed","Planning",TRUE,99273600,164.142857142857,2033-09-23,TRUE,3297,471,2042-10-03,TRUE,33696000,55.7142857142857,2043-10-28
"508",0.85,"Wind Onshore",14130,2030-08-01,2,"Completed","Planning",TRUE,29548800,48.8571428571429,2031-07-09,TRUE,818,116.857142857143,2033-10-04,TRUE,22636800,37.4285714285714,2034-06-23
"509",25.2,"Solar Photovoltaics",5443,2030-08-01,2,"Completed","Planning",TRUE,40435200,66.8571428571429,2031-11-12,TRUE,494,70.5714285714286,2033-03-20,TRUE,20217600,33.4285714285714,2033-11-09
"510",10,"Solar Photovoltaics",5435,2030-08-01,2,"Completed","Planning",TRUE,72057600,119.142857142857,2032-11-12,TRUE,879,125.571428571429,2035-04-10,TRUE,5270400,8.71428571428572,2035-06-10
"511",13.8,"Wind Onshore",6188,2030-09-01,2,"Completed","Planning",TRUE,27043200,44.7142857142857,2031-07-11,FALSE,987,141,2034-03-24,TRUE,12614400,20.8571428571429,2034-08-17
"512",0.25,"Wind Onshore",18394,2030-09-01,2,"Completed","Planning",FALSE,43545600,72,2032-01-18,TRUE,773,110.428571428571,2034-03-01,TRUE,29548800,48.8571428571429,2035-02-06
"513",NA,"Wind Onshore",9676,2030-09-01,2,"Completed","Planning",TRUE,56851200,94,2032-06-20,FALSE,1039,148.428571428571,2035-04-25,TRUE,59356800,98.1428571428572,2037-03-12
"514",4.9,"Solar Photovoltaics",5852,2030-09-01,2,"Completed","Planning",TRUE,14515200,24,2031-02-16,TRUE,272,38.8571428571429,2031-11-15,TRUE,5616000,9.28571428571429,2032-01-19
"515",4.9,"Solar Photovoltaics",6002,2030-09-01,2,"Completed","Planning",TRUE,12182400,20.1428571428571,2031-01-20,TRUE,486,69.4285714285714,2032-05-20,TRUE,5270400,8.71428571428572,2032-07-20
"516",0.3,"Wind Onshore",7673,2030-10-01,2,"Completed","Planning",TRUE,146966400,243,2035-05-29,TRUE,40,5.71428571428571,2035-07-08,TRUE,56937600,94.1428571428572,2037-04-27
"517",0.2,"Wind Onshore",7392,2030-10-01,2,"Completed","Planning",FALSE,137635200,227.571428571429,2035-02-10,TRUE,1542,220.285714285714,2039-05-02,TRUE,15638400,25.8571428571429,2039-10-30
"518",0.3,"Wind Onshore",7779,2030-10-01,2,"Completed","Planning",TRUE,23760000,39.2857142857143,2031-07-03,FALSE,1620,231.428571428571,2035-12-09,TRUE,30067200,49.7142857142857,2036-11-21
"519",NA,"Solar Photovoltaics",16716,2030-10-01,2,"Completed","Planning",TRUE,25920000,42.8571428571429,2031-07-28,FALSE,261,37.2857142857143,2032-04-14,TRUE,6307200,10.4285714285714,2032-06-26
"520",2,"Solar Photovoltaics",16451,2030-10-01,2,"Completed","Planning",FALSE,57542400,95.1428571428572,2032-07-28,TRUE,513,73.2857142857143,2033-12-23,TRUE,8899200,14.7142857142857,2034-04-05
"521",13.8,"Wind Onshore",6188,2030-11-01,2,"Completed","Planning",TRUE,14083200,23.2857142857143,2031-04-13,TRUE,1620,231.428571428571,2035-09-19,TRUE,34732800,57.4285714285714,2036-10-25
"522",21,"Wind Onshore",4251,2030-11-01,2,"Completed","Planning",TRUE,62294400,103,2032-10-22,TRUE,480,68.5714285714286,2034-02-14,TRUE,65232000,107.857142857143,2036-03-10
"523",15,"Wind Onshore",3243,2030-11-01,2,"Completed","Planning",TRUE,5875200,9.71428571428572,2031-01-08,TRUE,422,60.2857142857143,2032-03-05,TRUE,50716800,83.8571428571429,2033-10-13
"524",5,"Solar Photovoltaics",5205,2030-11-01,2,"Completed","Planning",TRUE,9849600,16.2857142857143,2031-02-23,TRUE,779,111.285714285714,2033-04-12,TRUE,10281600,17,2033-08-09
"525",4.8,"Solar Photovoltaics",1523,2030-11-01,2,"Completed","Planning",TRUE,4924800,8.14285714285714,2030-12-28,TRUE,387,55.2857142857143,2032-01-19,TRUE,5702400,9.42857142857143,2032-03-25
"526",25,"Wind Onshore",4534,2030-12-01,2,"Completed","Planning",FALSE,27907200,46.1428571428571,2031-10-20,TRUE,1428,204,2035-09-17,TRUE,31536000,52.1428571428571,2036-09-16
"527",15,"Wind Onshore",3254,2030-12-01,2,"Completed","Planning",TRUE,26092800,43.1428571428571,2031-09-29,TRUE,40,5.71428571428571,2031-11-08,TRUE,56937600,94.1428571428572,2033-08-28
"528",0.2,"Solar Photovoltaics",7903,2030-12-01,2,"Completed","Planning",TRUE,20822400,34.4285714285714,2031-07-30,TRUE,568,81.1428571428571,2033-02-17,TRUE,20217600,33.4285714285714,2033-10-09
"529",NA,"Solar Photovoltaics",14126,2030-12-01,2,"Completed","Planning",TRUE,9676800,16,2031-03-23,FALSE,603,86.1428571428571,2032-11-15,TRUE,22809600,37.7142857142857,2033-08-06
"530",0.25,"Wind Onshore",11506,2031-01-01,2,"Completed","Planning",TRUE,89164800,147.428571428571,2033-10-29,FALSE,2150,307.142857142857,2039-09-18,TRUE,16588800,27.4285714285714,2040-03-28
"531",0.3,"Wind Onshore",17825,2031-01-01,2,"Completed","Planning",TRUE,10972800,18.1428571428571,2031-05-08,TRUE,480,68.5714285714286,2032-08-30,TRUE,30067200,49.7142857142857,2033-08-13
"532",13.8,"Wind Onshore",3934,2031-01-01,2,"Completed","Planning",TRUE,152236800,251.714285714286,2035-10-29,TRUE,1428,204,2039-09-26,TRUE,23673600,39.1428571428571,2040-06-26
"533",2,"Wind Onshore",4953,2031-01-01,2,"Completed","Planning",TRUE,7689600,12.7142857142857,2031-03-31,TRUE,239,34.1428571428571,2031-11-25,TRUE,46828800,77.4285714285714,2033-05-20
"534",2,"Wind Onshore",7419,2031-01-01,2,"Completed","Planning",FALSE,49593600,82,2032-07-28,TRUE,40,5.71428571428571,2032-09-06,TRUE,38534400,63.7142857142857,2033-11-26
"535",6.7,"Solar Photovoltaics",5463,2031-01-01,2,"Completed","Planning",TRUE,25488000,42.1428571428571,2031-10-23,TRUE,401,57.2857142857143,2032-11-27,TRUE,11318400,18.7142857142857,2033-04-07
"536",NA,"Solar Photovoltaics",17312,2031-01-01,2,"Completed","Planning",TRUE,20995200,34.7142857142857,2031-09-01,TRUE,779,111.285714285714,2033-10-19,TRUE,2419200,4,2033-11-16
"537",4.1,"Solar Photovoltaics",5201,2031-01-01,2,"Completed","Planning",FALSE,22636800,37.4285714285714,2031-09-20,FALSE,401,57.2857142857143,2032-10-25,TRUE,8640000,14.2857142857143,2033-02-02
"538",4.2,"Wind Onshore",6739,2031-02-01,2,"Completed","Planning",FALSE,67737600,112,2033-03-26,TRUE,414,59.1428571428571,2034-05-14,TRUE,56937600,94.1428571428572,2036-03-03
"539",NA,"Wind Onshore",18379,2031-02-01,2,"Completed","Planning",FALSE,55641600,92,2032-11-06,TRUE,1618,231.142857142857,2037-04-12,TRUE,28857600,47.7142857142857,2038-03-12
"540",0.3,"Wind Onshore",7504,2031-02-01,2,"Completed","Planning",TRUE,146620800,242.428571428571,2035-09-25,TRUE,2339,334.142857142857,2042-02-19,TRUE,15638400,25.8571428571429,2042-08-19
"541",2.3,"Wind Onshore",3851,2031-02-01,2,"Completed","Planning",TRUE,56851200,94,2032-11-20,TRUE,1691,241.571428571429,2037-07-08,TRUE,15811200,26.1428571428571,2038-01-07
"542",7.1,"Wind Onshore",4557,2031-02-01,2,"Completed","Planning",TRUE,29721600,49.1428571428571,2032-01-11,TRUE,809,115.571428571429,2034-03-30,TRUE,38534400,63.7142857142857,2035-06-19
"543",39.5,"Solar Photovoltaics",6829,2031-02-01,2,"Completed","Planning",TRUE,13392000,22.1428571428571,2031-07-06,TRUE,401,57.2857142857143,2032-08-10,TRUE,8899200,14.7142857142857,2032-11-21
"544",29.9,"Solar Photovoltaics",16337,2031-02-01,2,"Completed","Planning",TRUE,12182400,20.1428571428571,2031-06-22,TRUE,779,111.285714285714,2033-08-09,TRUE,5270400,8.71428571428572,2033-10-09
"545",5.1,"Solar Photovoltaics",2371,2031-02-01,2,"Completed","Planning",FALSE,26006400,43,2031-11-29,TRUE,646,92.2857142857143,2033-09-05,TRUE,8640000,14.2857142857143,2033-12-14
"546",0.3,"Wind Onshore",7428,2031-03-01,2,"Completed","Planning",TRUE,137635200,227.571428571429,2035-07-11,FALSE,1740,248.571428571429,2040-04-15,TRUE,44323200,73.2857142857143,2041-09-10
"547",0.225,"Wind Onshore",13666,2031-03-01,2,"Completed","Planning",TRUE,32054400,53,2032-03-06,TRUE,303,43.2857142857143,2033-01-03,TRUE,41299200,68.2857142857143,2034-04-26
"548",6,"Wind Onshore",3522,2031-03-01,2,"Completed","Planning",TRUE,32054400,53,2032-03-06,TRUE,1618,231.142857142857,2036-08-10,TRUE,16588800,27.4285714285714,2037-02-18
"549",0.3,"Wind Onshore",7784,2031-03-01,2,"Completed","Planning",TRUE,35942400,59.4285714285714,2032-04-20,TRUE,2339,334.142857142857,2038-09-15,TRUE,14428800,23.8571428571429,2039-03-01
"550",NA,"Solar Photovoltaics",17711,2031-03-01,2,"Completed","Planning",TRUE,16416000,27.1428571428571,2031-09-07,TRUE,387,55.2857142857143,2032-09-28,TRUE,11318400,18.7142857142857,2033-02-06
"551",6.5,"Solar Photovoltaics",1789,2031-03-01,2,"Completed","Planning",TRUE,5356800,8.85714285714286,2031-05-02,TRUE,261,37.2857142857143,2032-01-18,TRUE,6825600,11.2857142857143,2032-04-06
"552",10,"Solar Photovoltaics",5435,2031-03-01,2,"Completed","Planning",TRUE,12528000,20.7142857142857,2031-07-24,TRUE,494,70.5714285714286,2032-11-29,TRUE,22377600,37,2033-08-15
"553",NA,"Wind Onshore",8877,2031-04-01,2,"Completed","Planning",FALSE,116985600,193.428571428571,2034-12-15,TRUE,66,9.42857142857143,2035-02-19,TRUE,15638400,25.8571428571429,2035-08-19
"554",NA,"Wind Onshore",8277,2031-04-01,2,"Completed","Planning",TRUE,17971200,29.7142857142857,2031-10-26,FALSE,2159,308.428571428571,2037-09-23,TRUE,41126400,68,2039-01-12
"555",13.8,"Wind Onshore",4108,2031-04-01,2,"Completed","Planning",TRUE,7084800,11.7142857142857,2031-06-22,TRUE,2131,304.428571428571,2037-04-22,TRUE,56937600,94.1428571428572,2039-02-10
"556",5,"Wind Onshore",3118,2031-04-01,2,"Completed","Planning",FALSE,7084800,11.7142857142857,2031-06-22,TRUE,947,135.285714285714,2034-01-24,TRUE,50716800,83.8571428571429,2035-09-03
"557",19.5,"Wind Onshore",3263,2031-04-01,2,"Completed","Planning",TRUE,125798400,208,2035-03-27,TRUE,987,141,2037-12-08,TRUE,46828800,77.4285714285714,2039-06-03
"558",4.99,"Solar Photovoltaics",18205,2031-04-01,2,"Completed","Planning",TRUE,40435200,66.8571428571429,2032-07-12,TRUE,603,86.1428571428571,2034-03-07,TRUE,5702400,9.42857142857143,2034-05-12
"559",NA,"Solar Photovoltaics",17711,2031-04-01,2,"Completed","Planning",TRUE,12528000,20.7142857142857,2031-08-24,TRUE,401,57.2857142857143,2032-09-28,TRUE,6307200,10.4285714285714,2032-12-10
"560",2.5,"Solar Photovoltaics",16454,2031-04-01,2,"Completed","Planning",TRUE,17020800,28.1428571428571,2031-10-15,TRUE,879,125.571428571429,2034-03-12,TRUE,4665600,7.71428571428571,2034-05-05
"561",0.9,"Wind Onshore",7418,2031-05-01,2,"Completed","Planning",TRUE,26784000,44.2857142857143,2032-03-06,FALSE,40,5.71428571428571,2032-04-15,TRUE,36806400,60.8571428571429,2033-06-15
"562",15,"Wind Onshore",3933,2031-05-01,2,"Completed","Planning",TRUE,42249600,69.8571428571429,2032-09-01,TRUE,736,105.142857142857,2034-09-07,TRUE,27388800,45.2857142857143,2035-07-21
"563",NA,"Wind Onshore",15281,2031-05-01,2,"Completed","Planning",FALSE,53740800,88.8571428571429,2033-01-12,TRUE,2339,334.142857142857,2039-06-09,TRUE,26352000,43.5714285714286,2040-04-09
"564",20.7,"Wind Onshore",2989,2031-05-01,2,"Completed","Planning",TRUE,169516800,280.285714285714,2036-09-13,TRUE,640,91.4285714285714,2038-06-15,TRUE,41299200,68.2857142857143,2039-10-06
"565",4.8,"Solar Photovoltaics",1296,2031-05-01,2,"Completed","Planning",TRUE,36806400,60.8571428571429,2032-06-30,TRUE,261,37.2857142857143,2033-03-18,TRUE,5616000,9.28571428571429,2033-05-22
"566",1.3,"Solar Photovoltaics",5000,2031-05-01,2,"Completed","Planning",TRUE,22636800,37.4285714285714,2032-01-18,FALSE,503,71.8571428571428,2033-06-04,TRUE,5788800,9.57142857142857,2033-08-10
"567",25.7,"Solar Photovoltaics",4954,2031-05-01,2,"Completed","Planning",TRUE,16934400,28,2031-11-13,TRUE,401,57.2857142857143,2032-12-18,TRUE,6307200,10.4285714285714,2033-03-01
"568",6.9,"Wind Onshore",4065,2031-06-01,2,"Completed","Planning",TRUE,16675200,27.5714285714286,2031-12-11,TRUE,303,43.2857142857143,2032-10-09,TRUE,5356800,8.85714285714286,2032-12-10
"569",24,"Wind Onshore",4957,2031-06-01,2,"Completed","Planning",TRUE,50716800,83.8571428571429,2033-01-08,TRUE,1182,168.857142857143,2036-04-04,TRUE,19612800,32.4285714285714,2036-11-17
"570",29.9,"Wind Onshore",4186,2031-06-01,2,"Completed","Planning",TRUE,54518400,90.1428571428572,2033-02-21,FALSE,3267,466.714285714286,2042-02-01,TRUE,31536000,52.1428571428571,2043-02-01
"571",17.5,"Wind Onshore",4238,2031-06-01,2,"Completed","Planning",TRUE,38188800,63.1428571428571,2032-08-16,FALSE,66,9.42857142857143,2032-10-21,TRUE,22636800,37.4285714285714,2033-07-10
"572",NA,"Solar Photovoltaics",17312,2031-06-01,2,"Completed","Planning",TRUE,5443200,9,2031-08-03,FALSE,495,70.7142857142857,2032-12-10,TRUE,9849600,16.2857142857143,2033-04-03
"573",NA,"Solar Photovoltaics",17711,2031-06-01,2,"Completed","Planning",TRUE,27993600,46.2857142857143,2032-04-20,TRUE,563,80.4285714285714,2033-11-04,TRUE,9849600,16.2857142857143,2034-02-26
"574",0.25,"Wind Onshore",16578,2031-07-01,2,"Completed","Planning",TRUE,231120000,382.142857142857,2038-10-27,TRUE,752,107.428571428571,2040-11-17,TRUE,32745600,54.1428571428571,2041-12-01
"575",7.5,"Wind Onshore",4255,2031-07-01,2,"Completed","Planning",TRUE,211420800,349.571428571429,2038-03-13,TRUE,1816,259.428571428571,2043-03-03,TRUE,14428800,23.8571428571429,2043-08-17
"576",NA,"Wind Onshore",18444,2031-07-01,2,"Completed","Planning",FALSE,14083200,23.2857142857143,2031-12-11,FALSE,1618,231.142857142857,2036-05-16,TRUE,19612800,32.4285714285714,2036-12-29
"577",0.3,"Wind Onshore",7719,2031-07-01,2,"Completed","Planning",TRUE,42249600,69.8571428571429,2032-11-01,TRUE,947,135.285714285714,2035-06-06,TRUE,32745600,54.1428571428571,2036-06-19
"578",13,"Solar Photovoltaics",6007,2031-07-01,2,"Completed","Planning",TRUE,26006400,43,2032-04-27,FALSE,313,44.7142857142857,2033-03-06,TRUE,4665600,7.71428571428571,2033-04-29
"579",NA,"Solar Photovoltaics",16293,2031-07-01,2,"Completed","Planning",TRUE,26006400,43,2032-04-27,TRUE,568,81.1428571428571,2033-11-16,TRUE,12960000,21.4285714285714,2034-04-15
"580",2,"Solar Photovoltaics",16583,2031-07-01,2,"Completed","Planning",TRUE,21513600,35.5714285714286,2032-03-06,FALSE,568,81.1428571428571,2033-09-25,TRUE,5788800,9.57142857142857,2033-12-01
"581",9,"Wind Onshore",6187,2031-08-01,2,"Completed","Planning",TRUE,118195200,195.428571428571,2035-04-30,TRUE,1428,204,2039-03-28,TRUE,26352000,43.5714285714286,2040-01-27
"582",20,"Wind Onshore",3251,2031-08-01,2,"Completed","Planning",FALSE,5702400,9.42857142857143,2031-10-06,TRUE,1039,148.428571428571,2034-08-10,TRUE,5270400,8.71428571428572,2034-10-10
"583",0.3,"Wind Onshore",7407,2031-08-01,2,"Completed","Planning",TRUE,7084800,11.7142857142857,2031-10-22,TRUE,2159,308.428571428571,2037-09-19,TRUE,15638400,25.8571428571429,2038-03-19
"584",13.8,"Wind Onshore",4190,2031-08-01,2,"Completed","Planning",TRUE,158630400,262.285714285714,2036-08-10,TRUE,2150,307.142857142857,2042-06-30,TRUE,28944000,47.8571428571429,2043-05-31
"585",25.2,"Solar Photovoltaics",5443,2031-08-01,2,"Completed","Planning",TRUE,15292800,25.2857142857143,2032-01-25,TRUE,683,97.5714285714286,2033-12-08,TRUE,8899200,14.7142857142857,2034-03-21
"586",4.9,"Solar Photovoltaics",6002,2031-08-01,2,"Completed","Planning",TRUE,22636800,37.4285714285714,2032-04-19,TRUE,879,125.571428571429,2034-09-15,TRUE,10281600,17,2035-01-12
"587",0.3,"Wind Onshore",17825,2031-09-01,2,"Completed","Planning",TRUE,67737600,112,2033-10-24,TRUE,1816,259.428571428571,2038-10-14,TRUE,19612800,32.4285714285714,2039-05-29
"588",32.2,"Wind Onshore",4041,2031-09-01,2,"Completed","Planning",TRUE,118886400,196.571428571429,2035-06-08,TRUE,1069,152.714285714286,2038-05-12,TRUE,15638400,25.8571428571429,2038-11-09
"589",0.2,"Wind Onshore",7801,2031-09-01,2,"Completed","Planning",TRUE,31622400,52.2857142857143,2032-09-01,TRUE,1659,237,2037-03-18,TRUE,34300800,56.7142857142857,2038-04-19
"590",10,"Wind Onshore",7640,2031-09-01,2,"Completed","Planning",TRUE,38188800,63.1428571428571,2032-11-16,TRUE,736,105.142857142857,2034-11-22,TRUE,15638400,25.8571428571429,2035-05-22
"591",0.3,"Solar Photovoltaics",16620,2031-09-01,2,"Completed","Planning",TRUE,5443200,9,2031-11-03,TRUE,528,75.4285714285714,2033-04-14,TRUE,27648000,45.7142857142857,2034-02-28
"592",NA,"Solar Photovoltaics",10590,2031-09-01,2,"Completed","Planning",FALSE,29116800,48.1428571428571,2032-08-03,TRUE,683,97.5714285714286,2034-06-17,TRUE,6825600,11.2857142857143,2034-09-04
"593",17.5,"Wind Onshore",4171,2031-10-01,2,"Completed","Planning",FALSE,4233600,7,2031-11-19,FALSE,2150,307.142857142857,2037-10-08,TRUE,5356800,8.85714285714286,2037-12-09
"594",1.6,"Wind Onshore",6572,2031-10-01,2,"Completed","Planning",TRUE,18748800,31,2032-05-05,TRUE,1816,259.428571428571,2037-04-25,TRUE,19612800,32.4285714285714,2037-12-08
"595",27.6,"Wind Onshore",4652,2031-10-01,2,"Completed","Planning",TRUE,42249600,69.8571428571429,2033-02-01,TRUE,1659,237,2037-08-18,TRUE,36201600,59.8571428571429,2038-10-11
"596",20,"Solar Photovoltaics",17260,2031-10-01,2,"Completed","Planning",TRUE,22636800,37.4285714285714,2032-06-19,TRUE,420,60,2033-08-13,TRUE,6825600,11.2857142857143,2033-10-31
"597",8.5,"Solar Photovoltaics",5952,2031-10-01,2,"Completed","Planning",TRUE,9849600,16.2857142857143,2032-01-23,TRUE,503,71.8571428571428,2033-06-09,TRUE,5270400,8.71428571428572,2033-08-09
"598",29.9,"Solar Photovoltaics",16337,2031-10-01,2,"Completed","Planning",FALSE,12787200,21.1428571428571,2032-02-26,TRUE,486,69.4285714285714,2033-06-26,TRUE,18316800,30.2857142857143,2034-01-24
"599",18.4,"Wind Onshore",3953,2031-11-01,2,"Completed","Planning",TRUE,53740800,88.8571428571429,2033-07-15,TRUE,1039,148.428571428571,2036-05-19,TRUE,41126400,68,2037-09-07
"600",0.6,"Wind Onshore",17257,2031-11-01,2,"Completed","Planning",FALSE,14774400,24.4285714285714,2032-04-20,TRUE,752,107.428571428571,2034-05-12,TRUE,28425600,47,2035-04-06
"601",2,"Wind Onshore",14132,2031-11-01,2,"Completed","Planning",TRUE,304992000,504.285714285714,2041-07-01,FALSE,1182,168.857142857143,2044-09-25,TRUE,65232000,107.857142857143,2046-10-20
"602",25,"Solar Photovoltaics",5955,2031-11-01,2,"Completed","Planning",TRUE,9676800,16,2032-02-21,TRUE,683,97.5714285714286,2034-01-04,TRUE,11318400,18.7142857142857,2034-05-15
"603",0.7,"Solar Photovoltaics",17115,2031-11-01,2,"Completed","Planning",FALSE,16416000,27.1428571428571,2032-05-09,TRUE,879,125.571428571429,2034-10-05,TRUE,2419200,4,2034-11-02
"604",1,"Solar Photovoltaics",6105,2031-11-01,2,"Completed","Planning",FALSE,20995200,34.7142857142857,2032-07-01,TRUE,683,97.5714285714286,2034-05-15,TRUE,11318400,18.7142857142857,2034-09-23
"605",2,"Wind Onshore",7419,2031-12-01,2,"Completed","Planning",TRUE,231120000,382.142857142857,2039-03-29,TRUE,1558,222.571428571429,2043-07-04,TRUE,41299200,68.2857142857143,2044-10-24
"606",51,"Wind Onshore",2717,2031-12-01,2,"Completed","Planning",TRUE,89164800,147.428571428571,2034-09-28,TRUE,860,122.857142857143,2037-02-04,TRUE,26265600,43.4285714285714,2037-12-05
"607",2.3,"Wind Onshore",6154,2031-12-01,2,"Completed","Planning",TRUE,126403200,209,2035-12-03,FALSE,422,60.2857142857143,2037-01-28,TRUE,-12268800,-20.2857142857143,2036-09-08
"608",6.5,"Solar Photovoltaics",1789,2031-12-01,2,"Completed","Planning",TRUE,9849600,16.2857142857143,2032-03-24,TRUE,528,75.4285714285714,2033-09-03,TRUE,5788800,9.57142857142857,2033-11-09
"609",4.1,"Solar Photovoltaics",6325,2031-12-01,2,"Completed","Planning",TRUE,10368000,17.1428571428571,2032-03-30,TRUE,313,44.7142857142857,2033-02-06,TRUE,5702400,9.42857142857143,2033-04-13
"610",3.75,"Solar Photovoltaics",8870,2031-12-01,2,"Completed","Planning",FALSE,29116800,48.1428571428571,2032-11-02,TRUE,503,71.8571428571428,2034-03-20,TRUE,8640000,14.2857142857143,2034-06-28
"611",NA,"Wind Onshore",13667,2025-01-01,3,"Completed","Planning",FALSE,75254400,124.428571428571,2027-05-22,FALSE,1595,227.857142857143,2031-10-03,TRUE,5270400,8.71428571428572,2031-12-03
"612",0.9,"Wind Onshore",13670,2025-01-01,3,"Completed","Planning",TRUE,353980800,585.285714285714,2036-03-21,TRUE,1889,269.857142857143,2041-05-23,TRUE,33696000,55.7142857142857,2042-06-17
"613",10.5,"Wind Onshore",4680,2025-01-01,3,"Completed","Planning",TRUE,18403200,30.4285714285714,2025-08-02,TRUE,1816,259.428571428571,2030-07-23,TRUE,36892800,61,2031-09-23
"614",0.3,"Wind Onshore",7664,2025-01-01,3,"Completed","Planning",TRUE,129254400,213.714285714286,2029-02-05,TRUE,2150,307.142857142857,2034-12-26,TRUE,52531200,86.8571428571429,2036-08-25
"615",0.25,"Wind Onshore",8258,2025-01-01,3,"Completed","Planning",TRUE,54518400,90.1428571428572,2026-09-24,TRUE,736,105.142857142857,2028-09-29,TRUE,30067200,49.7142857142857,2029-09-12
"616",10,"Wind Onshore",2888,2025-01-01,3,"Completed","Planning",FALSE,41644800,68.8571428571429,2026-04-28,TRUE,568,81.1428571428571,2027-11-17,TRUE,23673600,39.1428571428571,2028-08-17
"617",13.5,"Solar Photovoltaics",2236,2025-01-01,3,"Completed","Planning",TRUE,9936000,16.4285714285714,2025-04-26,TRUE,879,125.571428571429,2027-09-22,TRUE,22809600,37.7142857142857,2028-06-12
"618",2,"Solar Photovoltaics",16583,2025-01-01,3,"Completed","Planning",TRUE,12528000,20.7142857142857,2025-05-26,TRUE,603,86.1428571428571,2027-01-19,TRUE,8899200,14.7142857142857,2027-05-02
"619",7.5,"Wind Onshore",4255,2025-02-01,3,"Completed","Planning",TRUE,149817600,247.714285714286,2029-11-01,TRUE,66,9.42857142857143,2030-01-06,TRUE,17193600,28.4285714285714,2030-07-24
"620",18.4,"Wind Onshore",2957,2025-02-01,3,"Completed","Planning",TRUE,32054400,53,2026-02-07,TRUE,303,43.2857142857143,2026-12-07,TRUE,37584000,62.1428571428571,2028-02-15
"621",0.2,"Wind Onshore",6812,2025-02-01,3,"Completed","Planning",FALSE,15033600,24.8571428571429,2025-07-25,FALSE,640,91.4285714285714,2027-04-26,TRUE,15811200,26.1428571428571,2027-10-26
"622",12.5,"Wind Onshore",4559,2025-02-01,3,"Completed","Planning",TRUE,47779200,79,2026-08-08,TRUE,932,133.142857142857,2029-02-25,TRUE,15811200,26.1428571428571,2029-08-27
"623",0.25,"Wind Onshore",8873,2025-02-01,3,"Completed","Planning",FALSE,115689600,191.285714285714,2028-10-02,TRUE,1039,148.428571428571,2031-08-07,TRUE,37584000,62.1428571428571,2032-10-15
"624",NA,"Solar Photovoltaics",17417,2025-02-01,3,"Completed","Planning",TRUE,27993600,46.2857142857143,2025-12-22,TRUE,879,125.571428571429,2028-05-19,TRUE,2419200,4,2028-06-16
"625",NA,"Wind Onshore",16547,2025-03-01,3,"Completed","Planning",TRUE,30153600,49.8571428571429,2026-02-13,TRUE,422,60.2857142857143,2027-04-11,TRUE,56937600,94.1428571428572,2029-01-29
"626",0.3,"Wind Onshore",7779,2025-04-01,3,"Completed","Planning",TRUE,62294400,103,2027-03-23,TRUE,2159,308.428571428571,2033-02-18,TRUE,28684800,47.4285714285714,2034-01-16
"627",NA,"Solar Photovoltaics",17468,2025-04-01,3,"Completed","Planning",TRUE,2678400,4.42857142857143,2025-05-02,FALSE,261,37.2857142857143,2026-01-18,TRUE,11318400,18.7142857142857,2026-05-29
"628",6,"Wind Onshore",2718,2025-05-01,3,"Completed","Planning",TRUE,31622400,52.2857142857143,2026-05-02,TRUE,3281,468.714285714286,2035-04-26,TRUE,32745600,54.1428571428571,2036-05-09
"629",6.5,"Solar Photovoltaics",1789,2025-05-01,3,"Completed","Planning",TRUE,27993600,46.2857142857143,2026-03-21,TRUE,130,18.5714285714286,2026-07-29,TRUE,20217600,33.4285714285714,2027-03-20
"630",29.9,"Wind Onshore",4186,2025-06-01,3,"Completed","Planning",TRUE,32054400,53,2026-06-07,TRUE,1595,227.857142857143,2030-10-19,TRUE,28857600,47.7142857142857,2031-09-18
"631",NA,"Solar Photovoltaics",17711,2025-06-01,3,"Completed","Planning",TRUE,16934400,28,2025-12-14,TRUE,401,57.2857142857143,2027-01-19,TRUE,9849600,16.2857142857143,2027-05-13
"632",39.6,"Wind Onshore",5222,2025-07-01,3,"Completed","Planning",FALSE,129254400,213.714285714286,2029-08-05,TRUE,1428,204,2033-07-03,TRUE,59356800,98.1428571428572,2035-05-21
"633",4.8,"Solar Photovoltaics",1296,2025-07-01,3,"Completed","Planning",FALSE,12787200,21.1428571428571,2025-11-26,TRUE,261,37.2857142857143,2026-08-14,TRUE,18316800,30.2857142857143,2027-03-14
"634",12.5,"Wind Onshore",4320,2025-08-01,3,"Completed","Planning",TRUE,27216000,45,2026-06-12,FALSE,752,107.428571428571,2028-07-03,TRUE,36892800,61,2029-09-03
"635",9,"Wind Onshore",3113,2025-09-01,3,"Completed","Planning",FALSE,67737600,112,2027-10-25,TRUE,1618,231.142857142857,2032-03-30,TRUE,33696000,55.7142857142857,2033-04-24
"636",25,"Solar Photovoltaics",5955,2025-09-01,3,"Completed","Planning",TRUE,4924800,8.14285714285714,2025-10-28,TRUE,568,81.1428571428571,2027-05-19,TRUE,8899200,14.7142857142857,2027-08-30
"637",2,"Wind Onshore",14132,2025-10-01,3,"Completed","Planning",TRUE,29030400,48,2026-09-02,TRUE,2159,308.428571428571,2032-07-31,TRUE,19612800,32.4285714285714,2033-03-15
"638",NA,"Wind Onshore",8876,2025-11-01,3,"Completed","Planning",TRUE,25315200,41.8571428571429,2026-08-21,TRUE,1428,204,2030-07-19,TRUE,12614400,20.8571428571429,2030-12-12
"639",28,"Wind Onshore",7489,2025-12-01,3,"Completed","Planning",TRUE,18403200,30.4285714285714,2026-07-02,TRUE,1127,161,2029-08-02,TRUE,38534400,63.7142857142857,2030-10-22
"640",6,"Solar Photovoltaics",5085,2025-12-01,3,"Completed","Planning",FALSE,20304000,33.5714285714286,2026-07-24,TRUE,683,97.5714285714286,2028-06-06,TRUE,22809600,37.7142857142857,2029-02-25
"641",0.25,"Wind Onshore",8273,2026-01-01,3,"Completed","Planning",TRUE,91065600,150.571428571429,2028-11-20,FALSE,1039,148.428571428571,2031-09-25,TRUE,65232000,107.857142857143,2033-10-19
"642",0.25,"Wind Onshore",9670,2026-01-01,3,"Completed","Planning",FALSE,22896000,37.8571428571429,2026-09-23,TRUE,40,5.71428571428571,2026-11-02,TRUE,14428800,23.8571428571429,2027-04-18
"643",NA,"Solar Photovoltaics",16715,2026-01-01,3,"Completed","Planning",FALSE,57542400,95.1428571428572,2027-10-29,TRUE,313,44.7142857142857,2028-09-06,TRUE,10281600,17,2029-01-03
"644",0.2,"Wind Onshore",7560,2026-02-01,3,"Completed","Planning",TRUE,19008000,31.4285714285714,2026-09-09,TRUE,1623,231.857142857143,2031-02-18,TRUE,56937600,94.1428571428572,2032-12-08
"645",20,"Solar Photovoltaics",17260,2026-02-01,3,"Completed","Planning",TRUE,29116800,48.1428571428571,2027-01-04,TRUE,683,97.5714285714286,2028-11-17,TRUE,5702400,9.42857142857143,2029-01-22
"646",0.5,"Wind Onshore",7651,2026-03-01,3,"Completed","Planning",TRUE,47779200,79,2027-09-05,TRUE,40,5.71428571428571,2027-10-15,TRUE,19612800,32.4285714285714,2028-05-29
"647",4.9,"Solar Photovoltaics",6002,2026-03-01,3,"Completed","Planning",TRUE,22636800,37.4285714285714,2026-11-18,TRUE,683,97.5714285714286,2028-10-01,TRUE,5788800,9.57142857142857,2028-12-07
"648",0.3,"Wind Onshore",7964,2026-04-01,3,"Completed","Planning",TRUE,140745600,232.714285714286,2030-09-16,FALSE,1542,220.285714285714,2034-12-06,TRUE,34732800,57.4285714285714,2036-01-12
"649",9.2,"Wind Onshore",4185,2026-04-01,3,"Completed","Planning",TRUE,67737600,112,2028-05-24,TRUE,1889,269.857142857143,2033-07-26,TRUE,28857600,47.7142857142857,2034-06-25
"650",0.3,"Solar Photovoltaics",16620,2026-04-01,3,"Completed","Planning",TRUE,16934400,28,2026-10-14,TRUE,401,57.2857142857143,2027-11-19,TRUE,22809600,37.7142857142857,2028-08-09
"651",NA,"Wind Onshore",18379,2026-05-01,3,"Completed","Planning",TRUE,149817600,247.714285714286,2031-01-29,TRUE,687,98.1428571428571,2032-12-16,TRUE,78883200,130.428571428571,2035-06-17
"652",NA,"Solar Photovoltaics",17417,2026-05-01,3,"Completed","Planning",FALSE,10368000,17.1428571428571,2026-08-29,TRUE,401,57.2857142857143,2027-10-04,TRUE,5788800,9.57142857142857,2027-12-10
"653",12.1,"Wind Onshore",3599,2026-06-01,3,"Completed","Planning",FALSE,29548800,48.8571428571429,2027-05-09,TRUE,1127,161,2030-06-09,TRUE,28944000,47.8571428571429,2031-05-10
"654",10.9,"Solar Photovoltaics",5439,2026-06-01,3,"Completed","Planning",TRUE,5443200,9,2026-08-03,TRUE,528,75.4285714285714,2028-01-13,TRUE,22809600,37.7142857142857,2028-10-03
"655",2.3,"Wind Onshore",2830,2026-07-01,3,"Completed","Planning",FALSE,18403200,30.4285714285714,2027-01-30,TRUE,1,0.142857142857143,2027-01-31,TRUE,30067200,49.7142857142857,2028-01-14
"656",NA,"Solar Photovoltaics",10590,2026-07-01,3,"Completed","Planning",FALSE,12528000,20.7142857142857,2026-11-23,TRUE,683,97.5714285714286,2028-10-06,TRUE,5616000,9.28571428571429,2028-12-10
"657",19.8,"Wind Onshore",6546,2026-08-01,3,"Completed","Planning",TRUE,26092800,43.1428571428571,2027-05-30,TRUE,2339,334.142857142857,2033-10-24,TRUE,19612800,32.4285714285714,2034-06-08
"658",6,"Solar Photovoltaics",5085,2026-08-01,3,"Completed","Planning",TRUE,16934400,28,2027-02-13,TRUE,879,125.571428571429,2029-07-11,TRUE,10281600,17,2029-11-07
"659",0.6,"Wind Onshore",17257,2026-09-01,3,"Completed","Planning",TRUE,67737600,112,2028-10-24,TRUE,1740,248.571428571429,2033-07-30,TRUE,43286400,71.5714285714286,2034-12-13
"660",51,"Wind Onshore",2794,2026-10-01,3,"Completed","Planning",TRUE,75254400,124.428571428571,2029-02-18,TRUE,736,105.142857142857,2031-02-24,TRUE,15811200,26.1428571428571,2031-08-26
"661",NA,"Solar Photovoltaics",17711,2026-10-01,3,"Completed","Planning",FALSE,16934400,28,2027-04-15,FALSE,387,55.2857142857143,2028-05-06,TRUE,6825600,11.2857142857143,2028-07-24
"662",23.5,"Wind Onshore",4297,2026-11-01,3,"Completed","Planning",FALSE,19008000,31.4285714285714,2027-06-09,TRUE,736,105.142857142857,2029-06-14,TRUE,31536000,52.1428571428571,2030-06-14
"663",NA,"Solar Photovoltaics",16293,2026-11-01,3,"Completed","Planning",TRUE,5356800,8.85714285714286,2027-01-02,TRUE,779,111.285714285714,2029-02-19,TRUE,2419200,4,2029-03-19
"664",9.2,"Wind Onshore",4081,2026-12-01,3,"Completed","Planning",TRUE,25315200,41.8571428571429,2027-09-20,TRUE,1618,231.142857142857,2032-02-24,TRUE,65232000,107.857142857143,2034-03-20
"665",4.9,"Solar Photovoltaics",5852,2026-12-01,3,"Completed","Planning",TRUE,12182400,20.1428571428571,2027-04-21,TRUE,603,86.1428571428571,2028-12-14,TRUE,5097600,8.42857142857143,2029-02-11
"666",8.8,"Wind Onshore",3242,2027-01-01,3,"Completed","Planning",FALSE,167011200,276.142857142857,2032-04-17,FALSE,1620,231.428571428571,2036-09-23,TRUE,28857600,47.7142857142857,2037-08-23
"667",12.5,"Wind Onshore",4559,2027-01-01,3,"Completed","Planning",TRUE,71971200,119,2029-04-13,TRUE,1889,269.857142857143,2034-06-15,TRUE,21427200,35.4285714285714,2035-02-18
"668",0.15,"Solar Photovoltaics",15229,2027-01-01,3,"Completed","Planning",TRUE,8467200,14,2027-04-09,TRUE,313,44.7142857142857,2028-02-16,TRUE,9849600,16.2857142857143,2028-06-09
"669",28.8,"Wind Onshore",13669,2027-02-01,3,"Completed","Planning",TRUE,30067200,49.7142857142857,2028-01-15,TRUE,853,121.857142857143,2030-05-17,TRUE,36806400,60.8571428571429,2031-07-17
"670",0.5,"Wind Onshore",7639,2027-02-01,3,"Completed","Planning",TRUE,28598400,47.2857142857143,2027-12-29,TRUE,1620,231.428571428571,2032-06-05,TRUE,26352000,43.5714285714286,2033-04-06
"671",0.25,"Solar Photovoltaics",18104,2027-02-01,3,"Completed","Planning",TRUE,36806400,60.8571428571429,2028-04-02,FALSE,513,73.2857142857143,2029-08-28,TRUE,5270400,8.71428571428572,2029-10-28
"672",22.8,"Wind Onshore",4673,2027-03-01,3,"Completed","Planning",TRUE,137376000,227.142857142857,2031-07-08,FALSE,736,105.142857142857,2033-07-13,TRUE,32140800,53.1428571428571,2034-07-20
"673",25,"Solar Photovoltaics",5955,2027-03-01,3,"Completed","Planning",FALSE,20822400,34.4285714285714,2027-10-28,TRUE,272,38.8571428571429,2028-07-26,TRUE,22809600,37.7142857142857,2029-04-16
"674",0.6,"Wind Onshore",15438,2027-04-01,3,"Completed","Planning",TRUE,43200000,71.4285714285714,2028-08-13,TRUE,398,56.8571428571429,2029-09-15,TRUE,41126400,68,2031-01-04
"675",24,"Wind Onshore",4301,2027-04-01,3,"Completed","Planning",TRUE,16416000,27.1428571428571,2027-10-08,TRUE,825,117.857142857143,2030-01-10,TRUE,32745600,54.1428571428571,2031-01-24
"676",5,"Solar Photovoltaics",5205,2027-04-01,3,"Completed","Planning",FALSE,36806400,60.8571428571429,2028-05-31,FALSE,503,71.8571428571428,2029-10-16,TRUE,5097600,8.42857142857143,2029-12-14
"677",8,"Wind Onshore",4046,2027-05-01,3,"Completed","Planning",TRUE,84672000,140,2030-01-05,FALSE,1595,227.857142857143,2034-05-19,TRUE,26352000,43.5714285714286,2035-03-20
"678",25,"Solar Photovoltaics",5967,2027-05-01,3,"Completed","Planning",FALSE,20217600,33.4285714285714,2027-12-21,FALSE,779,111.285714285714,2030-02-07,TRUE,22809600,37.7142857142857,2030-10-29
"679",NA,"Wind Onshore",17164,2027-06-01,3,"Completed","Planning",TRUE,67737600,112,2029-07-24,FALSE,240,34.2857142857143,2030-03-21,TRUE,46828800,77.4285714285714,2031-09-14
"680",0.3,"Wind Onshore",7494,2027-06-01,3,"Completed","Planning",FALSE,16675200,27.5714285714286,2027-12-11,TRUE,687,98.1428571428571,2029-10-28,TRUE,29635200,49,2030-10-06
"681",4.8,"Solar Photovoltaics",1523,2027-06-01,3,"Completed","Planning",TRUE,27993600,46.2857142857143,2028-04-20,TRUE,486,69.4285714285714,2029-08-19,TRUE,5702400,9.42857142857143,2029-10-24
"682",0.3,"Wind Onshore",7649,2027-07-01,3,"Completed","Planning",TRUE,43545600,72,2028-11-16,TRUE,1549,221.285714285714,2033-02-12,TRUE,17193600,28.4285714285714,2033-08-30
"683",NA,"Wind Onshore",18443,2027-07-01,3,"Completed","Planning",FALSE,55641600,92,2029-04-05,TRUE,940,134.285714285714,2031-11-01,TRUE,34300800,56.7142857142857,2032-12-02
"684",6,"Solar Photovoltaics",4724,2027-07-01,3,"Completed","Planning",TRUE,12528000,20.7142857142857,2027-11-23,TRUE,503,71.8571428571428,2029-04-09,TRUE,5270400,8.71428571428572,2029-06-09
"685",2,"Wind Onshore",5248,2027-08-01,3,"Completed","Planning",TRUE,42076800,69.5714285714286,2028-11-30,TRUE,752,107.428571428571,2030-12-22,TRUE,33609600,55.5714285714286,2032-01-15
"686",0.225,"Wind Onshore",13666,2027-08-01,3,"Completed","Planning",TRUE,84672000,140,2030-04-07,FALSE,3281,468.714285714286,2039-04-01,TRUE,0,0,2039-04-01
"687",5.1,"Solar Photovoltaics",2371,2027-08-01,3,"Completed","Planning",FALSE,21513600,35.5714285714286,2028-04-06,TRUE,879,125.571428571429,2030-09-02,TRUE,22809600,37.7142857142857,2031-05-24
"688",1.5,"Wind Onshore",7213,2027-09-01,3,"Completed","Planning",FALSE,91065600,150.571428571429,2030-07-21,TRUE,1558,222.571428571429,2034-10-26,TRUE,31536000,52.1428571428571,2035-10-26
"689",1.6,"Wind Onshore",6572,2027-09-01,3,"Completed","Planning",TRUE,27043200,44.7142857142857,2028-07-10,TRUE,987,141,2031-03-24,TRUE,-12268800,-20.2857142857143,2030-11-02
"690",18,"Solar Photovoltaics",6506,2027-09-01,3,"Completed","Planning",TRUE,8467200,14,2027-12-08,TRUE,513,73.2857142857143,2029-05-04,TRUE,12960000,21.4285714285714,2029-10-01
"691",NA,"Wind Onshore",17461,2027-10-01,3,"Completed","Planning",TRUE,68774400,113.714285714286,2029-12-05,FALSE,240,34.2857142857143,2030-08-02,TRUE,5356800,8.85714285714286,2030-10-03
"692",1,"Solar Photovoltaics",7744,2027-10-01,3,"Completed","Planning",TRUE,22636800,37.4285714285714,2028-06-19,TRUE,683,97.5714285714286,2030-05-03,TRUE,12960000,21.4285714285714,2030-09-30
"693",34.5,"Wind Onshore",4124,2027-11-01,3,"Completed","Planning",FALSE,67737600,112,2029-12-24,TRUE,1549,221.285714285714,2034-03-22,TRUE,23673600,39.1428571428571,2034-12-21
"694",0.2,"Solar Photovoltaics",7903,2027-11-01,3,"Completed","Planning",TRUE,17020800,28.1428571428571,2028-05-16,TRUE,528,75.4285714285714,2029-10-26,TRUE,22377600,37,2030-07-12
"695",0.3,"Wind Onshore",7649,2027-12-01,3,"Completed","Planning",TRUE,169516800,280.285714285714,2033-04-15,TRUE,736,105.142857142857,2035-04-21,TRUE,32745600,54.1428571428571,2036-05-04
"696",5,"Wind Onshore",3103,2027-12-01,3,"Completed","Planning",TRUE,138499200,229,2032-04-21,TRUE,860,122.857142857143,2034-08-29,TRUE,41299200,68.2857142857143,2035-12-20
"697",25.7,"Solar Photovoltaics",4954,2027-12-01,3,"Completed","Planning",FALSE,17020800,28.1428571428571,2028-06-15,TRUE,528,75.4285714285714,2029-11-25,TRUE,2419200,4,2029-12-23
"698",5,"Wind Onshore",3106,2028-01-01,3,"Completed","Planning",TRUE,28598400,47.2857142857143,2028-11-27,FALSE,568,81.1428571428571,2030-06-18,TRUE,27388800,45.2857142857143,2031-05-01
"699",0.25,"Wind Onshore",13995,2028-01-01,3,"Completed","Planning",FALSE,125798400,208,2031-12-27,TRUE,640,91.4285714285714,2033-09-27,TRUE,26265600,43.4285714285714,2034-07-28
"700",4.9,"Solar Photovoltaics",5852,2028-01-01,3,"Completed","Planning",FALSE,25920000,42.8571428571429,2028-10-27,TRUE,603,86.1428571428571,2030-06-22,TRUE,4665600,7.71428571428571,2030-08-15
"701",NA,"Wind Onshore",8871,2028-02-01,3,"Completed","Planning",TRUE,26784000,44.2857142857143,2028-12-07,FALSE,1659,237,2033-06-23,TRUE,15638400,25.8571428571429,2033-12-21
"702",6,"Wind Onshore",4282,2028-02-01,3,"Completed","Planning",TRUE,75254400,124.428571428571,2030-06-21,TRUE,1691,241.571428571429,2035-02-06,TRUE,28684800,47.4285714285714,2036-01-04
"703",0.25,"Wind Onshore",8279,2028-02-01,3,"Completed","Planning",TRUE,30153600,49.8571428571429,2029-01-15,TRUE,1,0.142857142857143,2029-01-16,TRUE,5356800,8.85714285714286,2029-03-19
"704",2,"Solar Photovoltaics",16451,2028-02-01,3,"Completed","Planning",FALSE,12182400,20.1428571428571,2028-06-21,TRUE,486,69.4285714285714,2029-10-20,TRUE,20217600,33.4285714285714,2030-06-11
"705",0.2,"Solar Photovoltaics",7903,2028-02-01,3,"Completed","Planning",TRUE,13392000,22.1428571428571,2028-07-05,TRUE,683,97.5714285714286,2030-05-19,TRUE,8640000,14.2857142857143,2030-08-27
"706",0.3,"Wind Onshore",7964,2028-03-01,3,"Completed","Planning",TRUE,195782400,323.714285714286,2034-05-15,TRUE,825,117.857142857143,2036-08-17,TRUE,28684800,47.4285714285714,2037-07-15
"707",5,"Wind Onshore",3118,2028-03-01,3,"Completed","Planning",FALSE,129340800,213.857142857143,2032-04-06,TRUE,2131,304.428571428571,2038-02-05,TRUE,31536000,52.1428571428571,2039-02-05
"708",1,"Solar Photovoltaics",14123,2028-03-01,3,"Completed","Planning",FALSE,57542400,95.1428571428572,2029-12-27,TRUE,528,75.4285714285714,2031-06-08,TRUE,27648000,45.7142857142857,2032-04-23
"709",37.5,"Wind Onshore",4249,2028-04-01,3,"Completed","Planning",TRUE,20822400,34.4285714285714,2028-11-28,TRUE,2159,308.428571428571,2034-10-27,TRUE,33609600,55.5714285714286,2035-11-20
"710",0.3,"Wind Onshore",7664,2028-04-01,3,"Completed","Planning",TRUE,71971200,119,2030-07-13,FALSE,1406,200.857142857143,2034-05-19,TRUE,29635200,49,2035-04-27
"711",6.7,"Solar Photovoltaics",5463,2028-04-01,3,"Completed","Planning",TRUE,4924800,8.14285714285714,2028-05-28,TRUE,130,18.5714285714286,2028-10-05,TRUE,4665600,7.71428571428571,2028-11-28
"712",2,"Wind Onshore",3713,2028-05-01,3,"Completed","Planning",TRUE,158630400,262.285714285714,2033-05-11,TRUE,480,68.5714285714286,2034-09-03,TRUE,37584000,62.1428571428571,2035-11-12
"713",NA,"Wind Onshore",13667,2028-05-01,3,"Completed","Planning",TRUE,15292800,25.2857142857143,2028-10-25,TRUE,1895,270.714285714286,2034-01-02,TRUE,37584000,62.1428571428571,2035-03-13
"714",5,"Solar Photovoltaics",5205,2028-05-01,3,"Completed","Planning",TRUE,2678400,4.42857142857143,2028-06-01,TRUE,401,57.2857142857143,2029-07-07,TRUE,2419200,4,2029-08-04
"715",5,"Solar Photovoltaics",5203,2028-05-01,3,"Completed","Planning",TRUE,40435200,66.8571428571429,2029-08-12,FALSE,313,44.7142857142857,2030-06-21,TRUE,5702400,9.42857142857143,2030-08-26
"716",8,"Wind Onshore",4046,2028-06-01,3,"Completed","Planning",FALSE,23587200,39,2029-03-01,TRUE,1428,204,2033-01-27,TRUE,25315200,41.8571428571429,2033-11-16
"717",NA,"Wind Onshore",17425,2028-06-01,3,"Completed","Planning",TRUE,36806400,60.8571428571429,2029-08-01,TRUE,773,110.428571428571,2031-09-13,TRUE,37584000,62.1428571428571,2032-11-21
"718",4.9,"Solar Photovoltaics",5852,2028-06-01,3,"Completed","Planning",TRUE,57542400,95.1428571428572,2030-03-29,TRUE,503,71.8571428571428,2031-08-14,TRUE,20217600,33.4285714285714,2032-04-04
"719",0.3,"Wind Onshore",7935,2028-07-01,3,"Completed","Planning",TRUE,60652800,100.285714285714,2030-06-03,TRUE,40,5.71428571428571,2030-07-13,TRUE,34732800,57.4285714285714,2031-08-19
"720",19.5,"Wind Onshore",3263,2028-07-01,3,"Completed","Planning",TRUE,118886400,196.571428571429,2032-04-07,TRUE,568,81.1428571428571,2033-10-27,TRUE,17193600,28.4285714285714,2034-05-14
"721",NA,"Solar Photovoltaics",17468,2028-07-01,3,"Completed","Planning",FALSE,16070400,26.5714285714286,2029-01-03,TRUE,486,69.4285714285714,2030-05-04,TRUE,22809600,37.7142857142857,2031-01-23
"722",16.8,"Wind Onshore",17627,2028-08-01,3,"Completed","Planning",TRUE,5356800,8.85714285714286,2028-10-02,TRUE,2308,329.714285714286,2035-01-27,TRUE,78883200,130.428571428571,2037-07-28
"723",15,"Wind Onshore",4654,2028-08-01,3,"Completed","Planning",TRUE,158630400,262.285714285714,2033-08-11,TRUE,987,141,2036-04-24,TRUE,15638400,25.8571428571429,2036-10-22
"724",6,"Solar Photovoltaics",5085,2028-08-01,3,"Completed","Planning",TRUE,20304000,33.5714285714286,2029-03-24,TRUE,779,111.285714285714,2031-05-12,TRUE,22809600,37.7142857142857,2032-01-31
"725",NA,"Solar Photovoltaics",14126,2028-08-01,3,"Completed","Planning",TRUE,16848000,27.8571428571429,2029-02-12,TRUE,568,81.1428571428571,2030-09-03,TRUE,22377600,37,2031-05-20
"726",10.5,"Wind Onshore",2958,2028-09-01,3,"Completed","Planning",TRUE,21254400,35.1428571428571,2029-05-05,TRUE,2251,321.571428571429,2035-07-04,TRUE,32745600,54.1428571428571,2036-07-17
"727",13.8,"Wind Onshore",4564,2028-09-01,3,"Completed","Planning",FALSE,50025600,82.7142857142857,2030-04-03,TRUE,2308,329.714285714286,2036-07-28,TRUE,15638400,25.8571428571429,2037-01-25
"728",4.1,"Solar Photovoltaics",6325,2028-09-01,3,"Completed","Planning",TRUE,57542400,95.1428571428572,2030-06-29,TRUE,272,38.8571428571429,2031-03-28,TRUE,18316800,30.2857142857143,2031-10-26
"729",0.7,"Wind Onshore",7367,2028-10-01,3,"Completed","Planning",TRUE,97632000,161.428571428571,2031-11-05,TRUE,422,60.2857142857143,2032-12-31,TRUE,34300800,56.7142857142857,2034-02-01
"730",0.6,"Wind Onshore",17257,2028-10-01,3,"Completed","Planning",TRUE,69724800,115.285714285714,2030-12-17,TRUE,1659,237,2035-07-03,TRUE,28857600,47.7142857142857,2036-06-01
"731",6.5,"Solar Photovoltaics",1789,2028-10-01,3,"Completed","Planning",TRUE,5443200,9,2028-12-03,TRUE,130,18.5714285714286,2029-04-12,TRUE,5616000,9.28571428571429,2029-06-16
"732",46.8,"Wind Onshore",7406,2028-11-01,3,"Completed","Planning",TRUE,29721600,49.1428571428571,2029-10-11,TRUE,1895,270.714285714286,2034-12-19,TRUE,15638400,25.8571428571429,2035-06-18
"733",9,"Wind Onshore",6187,2028-11-01,3,"Completed","Planning",FALSE,146966400,243,2033-06-29,TRUE,1039,148.428571428571,2036-05-03,TRUE,38534400,63.7142857142857,2037-07-23
"734",29.9,"Solar Photovoltaics",16337,2028-11-01,3,"Completed","Planning",TRUE,9936000,16.4285714285714,2029-02-24,TRUE,261,37.2857142857143,2029-11-12,TRUE,2419200,4,2029-12-10
"735",0.3,"Wind Onshore",7633,2028-12-01,3,"Completed","Planning",TRUE,9072000,15,2029-03-16,TRUE,825,117.857142857143,2031-06-19,TRUE,28857600,47.7142857142857,2032-05-18
"736",25,"Solar Photovoltaics",5967,2028-12-01,3,"Completed","Planning",TRUE,21513600,35.5714285714286,2029-08-07,TRUE,779,111.285714285714,2031-09-25,TRUE,5702400,9.42857142857143,2031-11-30
"737",10,"Wind Onshore",4216,2029-01-01,3,"Completed","Planning",TRUE,62294400,103,2030-12-23,TRUE,40,5.71428571428571,2031-02-01,TRUE,16588800,27.4285714285714,2031-08-12
"738",0.25,"Wind Onshore",16453,2029-01-01,3,"Completed","Planning",TRUE,50284800,83.1428571428572,2030-08-06,TRUE,422,60.2857142857143,2031-10-02,TRUE,16588800,27.4285714285714,2032-04-11
"739",13.8,"Wind Onshore",4564,2029-01-01,3,"Completed","Planning",TRUE,149817600,247.714285714286,2033-10-01,TRUE,1558,222.571428571429,2038-01-06,TRUE,41299200,68.2857142857143,2039-04-29
"740",6,"Solar Photovoltaics",4724,2029-01-01,3,"Completed","Planning",TRUE,20822400,34.4285714285714,2029-08-30,TRUE,513,73.2857142857143,2031-01-25,TRUE,2419200,4,2031-02-22
"741",6.5,"Solar Photovoltaics",1789,2029-01-01,3,"Completed","Planning",TRUE,40435200,66.8571428571429,2030-04-14,TRUE,568,81.1428571428571,2031-11-03,TRUE,5097600,8.42857142857143,2032-01-01
"742",0.85,"Wind Onshore",14130,2029-02-01,3,"Completed","Planning",TRUE,118195200,195.428571428571,2032-10-31,FALSE,3297,471,2041-11-10,TRUE,41644800,68.8571428571429,2043-03-07
"743",NA,"Wind Onshore",15346,2029-02-01,3,"Completed","Planning",TRUE,68688000,113.571428571429,2031-04-07,TRUE,1039,148.428571428571,2034-02-09,TRUE,32745600,54.1428571428571,2035-02-23
"744",0.9,"Wind Onshore",13670,2029-02-01,3,"Completed","Planning",TRUE,30153600,49.8571428571429,2030-01-16,FALSE,2308,329.714285714286,2036-05-12,TRUE,68688000,113.571428571429,2038-07-16
"745",1.3,"Solar Photovoltaics",5000,2029-02-01,3,"Completed","Planning",FALSE,25488000,42.1428571428571,2029-11-23,TRUE,495,70.7142857142857,2031-04-02,TRUE,5270400,8.71428571428572,2031-06-02
"746",5.9,"Solar Photovoltaics",4884,2029-02-01,3,"Completed","Planning",FALSE,12182400,20.1428571428571,2029-06-22,TRUE,272,38.8571428571429,2030-03-21,TRUE,12960000,21.4285714285714,2030-08-18
"747",NA,"Wind Onshore",8200,2029-03-01,3,"Completed","Planning",FALSE,35942400,59.4285714285714,2030-04-21,TRUE,1618,231.142857142857,2034-09-25,TRUE,37584000,62.1428571428571,2035-12-04
"748",10,"Wind Onshore",4216,2029-03-01,3,"Completed","Planning",TRUE,25315200,41.8571428571429,2029-12-19,FALSE,398,56.8571428571429,2031-01-21,TRUE,8726400,14.4285714285714,2031-05-02
"749",0.2,"Wind Onshore",7544,2029-03-01,3,"Completed","Planning",TRUE,126403200,209,2033-03-03,TRUE,1039,148.428571428571,2036-01-06,TRUE,36892800,61,2037-03-08
"750",4.9,"Solar Photovoltaics",5852,2029-03-01,3,"Completed","Planning",TRUE,20304000,33.5714285714286,2029-10-22,FALSE,261,37.2857142857143,2030-07-10,TRUE,27648000,45.7142857142857,2031-05-26
"751",25,"Solar Photovoltaics",6024,2029-03-01,3,"Completed","Planning",TRUE,30672000,50.7142857142857,2030-02-19,TRUE,486,69.4285714285714,2031-06-20,TRUE,5702400,9.42857142857143,2031-08-25
"752",NA,"Wind Onshore",16349,2029-04-01,3,"Completed","Planning",TRUE,20822400,34.4285714285714,2029-11-28,TRUE,986,140.857142857143,2032-08-10,TRUE,28944000,47.8571428571429,2033-07-11
"753",30,"Wind Onshore",4151,2029-04-01,3,"Completed","Planning",TRUE,146620800,242.428571428571,2033-11-23,TRUE,1542,220.285714285714,2038-02-12,TRUE,32745600,54.1428571428571,2039-02-26
"754",5.1,"Solar Photovoltaics",2371,2029-04-01,3,"Completed","Planning",TRUE,12182400,20.1428571428571,2029-08-20,FALSE,683,97.5714285714286,2031-07-04,TRUE,5788800,9.57142857142857,2031-09-09
"755",18.8,"Wind Onshore",4054,2029-05-01,3,"Completed","Planning",FALSE,49593600,82,2030-11-26,TRUE,987,141,2033-08-09,TRUE,15638400,25.8571428571429,2034-02-06
"756",0.4,"Wind Onshore",8422,2029-05-01,3,"Completed","Planning",TRUE,129254400,213.714285714286,2033-06-05,TRUE,3281,468.714285714286,2042-05-30,TRUE,54259200,89.7142857142857,2044-02-17
"757",6.5,"Solar Photovoltaics",2324,2029-05-01,3,"Completed","Planning",TRUE,40435200,66.8571428571429,2030-08-12,TRUE,401,57.2857142857143,2031-09-17,TRUE,22809600,37.7142857142857,2032-06-07
"758",NA,"Wind Onshore",16353,2029-06-01,3,"Completed","Planning",TRUE,30153600,49.8571428571429,2030-05-16,TRUE,239,34.1428571428571,2031-01-10,TRUE,23673600,39.1428571428571,2031-10-11
"759",6,"Wind Onshore",4282,2029-06-01,3,"Completed","Planning",TRUE,100915200,166.857142857143,2032-08-12,TRUE,3267,466.714285714286,2041-07-23,TRUE,50716800,83.8571428571429,2043-03-02
"760",0.15,"Solar Photovoltaics",15229,2029-06-01,3,"Completed","Planning",TRUE,36806400,60.8571428571429,2030-08-01,TRUE,495,70.7142857142857,2031-12-09,TRUE,10281600,17,2032-04-06
"761",3,"Solar Photovoltaics",6292,2029-06-01,3,"Completed","Planning",TRUE,26006400,43,2030-03-29,TRUE,486,69.4285714285714,2031-07-28,TRUE,6307200,10.4285714285714,2031-10-09
"762",22.8,"Wind Onshore",4673,2029-07-01,3,"Completed","Planning",TRUE,98755200,163.285714285714,2032-08-17,TRUE,687,98.1428571428571,2034-07-05,TRUE,38534400,63.7142857142857,2035-09-24
"763",4.6,"Wind Onshore",3680,2029-07-01,3,"Completed","Planning",TRUE,29721600,49.1428571428571,2030-06-10,TRUE,1623,231.857142857143,2034-11-19,TRUE,38534400,63.7142857142857,2036-02-08
"764",8.5,"Solar Photovoltaics",5952,2029-07-01,3,"Completed","Planning",TRUE,14601600,24.1428571428571,2029-12-17,TRUE,563,80.4285714285714,2031-07-03,TRUE,8640000,14.2857142857143,2031-10-11
"765",6.5,"Solar Photovoltaics",2324,2029-07-01,3,"Completed","Planning",TRUE,16416000,27.1428571428571,2030-01-07,FALSE,683,97.5714285714286,2031-11-21,TRUE,8640000,14.2857142857143,2032-02-29
"766",0.3,"Wind Onshore",7603,2029-08-01,3,"Completed","Planning",FALSE,166838400,275.857142857143,2034-11-14,FALSE,825,117.857142857143,2037-02-16,TRUE,15811200,26.1428571428571,2037-08-18
"767",NA,"Wind Onshore",18147,2029-08-01,3,"Completed","Planning",TRUE,140918400,233,2034-01-18,TRUE,1623,231.857142857143,2038-06-29,TRUE,0,0,2038-06-29
"768",1.5,"Wind Onshore",7213,2029-08-01,3,"Completed","Planning",TRUE,40953600,67.7142857142857,2030-11-18,TRUE,1620,231.428571428571,2035-04-26,TRUE,0,0,2035-04-26
"769",1,"Solar Photovoltaics",14123,2029-08-01,3,"Completed","Planning",FALSE,8467200,14,2029-11-07,TRUE,261,37.2857142857143,2030-07-26,TRUE,12960000,21.4285714285714,2030-12-23
"770",6,"Solar Photovoltaics",5085,2029-08-01,3,"Completed","Planning",TRUE,30672000,50.7142857142857,2030-07-22,FALSE,495,70.7142857142857,2031-11-29,TRUE,20217600,33.4285714285714,2032-07-20
"771",2,"Wind Onshore",4812,2029-09-01,3,"Completed","Planning",TRUE,65318400,108,2031-09-27,TRUE,1895,270.714285714286,2036-12-04,TRUE,41299200,68.2857142857143,2038-03-27
"772",0.6,"Wind Onshore",15438,2029-09-01,3,"Completed","Planning",TRUE,27043200,44.7142857142857,2030-07-11,TRUE,1141,163,2033-08-25,TRUE,12614400,20.8571428571429,2034-01-18
"773",13.8,"Wind Onshore",2716,2029-09-01,3,"Completed","Planning",TRUE,15292800,25.2857142857143,2030-02-25,FALSE,932,133.142857142857,2032-09-14,TRUE,31536000,52.1428571428571,2033-09-14
"774",5,"Solar Photovoltaics",5205,2029-09-01,3,"Completed","Planning",TRUE,8467200,14,2029-12-08,TRUE,420,60,2031-02-01,TRUE,5616000,9.28571428571429,2031-04-07
"775",0.25,"Wind Onshore",8869,2029-10-01,3,"Completed","Planning",FALSE,5702400,9.42857142857143,2029-12-06,TRUE,2150,307.142857142857,2035-10-26,TRUE,15638400,25.8571428571429,2036-04-24
"776",6,"Wind Onshore",4282,2029-10-01,3,"Completed","Planning",FALSE,11491200,19,2030-02-11,FALSE,1618,231.142857142857,2034-07-18,TRUE,32745600,54.1428571428571,2035-08-01
"777",4.9,"Solar Photovoltaics",5852,2029-10-01,3,"Completed","Planning",FALSE,22636800,37.4285714285714,2030-06-20,TRUE,261,37.2857142857143,2031-03-08,TRUE,5788800,9.57142857142857,2031-05-14
"778",54,"Wind Onshore",4504,2029-11-01,3,"Completed","Planning",TRUE,96854400,160.142857142857,2032-11-26,FALSE,2339,334.142857142857,2039-04-23,TRUE,37584000,62.1428571428571,2040-07-01
"779",NA,"Wind Onshore",17425,2029-11-01,3,"Completed","Planning",TRUE,78192000,129.285714285714,2032-04-24,TRUE,818,116.857142857143,2034-07-21,TRUE,37584000,62.1428571428571,2035-09-29
"780",50,"Solar Photovoltaics",6012,2029-11-01,3,"Completed","Planning",FALSE,29116800,48.1428571428571,2030-10-04,TRUE,563,80.4285714285714,2032-04-19,TRUE,2419200,4,2032-05-17
"781",2.5,"Solar Photovoltaics",16454,2029-11-01,3,"Completed","Planning",TRUE,22636800,37.4285714285714,2030-07-21,TRUE,486,69.4285714285714,2031-11-19,TRUE,18316800,30.2857142857143,2032-06-18
"782",21,"Wind Onshore",3969,2029-12-01,3,"Completed","Planning",TRUE,23932800,39.5714285714286,2030-09-04,TRUE,2646,378,2037-12-02,TRUE,28857600,47.7142857142857,2038-11-01
"783",2,"Wind Onshore",4812,2029-12-01,3,"Completed","Planning",TRUE,29721600,49.1428571428571,2030-11-10,TRUE,1620,231.428571428571,2035-04-18,TRUE,41126400,68,2036-08-06
"784",NA,"Solar Photovoltaics",16715,2029-12-01,3,"Completed","Planning",TRUE,29116800,48.1428571428571,2030-11-03,TRUE,401,57.2857142857143,2031-12-09,TRUE,6307200,10.4285714285714,2032-02-20
"785",NA,"Wind Onshore",16353,2030-01-01,3,"Completed","Planning",TRUE,18403200,30.4285714285714,2030-08-02,TRUE,987,141,2033-04-15,TRUE,65232000,107.857142857143,2035-05-10
"786",15,"Wind Onshore",4156,2030-01-01,3,"Completed","Planning",TRUE,14083200,23.2857142857143,2030-06-13,TRUE,2339,334.142857142857,2036-11-07,TRUE,36892800,61,2038-01-08
"787",20.7,"Wind Onshore",6096,2030-01-01,3,"Completed","Planning",FALSE,31622400,52.2857142857143,2031-01-02,TRUE,1406,200.857142857143,2034-11-08,TRUE,36201600,59.8571428571429,2036-01-01
"788",12.1,"Wind Onshore",3599,2030-01-01,3,"Completed","Planning",TRUE,108691200,179.714285714286,2033-06-12,TRUE,303,43.2857142857143,2034-04-11,TRUE,26265600,43.4285714285714,2035-02-09
"789",25,"Solar Photovoltaics",5967,2030-01-01,3,"Completed","Planning",FALSE,20217600,33.4285714285714,2030-08-23,TRUE,495,70.7142857142857,2031-12-31,TRUE,22809600,37.7142857142857,2032-09-20
"790",27.6,"Wind Onshore",4652,2030-02-01,3,"Completed","Planning",FALSE,87091200,144,2032-11-05,TRUE,1406,200.857142857143,2036-09-11,TRUE,65232000,107.857142857143,2038-10-06
"791",21,"Wind Onshore",3969,2030-02-01,3,"Completed","Planning",TRUE,25315200,41.8571428571429,2030-11-21,TRUE,1549,221.285714285714,2035-02-17,TRUE,54259200,89.7142857142857,2036-11-06
"792",0.2,"Wind Onshore",18445,2030-02-01,3,"Completed","Planning",FALSE,13564800,22.4285714285714,2030-07-08,TRUE,932,133.142857142857,2033-01-25,TRUE,31536000,52.1428571428571,2034-01-25
"793",0.3,"Wind Onshore",8126,2030-02-01,3,"Completed","Planning",TRUE,23932800,39.5714285714286,2030-11-05,FALSE,1542,220.285714285714,2035-01-25,TRUE,16588800,27.4285714285714,2035-08-05
"794",6.4,"Solar Photovoltaics",5977,2030-02-01,3,"Completed","Planning",TRUE,4924800,8.14285714285714,2030-03-30,TRUE,494,70.5714285714286,2031-08-06,TRUE,8899200,14.7142857142857,2031-11-17
"795",6.7,"Solar Photovoltaics",5463,2030-02-01,3,"Completed","Planning",TRUE,12528000,20.7142857142857,2030-06-26,TRUE,513,73.2857142857143,2031-11-21,TRUE,22809600,37.7142857142857,2032-08-11
"796",0.3,"Wind Onshore",7289,2030-03-01,3,"Completed","Planning",TRUE,136425600,225.571428571429,2034-06-27,TRUE,403,57.5714285714286,2035-08-04,TRUE,7862400,13,2035-11-03
"797",1,"Wind Onshore",3678,2030-03-01,3,"Completed","Planning",TRUE,166838400,275.857142857143,2035-06-14,TRUE,3267,466.714285714286,2044-05-24,TRUE,26265600,43.4285714285714,2045-03-24
"798",12,"Wind Onshore",4143,2030-03-01,3,"Completed","Planning",TRUE,83548800,138.142857142857,2032-10-23,TRUE,1740,248.571428571429,2037-07-29,TRUE,34300800,56.7142857142857,2038-08-30
"799",0.25,"Wind Onshore",13993,2030-03-01,3,"Completed","Planning",TRUE,16675200,27.5714285714286,2030-09-10,TRUE,3297,471,2039-09-20,TRUE,68688000,113.571428571429,2041-11-23
"800",10.9,"Solar Photovoltaics",5439,2030-03-01,3,"Completed","Planning",TRUE,12182400,20.1428571428571,2030-07-20,TRUE,513,73.2857142857143,2031-12-15,TRUE,20217600,33.4285714285714,2032-08-05
"801",NA,"Solar Photovoltaics",14126,2030-03-01,3,"Completed","Planning",TRUE,12182400,20.1428571428571,2030-07-20,TRUE,420,60,2031-09-13,TRUE,8899200,14.7142857142857,2031-12-25
"802",NA,"Wind Onshore",16547,2030-04-01,3,"Completed","Planning",TRUE,30153600,49.8571428571429,2031-03-16,TRUE,2251,321.571428571429,2037-05-14,TRUE,50716800,83.8571428571429,2038-12-22
"803",0.3,"Wind Onshore",7445,2030-04-01,3,"Completed","Planning",TRUE,5356800,8.85714285714286,2030-06-02,TRUE,1182,168.857142857143,2033-08-27,TRUE,50716800,83.8571428571429,2035-04-06
"804",0.3,"Wind Onshore",7784,2030-04-01,3,"Completed","Planning",TRUE,69724800,115.285714285714,2032-06-16,TRUE,1182,168.857142857143,2035-09-11,TRUE,29635200,49,2036-08-19
"805",1,"Solar Photovoltaics",6105,2030-04-01,3,"Completed","Planning",TRUE,25488000,42.1428571428571,2031-01-21,TRUE,528,75.4285714285714,2032-07-02,TRUE,9849600,16.2857142857143,2032-10-24
"806",50,"Solar Photovoltaics",6012,2030-04-01,3,"Completed","Planning",TRUE,21513600,35.5714285714286,2030-12-06,FALSE,261,37.2857142857143,2031-08-24,TRUE,6307200,10.4285714285714,2031-11-05
"807",0.25,"Wind Onshore",14115,2030-05-01,3,"Completed","Planning",TRUE,91324800,151,2033-03-23,TRUE,1620,231.428571428571,2037-08-29,TRUE,31536000,52.1428571428571,2038-08-29
"808",9,"Wind Onshore",3113,2030-05-01,3,"Completed","Planning",TRUE,49593600,82,2031-11-26,TRUE,2646,378,2039-02-23,TRUE,15811200,26.1428571428571,2039-08-25
"809",NA,"Wind Onshore",17426,2030-05-01,3,"Completed","Planning",FALSE,9763200,16.1428571428571,2030-08-22,TRUE,752,107.428571428571,2032-09-12,TRUE,59356800,98.1428571428572,2034-07-31
"810",0.7,"Solar Photovoltaics",17115,2030-05-01,3,"Completed","Planning",TRUE,8467200,14,2030-08-07,TRUE,272,38.8571428571429,2031-05-06,TRUE,20217600,33.4285714285714,2031-12-26
"811",NA,"Solar Photovoltaics",17417,2030-05-01,3,"Completed","Planning",FALSE,9676800,16,2030-08-21,TRUE,563,80.4285714285714,2032-03-06,TRUE,22377600,37,2032-11-20
"812",NA,"Wind Onshore",16450,2030-06-01,3,"Completed","Planning",FALSE,142041600,234.857142857143,2034-12-01,TRUE,1141,163,2038-01-15,TRUE,41644800,68.8571428571429,2039-05-12
"813",4.8,"Wind Onshore",6646,2030-06-01,3,"Completed","Planning",FALSE,146966400,243,2035-01-27,FALSE,414,59.1428571428571,2036-03-16,TRUE,15811200,26.1428571428571,2036-09-15
"814",16.1,"Wind Onshore",4325,2030-06-01,3,"Completed","Planning",FALSE,119750400,198,2034-03-18,TRUE,66,9.42857142857143,2034-05-23,TRUE,28944000,47.8571428571429,2035-04-23
"815",4.99,"Solar Photovoltaics",18205,2030-06-01,3,"Completed","Planning",TRUE,26006400,43,2031-03-29,TRUE,603,86.1428571428571,2032-11-21,TRUE,22809600,37.7142857142857,2033-08-12
"816",4.8,"Solar Photovoltaics",1296,2030-06-01,3,"Completed","Planning",TRUE,16070400,26.5714285714286,2030-12-04,FALSE,486,69.4285714285714,2032-04-03,TRUE,6307200,10.4285714285714,2032-06-15
"817",25,"Wind Onshore",3326,2030-07-01,3,"Completed","Planning",TRUE,32054400,53,2031-07-07,FALSE,630,90,2033-03-28,TRUE,50716800,83.8571428571429,2034-11-05
"818",10,"Wind Onshore",7640,2030-07-01,3,"Completed","Planning",TRUE,32832000,54.2857142857143,2031-07-16,TRUE,2159,308.428571428571,2037-06-13,TRUE,43286400,71.5714285714286,2038-10-27
"819",0.3,"Wind Onshore",6801,2030-07-01,3,"Completed","Planning",TRUE,304992000,504.285714285714,2040-02-29,TRUE,1549,221.285714285714,2044-05-27,TRUE,34732800,57.4285714285714,2045-07-03
"820",1,"Solar Photovoltaics",14123,2030-07-01,3,"Completed","Planning",TRUE,26006400,43,2031-04-28,TRUE,563,80.4285714285714,2032-11-11,TRUE,6825600,11.2857142857143,2033-01-29
"821",7,"Solar Photovoltaics",5331,2030-07-01,3,"Completed","Planning",TRUE,5356800,8.85714285714286,2030-09-01,TRUE,313,44.7142857142857,2031-07-11,TRUE,6307200,10.4285714285714,2031-09-22
"822",0.15,"Wind Onshore",8431,2030-08-01,3,"Completed","Planning",FALSE,42249600,69.8571428571429,2031-12-03,FALSE,736,105.142857142857,2033-12-08,TRUE,59356800,98.1428571428572,2035-10-26
"823",12,"Wind Onshore",4143,2030-08-01,3,"Completed","Planning",TRUE,108691200,179.714285714286,2034-01-10,TRUE,860,122.857142857143,2036-05-19,TRUE,21427200,35.4285714285714,2037-01-22
"824",12.5,"Wind Onshore",4559,2030-08-01,3,"Completed","Planning",FALSE,9590400,15.8571428571429,2030-11-20,TRUE,403,57.5714285714286,2031-12-28,TRUE,37584000,62.1428571428571,2033-03-07
"825",3.8,"Solar Photovoltaics",1350,2030-08-01,3,"Completed","Planning",TRUE,20217600,33.4285714285714,2031-03-23,TRUE,683,97.5714285714286,2033-02-03,TRUE,5616000,9.28571428571429,2033-04-09
"826",25.2,"Solar Photovoltaics",5443,2030-08-01,3,"Completed","Planning",TRUE,9936000,16.4285714285714,2030-11-24,TRUE,261,37.2857142857143,2031-08-12,TRUE,20217600,33.4285714285714,2032-04-02
"827",0.9,"Wind Onshore",13670,2030-09-01,3,"Completed","Planning",FALSE,129254400,213.714285714286,2034-10-06,TRUE,1039,148.428571428571,2037-08-10,TRUE,5270400,8.71428571428572,2037-10-10
"828",NA,"Wind Onshore",8262,2030-09-01,3,"Completed","Planning",TRUE,19353600,32,2031-04-13,FALSE,3281,468.714285714286,2040-04-06,TRUE,32140800,53.1428571428571,2041-04-13
"829",10.9,"Solar Photovoltaics",5439,2030-09-01,3,"Completed","Planning",FALSE,17020800,28.1428571428571,2031-03-17,TRUE,646,92.2857142857143,2032-12-22,TRUE,5616000,9.28571428571429,2033-02-25
"830",18,"Solar Photovoltaics",6506,2030-09-01,3,"Completed","Planning",TRUE,12787200,21.1428571428571,2031-01-27,TRUE,603,86.1428571428571,2032-09-21,TRUE,22377600,37,2033-06-07
"831",0.3,"Wind Onshore",7964,2030-10-01,3,"Completed","Planning",TRUE,165456000,273.571428571429,2035-12-29,TRUE,403,57.5714285714286,2037-02-04,TRUE,44323200,73.2857142857143,2038-07-02
"832",17.5,"Wind Onshore",4621,2030-10-01,3,"Completed","Planning",FALSE,14774400,24.4285714285714,2031-03-21,TRUE,860,122.857142857143,2033-07-28,TRUE,33609600,55.5714285714286,2034-08-21
"833",5,"Solar Photovoltaics",5203,2030-10-01,3,"Completed","Planning",TRUE,30672000,50.7142857142857,2031-09-21,TRUE,495,70.7142857142857,2033-01-28,TRUE,18316800,30.2857142857143,2033-08-28
"834",10.9,"Solar Photovoltaics",5439,2030-10-01,3,"Completed","Planning",TRUE,8467200,14,2031-01-07,TRUE,683,97.5714285714286,2032-11-20,TRUE,8640000,14.2857142857143,2033-02-28
"835",NA,"Wind Onshore",14128,2030-11-01,3,"Completed","Planning",FALSE,125452800,207.428571428571,2034-10-23,TRUE,1141,163,2037-12-07,TRUE,36892800,61,2039-02-07
"836",15,"Wind Onshore",3933,2030-11-01,3,"Completed","Planning",FALSE,4233600,7,2030-12-20,FALSE,2251,321.571428571429,2037-02-17,TRUE,36892800,61,2038-04-20
"837",4.9,"Solar Photovoltaics",5852,2030-11-01,3,"Completed","Planning",TRUE,10368000,17.1428571428571,2031-03-01,TRUE,503,71.8571428571428,2032-07-16,TRUE,20217600,33.4285714285714,2033-03-07
"838",8.5,"Solar Photovoltaics",5952,2030-11-01,3,"Completed","Planning",TRUE,20217600,33.4285714285714,2031-06-23,TRUE,779,111.285714285714,2033-08-10,TRUE,20217600,33.4285714285714,2034-04-01
"839",0.3,"Wind Onshore",7603,2030-12-01,3,"Completed","Planning",FALSE,41644800,68.8571428571429,2032-03-27,TRUE,630,90,2033-12-17,TRUE,68688000,113.571428571429,2036-02-20
"840",13.8,"Wind Onshore",3934,2030-12-01,3,"Completed","Planning",TRUE,35942400,59.4285714285714,2032-01-21,TRUE,818,116.857142857143,2034-04-18,TRUE,21427200,35.4285714285714,2034-12-22
"841",28.5,"Wind Onshore",4795,2030-12-01,3,"Completed","Planning",TRUE,38188800,63.1428571428571,2032-02-16,TRUE,1141,163,2035-04-02,TRUE,54259200,89.7142857142857,2036-12-20
"842",0.2,"Solar Photovoltaics",7903,2030-12-01,3,"Completed","Planning",TRUE,30672000,50.7142857142857,2031-11-21,TRUE,387,55.2857142857143,2032-12-12,TRUE,22377600,37,2033-08-28
"843",0.3,"Solar Photovoltaics",16620,2030-12-01,3,"Completed","Planning",TRUE,10022400,16.5714285714286,2031-03-27,TRUE,495,70.7142857142857,2032-08-03,TRUE,2419200,4,2032-08-31
"844",9.2,"Wind Onshore",6186,2031-01-01,3,"Completed","Planning",TRUE,30153600,49.8571428571429,2031-12-16,TRUE,987,141,2034-08-29,TRUE,68688000,113.571428571429,2036-11-01
"845",NA,"Wind Onshore",18443,2031-01-01,3,"Completed","Planning",TRUE,15033600,24.8571428571429,2031-06-24,TRUE,1466,209.428571428571,2035-06-29,TRUE,65232000,107.857142857143,2037-07-23
"846",0.25,"Wind Onshore",8258,2031-01-01,3,"Completed","Planning",TRUE,32054400,53,2032-01-07,TRUE,1549,221.285714285714,2036-04-04,TRUE,5356800,8.85714285714286,2036-06-05
"847",0.2,"Wind Onshore",7743,2031-01-01,3,"Completed","Planning",TRUE,137635200,227.571428571429,2035-05-13,FALSE,3267,466.714285714286,2044-04-22,TRUE,32745600,54.1428571428571,2045-05-06
"848",6.9,"Wind Onshore",3962,2031-01-01,3,"Completed","Planning",FALSE,129254400,213.714285714286,2035-02-05,TRUE,1595,227.857142857143,2039-06-19,TRUE,5270400,8.71428571428572,2039-08-19
"849",25.2,"Solar Photovoltaics",5443,2031-01-01,3,"Completed","Planning",TRUE,20995200,34.7142857142857,2031-09-01,TRUE,879,125.571428571429,2034-01-27,TRUE,5097600,8.42857142857143,2034-03-27
"850",1,"Solar Photovoltaics",7744,2031-01-01,3,"Completed","Planning",FALSE,20995200,34.7142857142857,2031-09-01,TRUE,130,18.5714285714286,2032-01-09,TRUE,9849600,16.2857142857143,2032-05-02
"851",0.25,"Wind Onshore",8194,2031-02-01,3,"Completed","Planning",FALSE,43545600,72,2032-06-19,TRUE,3267,466.714285714286,2041-05-30,TRUE,32745600,54.1428571428571,2042-06-13
"852",0.2,"Wind Onshore",8077,2031-02-01,3,"Completed","Planning",TRUE,7084800,11.7142857142857,2031-04-24,TRUE,1595,227.857142857143,2035-09-05,TRUE,41299200,68.2857142857143,2036-12-26
"853",2.3,"Wind Onshore",5087,2031-02-01,3,"Completed","Planning",TRUE,56851200,94,2032-11-20,TRUE,947,135.285714285714,2035-06-25,TRUE,30067200,49.7142857142857,2036-06-07
"854",4.8,"Wind Onshore",6646,2031-02-01,3,"Completed","Planning",TRUE,23760000,39.2857142857143,2031-11-03,TRUE,1620,231.428571428571,2036-04-10,TRUE,15638400,25.8571428571429,2036-10-08
"855",2.3,"Wind Onshore",2830,2031-02-01,3,"Completed","Planning",TRUE,60134400,99.4285714285714,2032-12-28,TRUE,1466,209.428571428571,2037-01-02,TRUE,68688000,113.571428571429,2039-03-08
"856",4.9,"Solar Photovoltaics",5852,2031-02-01,3,"Completed","Planning",TRUE,20304000,33.5714285714286,2031-09-24,TRUE,420,60,2032-11-17,TRUE,5616000,9.28571428571429,2033-01-21
"857",6.5,"Solar Photovoltaics",5450,2031-02-01,3,"Completed","Planning",TRUE,20822400,34.4285714285714,2031-09-30,TRUE,494,70.5714285714286,2033-02-05,TRUE,5270400,8.71428571428572,2033-04-07
"858",39.6,"Wind Onshore",5222,2031-03-01,3,"Completed","Planning",FALSE,304992000,504.285714285714,2040-10-29,TRUE,1740,248.571428571429,2045-08-04,TRUE,12614400,20.8571428571429,2045-12-28
"859",1.5,"Wind Onshore",7213,2031-03-01,3,"Completed","Planning",TRUE,42076800,69.5714285714286,2032-06-30,TRUE,1182,168.857142857143,2035-09-25,TRUE,34732800,57.4285714285714,2036-10-31
"860",0.25,"Wind Onshore",8231,2031-03-01,3,"Completed","Planning",TRUE,59184000,97.8571428571429,2033-01-14,TRUE,1895,270.714285714286,2038-03-24,TRUE,19612800,32.4285714285714,2038-11-06
"861",23.1,"Wind Onshore",4561,2031-03-01,3,"Completed","Planning",FALSE,43200000,71.4285714285714,2032-07-13,TRUE,1691,241.571428571429,2037-02-28,TRUE,36806400,60.8571428571429,2038-04-30
"862",0.3,"Wind Onshore",7289,2031-03-01,3,"Completed","Planning",TRUE,91584000,151.428571428571,2034-01-24,TRUE,1895,270.714285714286,2039-04-03,TRUE,5356800,8.85714285714286,2039-06-04
"863",6.4,"Solar Photovoltaics",5977,2031-03-01,3,"Completed","Planning",TRUE,27993600,46.2857142857143,2032-01-19,TRUE,503,71.8571428571428,2033-06-05,TRUE,12960000,21.4285714285714,2033-11-02
"864",2,"Solar Photovoltaics",16445,2031-03-01,3,"Completed","Planning",TRUE,16070400,26.5714285714286,2031-09-03,TRUE,261,37.2857142857143,2032-05-21,TRUE,20217600,33.4285714285714,2033-01-10
"865",3.5,"Solar Photovoltaics",18060,2031-03-01,3,"Completed","Planning",TRUE,5356800,8.85714285714286,2031-05-02,TRUE,503,71.8571428571428,2032-09-16,TRUE,11318400,18.7142857142857,2033-01-25
"866",14,"Wind Onshore",8106,2031-04-01,3,"Completed","Planning",TRUE,42249600,69.8571428571429,2032-08-02,FALSE,687,98.1428571428571,2034-06-20,TRUE,30067200,49.7142857142857,2035-06-03
"867",0.3,"Wind Onshore",7545,2031-04-01,3,"Completed","Planning",TRUE,22723200,37.5714285714286,2031-12-20,TRUE,1895,270.714285714286,2037-02-26,TRUE,37584000,62.1428571428571,2038-05-07
"868",16.1,"Wind Onshore",4154,2031-04-01,3,"Completed","Planning",TRUE,7689600,12.7142857142857,2031-06-29,TRUE,40,5.71428571428571,2031-08-08,TRUE,59356800,98.1428571428572,2033-06-25
"869",0.25,"Wind Onshore",8258,2031-04-01,3,"Completed","Planning",TRUE,26179200,43.2857142857143,2032-01-29,TRUE,1889,269.857142857143,2037-04-01,TRUE,28944000,47.8571428571429,2038-03-02
"870",4.8,"Solar Photovoltaics",1523,2031-04-01,3,"Completed","Planning",TRUE,72057600,119.142857142857,2033-07-13,FALSE,313,44.7142857142857,2034-05-22,TRUE,6825600,11.2857142857143,2034-08-09
"871",29.9,"Solar Photovoltaics",16337,2031-04-01,3,"Completed","Planning",TRUE,40435200,66.8571428571429,2032-07-12,TRUE,486,69.4285714285714,2033-11-10,TRUE,4665600,7.71428571428571,2034-01-03
"872",1,"Solar Photovoltaics",6105,2031-04-01,3,"Completed","Planning",TRUE,25920000,42.8571428571429,2032-01-26,TRUE,486,69.4285714285714,2033-05-26,TRUE,5702400,9.42857142857143,2033-07-31
"873",0.3,"Wind Onshore",7778,2031-05-01,3,"Completed","Planning",FALSE,123120000,203.571428571429,2035-03-26,TRUE,1691,241.571428571429,2039-11-11,TRUE,41126400,68,2041-03-01
"874",0.225,"Wind Onshore",13666,2031-05-01,3,"Completed","Planning",FALSE,50025600,82.7142857142857,2032-11-30,FALSE,3297,471,2041-12-10,TRUE,56937600,94.1428571428572,2043-09-30
"875",5,"Wind Onshore",3103,2031-05-01,3,"Completed","Planning",TRUE,75254400,124.428571428571,2033-09-18,TRUE,773,110.428571428571,2035-10-31,TRUE,5356800,8.85714285714286,2036-01-01
"876",0.15,"Wind Onshore",8431,2031-05-01,3,"Completed","Planning",TRUE,18921600,31.2857142857143,2031-12-06,TRUE,1691,241.571428571429,2036-07-23,TRUE,14428800,23.8571428571429,2037-01-06
"877",4.8,"Solar Photovoltaics",1296,2031-05-01,3,"Completed","Planning",TRUE,36806400,60.8571428571429,2032-06-30,TRUE,503,71.8571428571428,2033-11-15,TRUE,5702400,9.42857142857143,2034-01-20
"878",6.5,"Solar Photovoltaics",1789,2031-05-01,3,"Completed","Planning",TRUE,9676800,16,2031-08-21,TRUE,420,60,2032-10-14,TRUE,2419200,4,2032-11-11
"879",0.9,"Wind Onshore",7415,2031-06-01,3,"Completed","Planning",TRUE,146793600,242.714285714286,2036-01-25,TRUE,630,90,2037-10-16,TRUE,44323200,73.2857142857143,2039-03-13
"880",0.85,"Wind Onshore",14130,2031-06-01,3,"Completed","Planning",TRUE,55209600,91.2857142857143,2033-03-01,TRUE,480,68.5714285714286,2034-06-24,TRUE,36892800,61,2035-08-25
"881",0.25,"Wind Onshore",9595,2031-06-01,3,"Completed","Planning",TRUE,38793600,64.1428571428571,2032-08-23,TRUE,1127,161,2035-09-24,TRUE,41126400,68,2037-01-12
"882",4.9,"Solar Photovoltaics",6121,2031-06-01,3,"Completed","Planning",FALSE,8467200,14,2031-09-07,TRUE,568,81.1428571428571,2033-03-28,TRUE,2419200,4,2033-04-25
"883",6,"Solar Photovoltaics",5085,2031-06-01,3,"Completed","Planning",FALSE,57542400,95.1428571428572,2033-03-28,FALSE,387,55.2857142857143,2034-04-19,TRUE,2419200,4,2034-05-17
"884",1,"Solar Photovoltaics",6105,2031-06-01,3,"Completed","Planning",TRUE,20304000,33.5714285714286,2032-01-22,FALSE,879,125.571428571429,2034-06-19,TRUE,2419200,4,2034-07-17
"885",9,"Wind Onshore",6187,2031-07-01,3,"Completed","Planning",TRUE,224121600,370.571428571429,2038-08-07,TRUE,239,34.1428571428571,2039-04-03,TRUE,28425600,47,2040-02-26
"886",0.15,"Wind Onshore",8431,2031-07-01,3,"Completed","Planning",TRUE,42076800,69.5714285714286,2032-10-30,TRUE,1039,148.428571428571,2035-09-04,TRUE,43286400,71.5714285714286,2037-01-17
"887",18.4,"Wind Onshore",4047,2031-07-01,3,"Completed","Planning",TRUE,267840000,442.857142857143,2039-12-26,TRUE,1182,168.857142857143,2043-03-22,TRUE,41644800,68.8571428571429,2044-07-16
"888",4.9,"Solar Photovoltaics",5852,2031-07-01,3,"Completed","Planning",FALSE,16848000,27.8571428571429,2032-01-12,TRUE,495,70.7142857142857,2033-05-21,TRUE,22377600,37,2034-02-04
"889",6.5,"Solar Photovoltaics",2324,2031-07-01,3,"Completed","Planning",TRUE,17020800,28.1428571428571,2032-01-14,FALSE,683,97.5714285714286,2033-11-27,TRUE,11318400,18.7142857142857,2034-04-07
"890",6.4,"Solar Photovoltaics",5977,2031-07-01,3,"Completed","Planning",FALSE,56160000,92.8571428571429,2033-04-11,TRUE,568,81.1428571428571,2034-10-31,TRUE,5616000,9.28571428571429,2035-01-04
"891",NA,"Wind Onshore",16349,2031-08-01,3,"Completed","Planning",FALSE,27302400,45.1428571428571,2032-06-12,TRUE,40,5.71428571428571,2032-07-22,TRUE,31536000,52.1428571428571,2033-07-22
"892",13.8,"Wind Onshore",4150,2031-08-01,3,"Completed","Planning",FALSE,116985600,193.428571428571,2035-04-16,FALSE,1069,152.714285714286,2038-03-20,TRUE,26352000,43.5714285714286,2039-01-19
"893",28.8,"Wind Onshore",13669,2031-08-01,3,"Completed","Planning",TRUE,21254400,35.1428571428571,2032-04-03,FALSE,1620,231.428571428571,2036-09-09,TRUE,32745600,54.1428571428571,2037-09-23
"894",4.8,"Solar Photovoltaics",1296,2031-08-01,3,"Completed","Planning",TRUE,9936000,16.4285714285714,2031-11-24,TRUE,387,55.2857142857143,2032-12-15,TRUE,27648000,45.7142857142857,2033-10-31
"895",21.8,"Solar Photovoltaics",5184,2031-08-01,3,"Completed","Planning",FALSE,9936000,16.4285714285714,2031-11-24,TRUE,879,125.571428571429,2034-04-21,TRUE,11318400,18.7142857142857,2034-08-30
"896",NA,"Wind Onshore",16450,2031-09-01,3,"Completed","Planning",FALSE,134697600,222.714285714286,2035-12-08,FALSE,986,140.857142857143,2038-08-20,TRUE,27388800,45.2857142857143,2039-07-03
"897",0.25,"Wind Onshore",13993,2031-09-01,3,"Completed","Planning",TRUE,126403200,209,2035-09-03,TRUE,1466,209.428571428571,2039-09-08,TRUE,15811200,26.1428571428571,2040-03-09
"898",6,"Wind Onshore",4282,2031-09-01,3,"Completed","Planning",TRUE,78192000,129.285714285714,2034-02-22,TRUE,773,110.428571428571,2036-04-05,TRUE,28944000,47.8571428571429,2037-03-06
"899",0.66,"Wind Onshore",13994,2031-09-01,3,"Completed","Planning",TRUE,99273600,164.142857142857,2034-10-24,TRUE,752,107.428571428571,2036-11-14,TRUE,28684800,47.4285714285714,2037-10-12
"900",NA,"Solar Photovoltaics",17468,2031-09-01,3,"Completed","Planning",TRUE,8467200,14,2031-12-08,TRUE,486,69.4285714285714,2033-04-07,TRUE,18316800,30.2857142857143,2033-11-05
"901",4.9,"Solar Photovoltaics",5852,2031-09-01,3,"Completed","Planning",TRUE,16070400,26.5714285714286,2032-03-05,FALSE,513,73.2857142857143,2033-07-31,TRUE,2419200,4,2033-08-28
"902",5,"Solar Photovoltaics",5205,2031-09-01,3,"Completed","Planning",TRUE,10022400,16.5714285714286,2031-12-26,TRUE,503,71.8571428571428,2033-05-12,TRUE,5097600,8.42857142857143,2033-07-10
"903",0.9,"Wind Onshore",7418,2031-10-01,3,"Completed","Planning",FALSE,16675200,27.5714285714286,2032-04-11,TRUE,303,43.2857142857143,2033-02-08,TRUE,26352000,43.5714285714286,2033-12-10
"904",NA,"Wind Onshore",8200,2031-10-01,3,"Completed","Planning",TRUE,22809600,37.7142857142857,2032-06-21,TRUE,1691,241.571428571429,2037-02-06,TRUE,30067200,49.7142857142857,2038-01-20
"905",0.25,"Wind Onshore",7635,2031-10-01,3,"Completed","Planning",TRUE,26179200,43.2857142857143,2032-07-30,TRUE,2308,329.714285714286,2038-11-24,TRUE,22636800,37.4285714285714,2039-08-13
"906",21.8,"Solar Photovoltaics",5184,2031-10-01,3,"Completed","Planning",TRUE,16416000,27.1428571428571,2032-04-08,TRUE,313,44.7142857142857,2033-02-15,TRUE,5788800,9.57142857142857,2033-04-23
"907",6,"Solar Photovoltaics",4724,2031-10-01,3,"Completed","Planning",TRUE,12787200,21.1428571428571,2032-02-26,TRUE,646,92.2857142857143,2033-12-03,TRUE,18316800,30.2857142857143,2034-07-03
"908",0.3,"Solar Photovoltaics",16620,2031-10-01,3,"Completed","Planning",TRUE,16070400,26.5714285714286,2032-04-04,TRUE,495,70.7142857142857,2033-08-12,TRUE,8899200,14.7142857142857,2033-11-23
"909",NA,"Wind Onshore",8871,2031-11-01,3,"Completed","Planning",TRUE,119923200,198.285714285714,2035-08-20,FALSE,640,91.4285714285714,2037-05-21,TRUE,44323200,73.2857142857143,2038-10-16
"910",0.9,"Wind Onshore",7415,2031-11-01,3,"Completed","Planning",TRUE,124848000,206.428571428571,2035-10-16,FALSE,630,90,2037-07-07,TRUE,28857600,47.7142857142857,2038-06-06
"911",24,"Wind Onshore",7491,2031-11-01,3,"Completed","Planning",TRUE,44064000,72.8571428571429,2033-03-25,TRUE,736,105.142857142857,2035-03-31,TRUE,59356800,98.1428571428572,2037-02-15
"912",6.5,"Solar Photovoltaics",1789,2031-11-01,3,"Completed","Planning",TRUE,12787200,21.1428571428571,2032-03-28,TRUE,503,71.8571428571428,2033-08-13,TRUE,27648000,45.7142857142857,2034-06-29
"913",6,"Solar Photovoltaics",5085,2031-11-01,3,"Completed","Planning",TRUE,16070400,26.5714285714286,2032-05-05,TRUE,420,60,2033-06-29,TRUE,8899200,14.7142857142857,2033-10-10
"914",18.4,"Wind Onshore",2957,2031-12-01,3,"Completed","Planning",TRUE,5356800,8.85714285714286,2032-02-01,TRUE,640,91.4285714285714,2033-11-02,TRUE,5356800,8.85714285714286,2034-01-03
"915",0.25,"Wind Onshore",8875,2031-12-01,3,"Completed","Planning",TRUE,54518400,90.1428571428572,2033-08-23,TRUE,2295,327.857142857143,2039-12-05,TRUE,14428800,23.8571428571429,2040-05-20
"916",28,"Wind Onshore",7489,2031-12-01,3,"Completed","Planning",TRUE,36806400,60.8571428571429,2033-01-30,TRUE,1182,168.857142857143,2036-04-26,TRUE,28684800,47.4285714285714,2037-03-24
"917",2.5,"Solar Photovoltaics",16454,2031-12-01,3,"Completed","Planning",TRUE,20217600,33.4285714285714,2032-07-22,FALSE,879,125.571428571429,2034-12-18,TRUE,27648000,45.7142857142857,2035-11-03
"918",13.5,"Solar Photovoltaics",2236,2031-12-01,3,"Completed","Planning",TRUE,12182400,20.1428571428571,2032-04-20,TRUE,494,70.5714285714286,2033-08-27,TRUE,5702400,9.42857142857143,2033-11-01
"919",0.225,"Wind Onshore",15365,2025-01-01,4,"Completed","Planning",TRUE,129254400,213.714285714286,2029-02-05,TRUE,66,9.42857142857143,2029-04-12,TRUE,41644800,68.8571428571429,2030-08-07
"920",NA,"Wind Onshore",18444,2025-01-01,4,"Completed","Planning",FALSE,35510400,58.7142857142857,2026-02-16,TRUE,1141,163,2029-04-02,TRUE,36201600,59.8571428571429,2030-05-26
"921",4.6,"Wind Onshore",3877,2025-01-01,4,"Completed","Planning",TRUE,53740800,88.8571428571429,2026-09-15,TRUE,3297,471,2035-09-25,TRUE,78883200,130.428571428571,2038-03-26
"922",0.85,"Wind Onshore",14130,2025-01-01,4,"Completed","Planning",TRUE,42681600,70.5714285714286,2026-05-10,TRUE,3281,468.714285714286,2035-05-04,TRUE,65232000,107.857142857143,2037-05-28
"923",0.25,"Wind Onshore",8273,2025-01-01,4,"Completed","Planning",FALSE,35510400,58.7142857142857,2026-02-16,TRUE,773,110.428571428571,2028-03-30,TRUE,15638400,25.8571428571429,2028-09-27
"924",5.6,"Wind Onshore",4283,2025-01-01,4,"Completed","Planning",TRUE,104630400,173,2028-04-26,TRUE,1659,237,2032-11-10,TRUE,12614400,20.8571428571429,2033-04-05
"925",1,"Solar Photovoltaics",14123,2025-01-01,4,"Completed","Planning",TRUE,16070400,26.5714285714286,2025-07-06,TRUE,420,60,2026-08-30,TRUE,5788800,9.57142857142857,2026-11-05
"926",4.2,"Wind Onshore",6739,2025-02-01,4,"Completed","Planning",TRUE,10972800,18.1428571428571,2025-06-08,TRUE,986,140.857142857143,2028-02-19,TRUE,28684800,47.4285714285714,2029-01-16
"927",28.5,"Wind Onshore",4795,2025-02-01,4,"Completed","Planning",TRUE,166838400,275.857142857143,2030-05-17,TRUE,736,105.142857142857,2032-05-22,TRUE,7862400,13,2032-08-21
"928",27.6,"Wind Onshore",4652,2025-02-01,4,"Completed","Planning",FALSE,16761600,27.7142857142857,2025-08-14,TRUE,630,90,2027-05-06,TRUE,23673600,39.1428571428571,2028-02-04
"929",NA,"Wind Onshore",17461,2025-02-01,4,"Completed","Planning",FALSE,124416000,205.714285714286,2029-01-11,TRUE,398,56.8571428571429,2030-02-13,TRUE,29548800,48.8571428571429,2031-01-21
"930",13.8,"Wind Onshore",3934,2025-02-01,4,"Completed","Planning",TRUE,146534400,242.285714285714,2029-09-24,TRUE,66,9.42857142857143,2029-11-29,TRUE,12614400,20.8571428571429,2030-04-24
"931",6,"Wind Onshore",5916,2025-02-01,4,"Completed","Planning",TRUE,195782400,323.714285714286,2031-04-17,FALSE,40,5.71428571428571,2031-05-27,TRUE,50716800,83.8571428571429,2033-01-03
"932",20,"Solar Photovoltaics",17260,2025-02-01,4,"Completed","Planning",TRUE,4924800,8.14285714285714,2025-03-30,TRUE,568,81.1428571428571,2026-10-19,TRUE,8899200,14.7142857142857,2027-01-30
"933",0.25,"Wind Onshore",9675,2025-03-01,4,"Completed","Planning",TRUE,17625600,29.1428571428571,2025-09-21,TRUE,825,117.857142857143,2027-12-25,TRUE,28857600,47.7142857142857,2028-11-23
"934",NA,"Wind Onshore",8200,2025-04-01,4,"Completed","Planning",TRUE,125798400,208,2029-03-27,TRUE,940,134.285714285714,2031-10-23,TRUE,36892800,61,2032-12-23
"935",2,"Wind Onshore",4920,2025-05-01,4,"Completed","Planning",FALSE,244944000,405,2033-02-03,TRUE,2251,321.571428571429,2039-04-04,TRUE,41299200,68.2857142857143,2040-07-25
"936",NA,"Wind Onshore",16349,2025-06-01,4,"Completed","Planning",TRUE,108691200,179.714285714286,2028-11-10,TRUE,1141,163,2031-12-26,TRUE,32745600,54.1428571428571,2033-01-08
"937",2,"Solar Photovoltaics",16583,2025-06-01,4,"Completed","Planning",TRUE,57542400,95.1428571428572,2027-03-29,TRUE,779,111.285714285714,2029-05-16,TRUE,5702400,9.42857142857143,2029-07-21
"938",NA,"Wind Onshore",14128,2025-07-01,4,"Completed","Planning",FALSE,5356800,8.85714285714286,2025-09-01,TRUE,66,9.42857142857143,2025-11-06,TRUE,21427200,35.4285714285714,2026-07-12
"939",NA,"Solar Photovoltaics",17417,2025-07-01,4,"Completed","Planning",FALSE,40435200,66.8571428571429,2026-10-12,TRUE,528,75.4285714285714,2028-03-23,TRUE,5270400,8.71428571428572,2028-05-23
"940",0.3,"Wind Onshore",7833,2025-08-01,4,"Completed","Planning",TRUE,71971200,119,2027-11-12,TRUE,825,117.857142857143,2030-02-14,TRUE,36806400,60.8571428571429,2031-04-16
"941",21,"Wind Onshore",4251,2025-09-01,4,"Completed","Planning",TRUE,32140800,53.1428571428571,2026-09-08,TRUE,687,98.1428571428571,2028-07-26,TRUE,56937600,94.1428571428572,2030-05-16
"942",NA,"Solar Photovoltaics",17711,2025-09-01,4,"Completed","Planning",TRUE,20217600,33.4285714285714,2026-04-23,TRUE,401,57.2857142857143,2027-05-29,TRUE,2419200,4,2027-06-26
"943",1.5,"Wind Onshore",5219,2025-10-01,4,"Completed","Planning",TRUE,7084800,11.7142857142857,2025-12-22,FALSE,239,34.1428571428571,2026-08-18,TRUE,-12268800,-20.2857142857143,2026-03-29
"944",3.5,"Solar Photovoltaics",18060,2025-10-01,4,"Completed","Planning",TRUE,20217600,33.4285714285714,2026-05-23,TRUE,401,57.2857142857143,2027-06-28,TRUE,10281600,17,2027-10-25
"945",39.6,"Wind Onshore",5222,2025-11-01,4,"Completed","Planning",TRUE,30153600,49.8571428571429,2026-10-16,FALSE,1595,227.857142857143,2031-02-27,TRUE,41299200,68.2857142857143,2032-06-19
"946",0.3,"Wind Onshore",7592,2026-01-01,4,"Completed","Planning",FALSE,91324800,151,2028-11-23,FALSE,818,116.857142857143,2031-02-19,TRUE,68688000,113.571428571429,2033-04-24
"947",25,"Solar Photovoltaics",5955,2026-01-01,4,"Completed","Planning",TRUE,8467200,14,2026-04-09,FALSE,568,81.1428571428571,2027-10-29,TRUE,4665600,7.71428571428571,2027-12-22
"948",5,"Wind Onshore",3112,2026-02-01,4,"Completed","Planning",TRUE,109296000,180.714285714286,2029-07-20,TRUE,1549,221.285714285714,2033-10-16,TRUE,37584000,62.1428571428571,2034-12-25
"949",3.5,"Solar Photovoltaics",18060,2026-02-01,4,"Completed","Planning",TRUE,20217600,33.4285714285714,2026-09-23,TRUE,683,97.5714285714286,2028-08-06,TRUE,5097600,8.42857142857143,2028-10-04
"950",0.3,"Wind Onshore",8042,2026-03-01,4,"Completed","Planning",TRUE,75859200,125.428571428571,2028-07-26,TRUE,3281,468.714285714286,2037-07-20,TRUE,5270400,8.71428571428572,2037-09-19
"951",NA,"Wind Onshore",16450,2026-03-01,4,"Completed","Planning",TRUE,62553600,103.428571428571,2028-02-23,TRUE,1623,231.857142857143,2032-08-03,TRUE,15638400,25.8571428571429,2033-01-31
"952",25,"Solar Photovoltaics",5955,2026-03-01,4,"Completed","Planning",FALSE,5356800,8.85714285714286,2026-05-02,TRUE,568,81.1428571428571,2027-11-21,TRUE,5270400,8.71428571428572,2028-01-21
"953",0.225,"Wind Onshore",13666,2026-04-01,4,"Completed","Planning",TRUE,5875200,9.71428571428572,2026-06-08,FALSE,2131,304.428571428571,2032-04-08,TRUE,41644800,68.8571428571429,2033-08-03
"954",NA,"Solar Photovoltaics",17468,2026-04-01,4,"Completed","Planning",TRUE,16848000,27.8571428571429,2026-10-13,TRUE,503,71.8571428571428,2028-02-28,TRUE,4665600,7.71428571428571,2028-04-22
"955",54,"Wind Onshore",4504,2026-05-01,4,"Completed","Planning",TRUE,10540800,17.4285714285714,2026-08-31,TRUE,687,98.1428571428571,2028-07-18,TRUE,44323200,73.2857142857143,2029-12-13
"956",3,"Wind Onshore",5896,2026-05-01,4,"Completed","Planning",TRUE,31622400,52.2857142857143,2027-05-02,TRUE,398,56.8571428571429,2028-06-03,TRUE,28944000,47.8571428571429,2029-05-04
"957",6.5,"Solar Photovoltaics",2324,2026-05-01,4,"Completed","Planning",TRUE,13392000,22.1428571428571,2026-10-03,TRUE,646,92.2857142857143,2028-07-10,TRUE,22809600,37.7142857142857,2029-03-31
"958",0.3,"Wind Onshore",7647,2026-06-01,4,"Completed","Planning",TRUE,30153600,49.8571428571429,2027-05-16,FALSE,3297,471,2036-05-25,TRUE,0,0,2036-05-25
"959",NA,"Solar Photovoltaics",16715,2026-06-01,4,"Completed","Planning",TRUE,9676800,16,2026-09-21,TRUE,387,55.2857142857143,2027-10-13,TRUE,2419200,4,2027-11-10
"960",0.25,"Wind Onshore",15378,2026-07-01,4,"Completed","Planning",TRUE,10540800,17.4285714285714,2026-10-31,TRUE,239,34.1428571428571,2027-06-27,TRUE,78883200,130.428571428571,2029-12-26
"961",0.7,"Wind Onshore",7367,2026-08-01,4,"Completed","Planning",FALSE,27907200,46.1428571428571,2027-06-20,TRUE,987,141,2030-03-03,TRUE,29548800,48.8571428571429,2031-02-08
"962",NA,"Solar Photovoltaics",14126,2026-08-01,4,"Completed","Planning",TRUE,16070400,26.5714285714286,2027-02-03,TRUE,313,44.7142857142857,2027-12-13,TRUE,8640000,14.2857142857143,2028-03-22
"963",8,"Wind Onshore",4284,2026-09-01,4,"Completed","Planning",FALSE,116985600,193.428571428571,2030-05-17,FALSE,239,34.1428571428571,2031-01-11,TRUE,5356800,8.85714285714286,2031-03-14
"964",25,"Solar Photovoltaics",5955,2026-09-01,4,"Completed","Planning",FALSE,5443200,9,2026-11-03,TRUE,779,111.285714285714,2028-12-21,TRUE,27648000,45.7142857142857,2029-11-06
"965",4.6,"Wind Onshore",3680,2026-10-01,4,"Completed","Planning",TRUE,91065600,150.571428571429,2029-08-20,TRUE,1141,163,2032-10-04,TRUE,32140800,53.1428571428571,2033-10-11
"966",0.25,"Wind Onshore",8236,2026-11-01,4,"Completed","Planning",TRUE,126403200,209,2030-11-03,TRUE,66,9.42857142857143,2031-01-08,TRUE,29548800,48.8571428571429,2031-12-16
"967",5,"Solar Photovoltaics",5205,2026-11-01,4,"Completed","Planning",TRUE,20304000,33.5714285714286,2027-06-24,FALSE,486,69.4285714285714,2028-10-22,TRUE,8899200,14.7142857142857,2029-02-02
"968",20,"Wind Onshore",3251,2026-12-01,4,"Completed","Planning",TRUE,26179200,43.2857142857143,2027-09-30,TRUE,398,56.8571428571429,2028-11-01,TRUE,65232000,107.857142857143,2030-11-26
"969",6.2,"Solar Photovoltaics",5614,2026-12-01,4,"Completed","Planning",TRUE,2678400,4.42857142857143,2027-01-01,FALSE,494,70.5714285714286,2028-05-09,TRUE,8640000,14.2857142857143,2028-08-17
"970",0.3,"Wind Onshore",7778,2027-01-01,4,"Completed","Planning",TRUE,91584000,151.428571428571,2029-11-26,FALSE,1740,248.571428571429,2034-09-01,TRUE,50716800,83.8571428571429,2036-04-10
"971",16.1,"Wind Onshore",4154,2027-01-01,4,"Completed","Planning",TRUE,78192000,129.285714285714,2029-06-24,TRUE,414,59.1428571428571,2030-08-12,TRUE,32745600,54.1428571428571,2031-08-26
"972",6,"Solar Photovoltaics",5085,2027-01-01,4,"Completed","Planning",TRUE,17020800,28.1428571428571,2027-07-17,TRUE,272,38.8571428571429,2028-04-14,TRUE,18316800,30.2857142857143,2028-11-12
"973",0.3,"Wind Onshore",7719,2027-02-01,4,"Completed","Planning",TRUE,14083200,23.2857142857143,2027-07-14,TRUE,932,133.142857142857,2030-01-31,TRUE,31536000,52.1428571428571,2031-01-31
"974",21.8,"Solar Photovoltaics",5184,2027-02-01,4,"Completed","Planning",TRUE,56160000,92.8571428571429,2028-11-12,TRUE,513,73.2857142857143,2030-04-09,TRUE,2419200,4,2030-05-07
"975",15,"Wind Onshore",4066,2027-03-01,4,"Completed","Planning",TRUE,211420800,349.571428571429,2033-11-11,TRUE,1816,259.428571428571,2038-11-01,TRUE,33696000,55.7142857142857,2039-11-26
"976",NA,"Wind Onshore",17461,2027-03-01,4,"Completed","Planning",TRUE,116985600,193.428571428571,2030-11-14,TRUE,1558,222.571428571429,2035-02-19,TRUE,8726400,14.4285714285714,2035-05-31
"977",6,"Solar Photovoltaics",4724,2027-03-01,4,"Completed","Planning",TRUE,9936000,16.4285714285714,2027-06-24,TRUE,486,69.4285714285714,2028-10-22,TRUE,8899200,14.7142857142857,2029-02-02
"978",5,"Wind Onshore",3122,2027-04-01,4,"Completed","Planning",TRUE,17193600,28.4285714285714,2027-10-17,TRUE,403,57.5714285714286,2028-11-23,TRUE,41126400,68,2030-03-14
"979",26,"Wind Onshore",3575,2027-04-01,4,"Completed","Planning",TRUE,75254400,124.428571428571,2029-08-19,TRUE,687,98.1428571428571,2031-07-07,TRUE,41644800,68.8571428571429,2032-10-31
"980",NA,"Solar Photovoltaics",17417,2027-04-01,4,"Completed","Planning",TRUE,14515200,24,2027-09-16,TRUE,387,55.2857142857143,2028-10-07,TRUE,22377600,37,2029-06-23
"981",39.6,"Wind Onshore",5222,2027-05-01,4,"Completed","Planning",FALSE,10972800,18.1428571428571,2027-09-05,TRUE,2646,378,2034-12-03,TRUE,54259200,89.7142857142857,2036-08-22
"982",24,"Wind Onshore",4957,2027-05-01,4,"Completed","Planning",TRUE,71971200,119,2029-08-11,FALSE,1691,241.571428571429,2034-03-29,TRUE,44323200,73.2857142857143,2035-08-24
"983",2.5,"Solar Photovoltaics",16454,2027-05-01,4,"Completed","Planning",TRUE,36806400,60.8571428571429,2028-06-30,TRUE,503,71.8571428571428,2029-11-15,TRUE,6307200,10.4285714285714,2030-01-27
"984",12.6,"Wind Onshore",4565,2027-06-01,4,"Completed","Planning",TRUE,42249600,69.8571428571429,2028-10-02,FALSE,2646,378,2035-12-31,TRUE,29548800,48.8571428571429,2036-12-07
"985",5,"Solar Photovoltaics",5205,2027-06-01,4,"Completed","Planning",FALSE,26006400,43,2028-03-28,FALSE,603,86.1428571428571,2029-11-21,TRUE,5097600,8.42857142857143,2030-01-19
"986",0.3,"Wind Onshore",7445,2027-07-01,4,"Completed","Planning",TRUE,29721600,49.1428571428571,2028-06-09,TRUE,1618,231.142857142857,2032-11-13,TRUE,28944000,47.8571428571429,2033-10-14
"987",3.75,"Solar Photovoltaics",8870,2027-07-01,4,"Completed","Planning",FALSE,5356800,8.85714285714286,2027-09-01,TRUE,495,70.7142857142857,2029-01-08,TRUE,2419200,4,2029-02-05
"988",0.25,"Wind Onshore",9713,2027-08-01,4,"Completed","Planning",TRUE,41644800,68.8571428571429,2028-11-25,FALSE,568,81.1428571428571,2030-06-16,TRUE,36892800,61,2031-08-17
"989",26,"Wind Onshore",3575,2027-08-01,4,"Completed","Planning",TRUE,80870400,133.714285714286,2030-02-22,TRUE,303,43.2857142857143,2030-12-22,TRUE,31536000,52.1428571428571,2031-12-22
"990",25.2,"Solar Photovoltaics",5443,2027-08-01,4,"Completed","Planning",TRUE,2678400,4.42857142857143,2027-09-01,FALSE,420,60,2028-10-25,TRUE,4665600,7.71428571428571,2028-12-18
"991",NA,"Solar Photovoltaics",16293,2027-08-01,4,"Completed","Planning",TRUE,29116800,48.1428571428571,2028-07-03,TRUE,401,57.2857142857143,2029-08-08,TRUE,9849600,16.2857142857143,2029-11-30
"992",17.5,"Wind Onshore",4171,2027-09-01,4,"Completed","Planning",TRUE,123120000,203.571428571429,2031-07-27,TRUE,1069,152.714285714286,2034-06-30,TRUE,28684800,47.4285714285714,2035-05-28
"993",5,"Solar Photovoltaics",5203,2027-09-01,4,"Completed","Planning",TRUE,27993600,46.2857142857143,2028-07-21,TRUE,513,73.2857142857143,2029-12-16,TRUE,2419200,4,2030-01-13
"994",NA,"Wind Onshore",15346,2027-10-01,4,"Completed","Planning",TRUE,106790400,176.571428571429,2031-02-18,TRUE,2251,321.571428571429,2037-04-18,TRUE,33696000,55.7142857142857,2038-05-13
"995",0.3,"Wind Onshore",6774,2027-10-01,4,"Completed","Planning",TRUE,26092800,43.1428571428571,2028-07-29,TRUE,239,34.1428571428571,2029-03-25,TRUE,15638400,25.8571428571429,2029-09-22
"996",5.9,"Solar Photovoltaics",4884,2027-10-01,4,"Completed","Planning",TRUE,22636800,37.4285714285714,2028-06-19,TRUE,879,125.571428571429,2030-11-15,TRUE,5616000,9.28571428571429,2031-01-19
"997",7.1,"Wind Onshore",4557,2027-11-01,4,"Completed","Planning",FALSE,84672000,140,2030-07-08,TRUE,773,110.428571428571,2032-08-19,TRUE,5270400,8.71428571428572,2032-10-19
"998",25,"Solar Photovoltaics",5955,2027-11-01,4,"Completed","Planning",TRUE,16416000,27.1428571428571,2028-05-09,FALSE,494,70.5714285714286,2029-09-15,TRUE,4665600,7.71428571428571,2029-11-08
"999",NA,"Wind Onshore",18379,2027-12-01,4,"Completed","Planning",TRUE,71971200,119,2030-03-13,TRUE,1549,221.285714285714,2034-06-09,TRUE,30067200,49.7142857142857,2035-05-23
"1000",0.3,"Wind Onshore",7615,2027-12-01,4,"Completed","Planning",TRUE,39657600,65.5714285714286,2029-03-04,FALSE,687,98.1428571428571,2031-01-20,TRUE,27388800,45.2857142857143,2031-12-03
"1001",4.1,"Solar Photovoltaics",5201,2027-12-01,4,"Completed","Planning",TRUE,16934400,28,2028-06-14,TRUE,420,60,2029-08-08,TRUE,22809600,37.7142857142857,2030-04-29
"1002",13.8,"Wind Onshore",4150,2028-01-01,4,"Completed","Planning",TRUE,136425600,225.571428571429,2032-04-28,TRUE,1406,200.857142857143,2036-03-04,TRUE,36201600,59.8571428571429,2037-04-27
"1003",0.6,"Wind Onshore",13996,2028-01-01,4,"Completed","Planning",TRUE,89164800,147.428571428571,2030-10-29,FALSE,630,90,2032-07-20,TRUE,5356800,8.85714285714286,2032-09-20
"1004",2,"Solar Photovoltaics",16451,2028-01-01,4,"Completed","Planning",TRUE,20304000,33.5714285714286,2028-08-23,TRUE,261,37.2857142857143,2029-05-11,TRUE,11318400,18.7142857142857,2029-09-19
"1005",0.3,"Solar Photovoltaics",16620,2028-01-01,4,"Completed","Planning",TRUE,27993600,46.2857142857143,2028-11-20,TRUE,313,44.7142857142857,2029-09-29,TRUE,5702400,9.42857142857143,2029-12-04
"1006",9.2,"Wind Onshore",4185,2028-02-01,4,"Completed","Planning",TRUE,49593600,82,2029-08-28,TRUE,1182,168.857142857143,2032-11-22,TRUE,5270400,8.71428571428572,2033-01-22
"1007",0.2,"Wind Onshore",7801,2028-02-01,4,"Completed","Planning",TRUE,231120000,382.142857142857,2035-05-30,TRUE,736,105.142857142857,2037-06-04,TRUE,78883200,130.428571428571,2039-12-04
"1008",34.5,"Wind Onshore",4124,2028-02-01,4,"Completed","Planning",TRUE,53740800,88.8571428571429,2029-10-15,TRUE,860,122.857142857143,2032-02-22,TRUE,-12268800,-20.2857142857143,2031-10-03
"1009",10,"Solar Photovoltaics",5435,2028-02-01,4,"Completed","Planning",TRUE,16934400,28,2028-08-15,FALSE,513,73.2857142857143,2030-01-10,TRUE,2419200,4,2030-02-07
"1010",12.6,"Wind Onshore",4565,2028-03-01,4,"Completed","Planning",TRUE,33782400,55.8571428571429,2029-03-27,FALSE,2646,378,2036-06-24,TRUE,22636800,37.4285714285714,2037-03-13
"1011",1.5,"Wind Onshore",5219,2028-03-01,4,"Completed","Planning",TRUE,28598400,47.2857142857143,2029-01-26,TRUE,853,121.857142857143,2031-05-29,TRUE,28857600,47.7142857142857,2032-04-27
"1012",10.9,"Solar Photovoltaics",5439,2028-03-01,4,"Completed","Planning",FALSE,29116800,48.1428571428571,2029-02-01,FALSE,683,97.5714285714286,2030-12-16,TRUE,2419200,4,2031-01-13
"1013",32.2,"Wind Onshore",4041,2028-04-01,4,"Completed","Planning",TRUE,81043200,134,2030-10-26,TRUE,932,133.142857142857,2033-05-15,TRUE,15811200,26.1428571428571,2033-11-14
"1014",0.6,"Wind Onshore",13996,2028-04-01,4,"Completed","Planning",FALSE,35942400,59.4285714285714,2029-05-22,FALSE,947,135.285714285714,2031-12-25,TRUE,36806400,60.8571428571429,2033-02-23
"1015",10.9,"Solar Photovoltaics",5439,2028-04-01,4,"Completed","Planning",TRUE,20822400,34.4285714285714,2028-11-28,TRUE,272,38.8571428571429,2029-08-27,TRUE,2419200,4,2029-09-24
"1016",12,"Wind Onshore",4998,2028-05-01,4,"Completed","Planning",TRUE,39657600,65.5714285714286,2029-08-03,TRUE,1182,168.857142857143,2032-10-28,TRUE,54259200,89.7142857142857,2034-07-18
"1017",0.25,"Wind Onshore",8237,2028-05-01,4,"Completed","Planning",TRUE,94176000,155.714285714286,2031-04-26,TRUE,240,34.2857142857143,2031-12-22,TRUE,17193600,28.4285714285714,2032-07-08
"1018",25.2,"Solar Photovoltaics",5443,2028-05-01,4,"Completed","Planning",TRUE,10368000,17.1428571428571,2028-08-29,TRUE,603,86.1428571428571,2030-04-24,TRUE,22809600,37.7142857142857,2031-01-13
"1019",2.5,"Wind Onshore",3717,2028-06-01,4,"Completed","Planning",TRUE,14774400,24.4285714285714,2028-11-19,TRUE,1618,231.142857142857,2033-04-25,TRUE,7862400,13,2033-07-25
"1020",5,"Wind Onshore",3118,2028-06-01,4,"Completed","Planning",TRUE,26092800,43.1428571428571,2029-03-30,TRUE,2308,329.714285714286,2035-07-25,TRUE,44323200,73.2857142857143,2036-12-19
"1021",3.8,"Solar Photovoltaics",1350,2028-06-01,4,"Completed","Planning",TRUE,25920000,42.8571428571429,2029-03-28,TRUE,568,81.1428571428571,2030-10-17,TRUE,11318400,18.7142857142857,2031-02-25
"1022",16.1,"Wind Onshore",4325,2028-07-01,4,"Completed","Planning",FALSE,136425600,225.571428571429,2032-10-27,TRUE,2339,334.142857142857,2039-03-24,TRUE,15638400,25.8571428571429,2039-09-21
"1023",16.1,"Wind Onshore",4154,2028-07-01,4,"Completed","Planning",TRUE,17193600,28.4285714285714,2029-01-16,FALSE,853,121.857142857143,2031-05-19,TRUE,30067200,49.7142857142857,2032-05-01
"1024",1,"Solar Photovoltaics",14123,2028-07-01,4,"Completed","Planning",TRUE,5356800,8.85714285714286,2028-09-01,TRUE,683,97.5714285714286,2030-07-16,TRUE,9849600,16.2857142857143,2030-11-07
"1025",NA,"Wind Onshore",17164,2028-08-01,4,"Completed","Planning",TRUE,97632000,161.428571428571,2031-09-05,TRUE,940,134.285714285714,2034-04-02,TRUE,43286400,71.5714285714286,2035-08-16
"1026",0.5,"Wind Onshore",7329,2028-08-01,4,"Completed","Planning",TRUE,91065600,150.571428571429,2031-06-21,TRUE,1620,231.428571428571,2035-11-27,TRUE,50716800,83.8571428571429,2037-07-06
"1027",25,"Solar Photovoltaics",5955,2028-08-01,4,"Completed","Planning",TRUE,26006400,43,2029-05-29,TRUE,313,44.7142857142857,2030-04-07,TRUE,9849600,16.2857142857143,2030-07-30
"1028",13.8,"Wind Onshore",4653,2028-09-01,4,"Completed","Planning",TRUE,115689600,191.285714285714,2032-05-02,TRUE,2251,321.571428571429,2038-07-01,TRUE,17193600,28.4285714285714,2039-01-16
"1029",25.2,"Solar Photovoltaics",5443,2028-09-01,4,"Completed","Planning",TRUE,13392000,22.1428571428571,2029-02-03,TRUE,563,80.4285714285714,2030-08-20,TRUE,8899200,14.7142857142857,2030-12-01
"1030",5,"Wind Onshore",3112,2028-10-01,4,"Completed","Planning",FALSE,42681600,70.5714285714286,2030-02-07,FALSE,66,9.42857142857143,2030-04-14,TRUE,23673600,39.1428571428571,2031-01-13
"1031",9.2,"Wind Onshore",4053,2028-10-01,4,"Completed","Planning",FALSE,50284800,83.1428571428572,2030-05-06,TRUE,2150,307.142857142857,2036-03-25,TRUE,15638400,25.8571428571429,2036-09-22
"1032",4.99,"Solar Photovoltaics",18205,2028-10-01,4,"Completed","Planning",TRUE,12182400,20.1428571428571,2029-02-19,TRUE,503,71.8571428571428,2030-07-07,TRUE,6307200,10.4285714285714,2030-09-18
"1033",0.3,"Solar Photovoltaics",16620,2028-10-01,4,"Completed","Planning",TRUE,26006400,43,2029-07-29,TRUE,494,70.5714285714286,2030-12-05,TRUE,5097600,8.42857142857143,2031-02-02
"1034",0.3,"Wind Onshore",7445,2028-11-01,4,"Completed","Planning",TRUE,36806400,60.8571428571429,2030-01-01,TRUE,752,107.428571428571,2032-01-23,TRUE,15638400,25.8571428571429,2032-07-22
"1035",0.25,"Wind Onshore",8875,2028-11-01,4,"Completed","Planning",FALSE,167011200,276.142857142857,2034-02-16,FALSE,1618,231.142857142857,2038-07-23,TRUE,29548800,48.8571428571429,2039-06-30
"1036",18,"Solar Photovoltaics",6506,2028-11-01,4,"Completed","Planning",TRUE,16070400,26.5714285714286,2029-05-06,TRUE,779,111.285714285714,2031-06-24,TRUE,22809600,37.7142857142857,2032-03-14
"1037",6.2,"Solar Photovoltaics",5614,2028-11-01,4,"Completed","Planning",TRUE,57542400,95.1428571428572,2030-08-29,FALSE,494,70.5714285714286,2032-01-05,TRUE,5097600,8.42857142857143,2032-03-04
"1038",18.8,"Wind Onshore",4054,2028-12-01,4,"Completed","Planning",TRUE,106790400,176.571428571429,2032-04-20,TRUE,1466,209.428571428571,2036-04-25,TRUE,34732800,57.4285714285714,2037-06-01
"1039",25,"Solar Photovoltaics",6024,2028-12-01,4,"Completed","Planning",FALSE,57542400,95.1428571428572,2030-09-28,FALSE,879,125.571428571429,2033-02-23,TRUE,2419200,4,2033-03-23
"1040",NA,"Wind Onshore",18442,2029-01-01,4,"Completed","Planning",TRUE,16675200,27.5714285714286,2029-07-13,TRUE,1466,209.428571428571,2033-07-18,TRUE,54259200,89.7142857142857,2035-04-07
"1041",18.8,"Wind Onshore",4054,2029-01-01,4,"Completed","Planning",TRUE,29894400,49.4285714285714,2029-12-13,TRUE,1816,259.428571428571,2034-12-03,TRUE,38534400,63.7142857142857,2036-02-22
"1042",18.4,"Wind Onshore",4047,2029-01-01,4,"Completed","Planning",FALSE,51926400,85.8571428571429,2030-08-25,TRUE,809,115.571428571429,2032-11-11,TRUE,43286400,71.5714285714286,2034-03-27
"1043",25,"Solar Photovoltaics",5955,2029-01-01,4,"Completed","Planning",TRUE,22636800,37.4285714285714,2029-09-20,TRUE,313,44.7142857142857,2030-07-30,TRUE,5097600,8.42857142857143,2030-09-27
"1044",10,"Wind Onshore",2888,2029-02-01,4,"Completed","Planning",TRUE,59184000,97.8571428571429,2030-12-18,TRUE,1182,168.857142857143,2034-03-14,TRUE,44323200,73.2857142857143,2035-08-09
"1045",30,"Wind Onshore",4151,2029-02-01,4,"Completed","Planning",TRUE,67737600,112,2031-03-27,TRUE,2308,329.714285714286,2037-07-21,TRUE,78883200,130.428571428571,2040-01-20
"1046",NA,"Wind Onshore",17426,2029-02-01,4,"Completed","Planning",TRUE,91065600,150.571428571429,2031-12-22,TRUE,303,43.2857142857143,2032-10-20,TRUE,33696000,55.7142857142857,2033-11-14
"1047",25,"Solar Photovoltaics",5967,2029-02-01,4,"Completed","Planning",TRUE,8467200,14,2029-05-10,FALSE,603,86.1428571428571,2031-01-03,TRUE,6307200,10.4285714285714,2031-03-17
"1048",13,"Solar Photovoltaics",6007,2029-02-01,4,"Completed","Planning",TRUE,72057600,119.142857142857,2031-05-16,TRUE,513,73.2857142857143,2032-10-10,TRUE,2419200,4,2032-11-07
"1049",NA,"Wind Onshore",13667,2029-03-01,4,"Completed","Planning",FALSE,81043200,134,2031-09-25,TRUE,2308,329.714285714286,2038-01-19,TRUE,29548800,48.8571428571429,2038-12-27
"1050",10.5,"Wind Onshore",2958,2029-03-01,4,"Completed","Planning",FALSE,19353600,32,2029-10-11,TRUE,240,34.2857142857143,2030-06-08,TRUE,16588800,27.4285714285714,2030-12-17
"1051",0.2,"Solar Photovoltaics",7903,2029-03-01,4,"Completed","Planning",FALSE,72057600,119.142857142857,2031-06-13,FALSE,513,73.2857142857143,2032-11-07,TRUE,18316800,30.2857142857143,2033-06-07
"1052",10.9,"Solar Photovoltaics",5439,2029-03-01,4,"Completed","Planning",TRUE,16416000,27.1428571428571,2029-09-07,TRUE,683,97.5714285714286,2031-07-22,TRUE,22809600,37.7142857142857,2032-04-11
"1053",NA,"Wind Onshore",17461,2029-04-01,4,"Completed","Planning",TRUE,136425600,225.571428571429,2033-07-28,FALSE,1620,231.428571428571,2038-01-03,TRUE,5356800,8.85714285714286,2038-03-06
"1054",25,"Wind Onshore",3326,2029-04-01,4,"Completed","Planning",TRUE,12787200,21.1428571428571,2029-08-27,TRUE,240,34.2857142857143,2030-04-24,TRUE,28944000,47.8571428571429,2031-03-25
"1055",0.3,"Wind Onshore",6774,2029-04-01,4,"Completed","Planning",TRUE,166838400,275.857142857143,2034-07-15,TRUE,1549,221.285714285714,2038-10-11,TRUE,27388800,45.2857142857143,2039-08-24
"1056",3.5,"Solar Photovoltaics",18060,2029-04-01,4,"Completed","Planning",FALSE,16848000,27.8571428571429,2029-10-13,TRUE,130,18.5714285714286,2030-02-20,TRUE,11318400,18.7142857142857,2030-07-01
"1057",5.1,"Solar Photovoltaics",2371,2029-04-01,4,"Completed","Planning",TRUE,20822400,34.4285714285714,2029-11-28,FALSE,486,69.4285714285714,2031-03-29,TRUE,5097600,8.42857142857143,2031-05-27
"1058",0.25,"Wind Onshore",16568,2029-05-01,4,"Completed","Planning",TRUE,125452800,207.428571428571,2033-04-22,TRUE,2339,334.142857142857,2039-09-17,TRUE,14428800,23.8571428571429,2040-03-02
"1059",5,"Wind Onshore",3103,2029-05-01,4,"Completed","Planning",TRUE,18403200,30.4285714285714,2029-11-30,TRUE,940,134.285714285714,2032-06-27,TRUE,22636800,37.4285714285714,2033-03-16
"1060",NA,"Solar Photovoltaics",16716,2029-05-01,4,"Completed","Planning",TRUE,13392000,22.1428571428571,2029-10-03,TRUE,879,125.571428571429,2032-02-29,TRUE,8640000,14.2857142857143,2032-06-08
"1061",5,"Wind Onshore",3103,2029-06-01,4,"Completed","Planning",TRUE,84672000,140,2032-02-06,FALSE,986,140.857142857143,2034-10-19,TRUE,32140800,53.1428571428571,2035-10-26
"1062",0.225,"Wind Onshore",13666,2029-06-01,4,"Completed","Planning",FALSE,71971200,119,2031-09-12,TRUE,1141,163,2034-10-27,TRUE,37584000,62.1428571428571,2036-01-05
"1063",NA,"Solar Photovoltaics",16715,2029-06-01,4,"Completed","Planning",TRUE,20304000,33.5714285714286,2030-01-22,FALSE,272,38.8571428571429,2030-10-21,TRUE,4665600,7.71428571428571,2030-12-14
"1064",119,"Wind Onshore",4634,2029-07-01,4,"Completed","Planning",TRUE,137376000,227.142857142857,2033-11-07,TRUE,1895,270.714285714286,2039-01-15,TRUE,33696000,55.7142857142857,2040-02-09
"1065",32.2,"Wind Onshore",4041,2029-07-01,4,"Completed","Planning",TRUE,231120000,382.142857142857,2036-10-27,TRUE,986,140.857142857143,2039-07-10,TRUE,16588800,27.4285714285714,2040-01-18
"1066",19.8,"Wind Onshore",6546,2029-07-01,4,"Completed","Planning",TRUE,26179200,43.2857142857143,2030-04-30,TRUE,640,91.4285714285714,2032-01-30,TRUE,0,0,2032-01-30
"1067",25,"Solar Photovoltaics",5955,2029-07-01,4,"Completed","Planning",TRUE,25920000,42.8571428571429,2030-04-27,TRUE,420,60,2031-06-21,TRUE,11318400,18.7142857142857,2031-10-30
"1068",0.9,"Wind Onshore",7417,2029-08-01,4,"Completed","Planning",TRUE,22896000,37.8571428571429,2030-04-23,TRUE,987,141,2033-01-04,TRUE,32745600,54.1428571428571,2034-01-18
"1069",17.5,"Wind Onshore",4171,2029-08-01,4,"Completed","Planning",TRUE,44409600,73.4285714285714,2030-12-28,FALSE,1618,231.142857142857,2035-06-03,TRUE,14428800,23.8571428571429,2035-11-17
"1070",4.9,"Solar Photovoltaics",5852,2029-08-01,4,"Completed","Planning",FALSE,22636800,37.4285714285714,2030-04-20,TRUE,387,55.2857142857143,2031-05-12,TRUE,5702400,9.42857142857143,2031-07-17
"1071",8.5,"Solar Photovoltaics",5952,2029-08-01,4,"Completed","Planning",TRUE,9936000,16.4285714285714,2029-11-24,TRUE,130,18.5714285714286,2030-04-03,TRUE,5616000,9.28571428571429,2030-06-07
"1072",12.1,"Wind Onshore",3599,2029-09-01,4,"Completed","Planning",FALSE,100051200,165.428571428571,2032-11-02,TRUE,422,60.2857142857143,2033-12-29,TRUE,36201600,59.8571428571429,2035-02-21
"1073",4.6,"Wind Onshore",3715,2029-09-01,4,"Completed","Planning",TRUE,53740800,88.8571428571429,2031-05-16,FALSE,239,34.1428571428571,2032-01-10,TRUE,36201600,59.8571428571429,2033-03-04
"1074",NA,"Solar Photovoltaics",17711,2029-09-01,4,"Completed","Planning",TRUE,25920000,42.8571428571429,2030-06-28,FALSE,503,71.8571428571428,2031-11-13,TRUE,10281600,17,2032-03-11
"1075",25.7,"Solar Photovoltaics",4954,2029-09-01,4,"Completed","Planning",TRUE,56160000,92.8571428571429,2031-06-13,TRUE,563,80.4285714285714,2032-12-27,TRUE,20217600,33.4285714285714,2033-08-18
"1076",NA,"Wind Onshore",8877,2029-10-01,4,"Completed","Planning",TRUE,22291200,36.8571428571429,2030-06-16,TRUE,2339,334.142857142857,2036-11-10,TRUE,44323200,73.2857142857143,2038-04-07
"1077",6,"Wind Onshore",5916,2029-10-01,4,"Completed","Planning",FALSE,31622400,52.2857142857143,2030-10-02,TRUE,1618,231.142857142857,2035-03-08,TRUE,37584000,62.1428571428571,2036-05-16
"1078",0.25,"Wind Onshore",8875,2029-10-01,4,"Completed","Planning",TRUE,54518400,90.1428571428572,2031-06-24,TRUE,1740,248.571428571429,2036-03-29,TRUE,28857600,47.7142857142857,2037-02-26
"1079",6,"Solar Photovoltaics",4724,2029-10-01,4,"Completed","Planning",TRUE,72057600,119.142857142857,2032-01-13,TRUE,683,97.5714285714286,2033-11-26,TRUE,5270400,8.71428571428572,2034-01-26
"1080",13,"Solar Photovoltaics",6007,2029-10-01,4,"Completed","Planning",FALSE,14601600,24.1428571428571,2030-03-19,TRUE,420,60,2031-05-13,TRUE,10281600,17,2031-09-09
"1081",0.2,"Wind Onshore",7560,2029-11-01,4,"Completed","Planning",FALSE,224121600,370.571428571429,2036-12-08,TRUE,1740,248.571428571429,2041-09-13,TRUE,5356800,8.85714285714286,2041-11-14
"1082",9,"Wind Onshore",2719,2029-11-01,4,"Completed","Planning",FALSE,43200000,71.4285714285714,2031-03-16,TRUE,1618,231.142857142857,2035-08-20,TRUE,33696000,55.7142857142857,2036-09-13
"1083",3.75,"Solar Photovoltaics",8870,2029-11-01,4,"Completed","Planning",TRUE,5443200,9,2030-01-03,TRUE,513,73.2857142857143,2031-05-31,TRUE,5702400,9.42857142857143,2031-08-05
"1084",6.5,"Solar Photovoltaics",2324,2029-11-01,4,"Completed","Planning",TRUE,16416000,27.1428571428571,2030-05-10,TRUE,313,44.7142857142857,2031-03-19,TRUE,5097600,8.42857142857143,2031-05-17
"1085",15,"Wind Onshore",4654,2029-12-01,4,"Completed","Planning",FALSE,22809600,37.7142857142857,2030-08-22,TRUE,1542,220.285714285714,2034-11-11,TRUE,54259200,89.7142857142857,2036-07-31
"1086",0.2,"Wind Onshore",7544,2029-12-01,4,"Completed","Planning",TRUE,16416000,27.1428571428571,2030-06-09,FALSE,2251,321.571428571429,2036-08-07,TRUE,5356800,8.85714285714286,2036-10-08
"1087",NA,"Solar Photovoltaics",16716,2029-12-01,4,"Completed","Planning",TRUE,72057600,119.142857142857,2032-03-14,TRUE,779,111.285714285714,2034-05-02,TRUE,20217600,33.4285714285714,2034-12-22
"1088",3.75,"Solar Photovoltaics",8870,2029-12-01,4,"Completed","Planning",TRUE,16416000,27.1428571428571,2030-06-09,TRUE,420,60,2031-08-03,TRUE,8899200,14.7142857142857,2031-11-14
"1089",23.1,"Wind Onshore",6790,2030-01-01,4,"Completed","Planning",FALSE,124848000,206.428571428571,2033-12-16,TRUE,398,56.8571428571429,2035-01-18,TRUE,33696000,55.7142857142857,2036-02-12
"1090",20.7,"Wind Onshore",2710,2030-01-01,4,"Completed","Planning",TRUE,42249600,69.8571428571429,2031-05-05,TRUE,940,134.285714285714,2033-11-30,TRUE,31536000,52.1428571428571,2034-11-30
"1091",0.3,"Wind Onshore",7436,2030-01-01,4,"Completed","Planning",FALSE,62553600,103.428571428571,2031-12-26,TRUE,1816,259.428571428571,2036-12-15,TRUE,56937600,94.1428571428572,2038-10-05
"1092",0.85,"Wind Onshore",14114,2030-01-01,4,"Completed","Planning",TRUE,75254400,124.428571428571,2032-05-21,TRUE,2131,304.428571428571,2038-03-22,TRUE,33696000,55.7142857142857,2039-04-16
"1093",0.2,"Solar Photovoltaics",7903,2030-01-01,4,"Completed","Planning",TRUE,10368000,17.1428571428571,2030-05-01,TRUE,272,38.8571428571429,2031-01-28,TRUE,5270400,8.71428571428572,2031-03-30
"1094",2,"Solar Photovoltaics",16451,2030-01-01,4,"Completed","Planning",TRUE,27993600,46.2857142857143,2030-11-21,FALSE,313,44.7142857142857,2031-09-30,TRUE,27648000,45.7142857142857,2032-08-15
"1095",9,"Wind Onshore",4688,2030-02-01,4,"Completed","Planning",FALSE,46828800,77.4285714285714,2031-07-28,FALSE,2251,321.571428571429,2037-09-25,TRUE,34732800,57.4285714285714,2038-11-01
"1096",2.3,"Wind Onshore",2830,2030-02-01,4,"Completed","Planning",TRUE,81734400,135.142857142857,2032-09-04,TRUE,947,135.285714285714,2035-04-09,TRUE,68688000,113.571428571429,2037-06-12
"1097",23.1,"Wind Onshore",4561,2030-02-01,4,"Completed","Planning",TRUE,18921600,31.2857142857143,2030-09-08,TRUE,1406,200.857142857143,2034-07-15,TRUE,8726400,14.4285714285714,2034-10-24
"1098",50,"Solar Photovoltaics",6012,2030-02-01,4,"Completed","Planning",TRUE,5443200,9,2030-04-05,FALSE,568,81.1428571428571,2031-10-25,TRUE,2419200,4,2031-11-22
"1099",4.8,"Solar Photovoltaics",1296,2030-02-01,4,"Completed","Planning",TRUE,5443200,9,2030-04-05,TRUE,495,70.7142857142857,2031-08-13,TRUE,6825600,11.2857142857143,2031-10-31
"1100",15,"Wind Onshore",3254,2030-03-01,4,"Completed","Planning",TRUE,9072000,15,2030-06-14,TRUE,1039,148.428571428571,2033-04-18,TRUE,34300800,56.7142857142857,2034-05-20
"1101",21,"Wind Onshore",3969,2030-03-01,4,"Completed","Planning",TRUE,40953600,67.7142857142857,2031-06-18,TRUE,1406,200.857142857143,2035-04-24,TRUE,29548800,48.8571428571429,2036-03-31
"1102",20.7,"Wind Onshore",6096,2030-03-01,4,"Completed","Planning",TRUE,10540800,17.4285714285714,2030-07-01,TRUE,860,122.857142857143,2032-11-07,TRUE,36892800,61,2034-01-08
"1103",6.5,"Solar Photovoltaics",1789,2030-03-01,4,"Completed","Planning",TRUE,56160000,92.8571428571429,2031-12-11,TRUE,272,38.8571428571429,2032-09-08,TRUE,10281600,17,2033-01-05
"1104",6.4,"Solar Photovoltaics",5977,2030-03-01,4,"Completed","Planning",FALSE,14515200,24,2030-08-16,TRUE,130,18.5714285714286,2030-12-24,TRUE,11318400,18.7142857142857,2031-05-04
"1105",5,"Wind Onshore",3112,2030-04-01,4,"Completed","Planning",TRUE,353980800,585.285714285714,2041-06-19,TRUE,398,56.8571428571429,2042-07-22,TRUE,14428800,23.8571428571429,2043-01-05
"1106",0.3,"Wind Onshore",17825,2030-04-01,4,"Completed","Planning",TRUE,83980800,138.857142857143,2032-11-28,TRUE,947,135.285714285714,2035-07-03,TRUE,26352000,43.5714285714286,2036-05-03
"1107",5,"Wind Onshore",3118,2030-04-01,4,"Completed","Planning",FALSE,50025600,82.7142857142857,2031-11-01,TRUE,987,141,2034-07-15,TRUE,5356800,8.85714285714286,2034-09-15
"1108",6.5,"Solar Photovoltaics",1789,2030-04-01,4,"Completed","Planning",TRUE,36806400,60.8571428571429,2031-06-01,TRUE,779,111.285714285714,2033-07-19,TRUE,10281600,17,2033-11-15
"1109",13,"Solar Photovoltaics",6007,2030-04-01,4,"Completed","Planning",FALSE,9849600,16.2857142857143,2030-07-24,TRUE,495,70.7142857142857,2031-12-01,TRUE,8640000,14.2857142857143,2032-03-10
"1110",0.3,"Wind Onshore",7784,2030-05-01,4,"Completed","Planning",TRUE,55209600,91.2857142857143,2032-01-30,TRUE,987,141,2034-10-13,TRUE,26352000,43.5714285714286,2035-08-14
"1111",10.5,"Wind Onshore",4680,2030-05-01,4,"Completed","Planning",TRUE,65318400,108,2032-05-26,TRUE,1816,259.428571428571,2037-05-16,TRUE,43286400,71.5714285714286,2038-09-29
"1112",0.2,"Wind Onshore",7743,2030-05-01,4,"Completed","Planning",FALSE,106531200,176.142857142857,2033-09-15,TRUE,1620,231.428571428571,2038-02-21,TRUE,59356800,98.1428571428572,2040-01-09
"1113",0.3,"Solar Photovoltaics",16620,2030-05-01,4,"Completed","Planning",TRUE,29116800,48.1428571428571,2031-04-03,TRUE,401,57.2857142857143,2032-05-08,TRUE,22377600,37,2033-01-22
"1114",NA,"Solar Photovoltaics",16293,2030-05-01,4,"Completed","Planning",FALSE,30672000,50.7142857142857,2031-04-21,TRUE,261,37.2857142857143,2032-01-07,TRUE,20217600,33.4285714285714,2032-08-28
"1115",0.3,"Wind Onshore",7964,2030-06-01,4,"Completed","Planning",TRUE,16416000,27.1428571428571,2030-12-08,TRUE,1659,237,2035-06-24,TRUE,41126400,68,2036-10-12
"1116",11.5,"Wind Onshore",4423,2030-06-01,4,"Completed","Planning",FALSE,10540800,17.4285714285714,2030-10-01,TRUE,1740,248.571428571429,2035-07-07,TRUE,29635200,49,2036-06-14
"1117",0.3,"Wind Onshore",8074,2030-06-01,4,"Completed","Planning",FALSE,146620800,242.428571428571,2035-01-23,TRUE,736,105.142857142857,2037-01-28,TRUE,59356800,98.1428571428572,2038-12-16
"1118",6.7,"Solar Photovoltaics",5463,2030-06-01,4,"Completed","Planning",FALSE,26006400,43,2031-03-29,TRUE,272,38.8571428571429,2031-12-26,TRUE,9849600,16.2857142857143,2032-04-18
"1119",NA,"Solar Photovoltaics",16716,2030-06-01,4,"Completed","Planning",TRUE,5443200,9,2030-08-03,TRUE,563,80.4285714285714,2032-02-17,TRUE,20217600,33.4285714285714,2032-10-08
"1120",1.6,"Wind Onshore",6572,2030-07-01,4,"Completed","Planning",TRUE,22896000,37.8571428571429,2031-03-23,TRUE,3297,471,2040-04-01,TRUE,29548800,48.8571428571429,2041-03-09
"1121",0.25,"Wind Onshore",9670,2030-07-01,4,"Completed","Planning",TRUE,30153600,49.8571428571429,2031-06-15,TRUE,640,91.4285714285714,2033-03-16,TRUE,30067200,49.7142857142857,2034-02-27
"1122",0.5,"Wind Onshore",17126,2030-07-01,4,"Completed","Planning",TRUE,19353600,32,2031-02-10,TRUE,3281,468.714285714286,2040-02-04,TRUE,-12268800,-20.2857142857143,2039-09-15
"1123",1,"Solar Photovoltaics",14123,2030-07-01,4,"Completed","Planning",TRUE,16934400,28,2031-01-13,FALSE,486,69.4285714285714,2032-05-13,TRUE,11318400,18.7142857142857,2032-09-21
"1124",2,"Solar Photovoltaics",16451,2030-07-01,4,"Completed","Planning",FALSE,12528000,20.7142857142857,2030-11-23,TRUE,494,70.5714285714286,2032-03-31,TRUE,11318400,18.7142857142857,2032-08-09
"1125",0.3,"Wind Onshore",7445,2030-08-01,4,"Completed","Planning",TRUE,10540800,17.4285714285714,2030-12-01,TRUE,480,68.5714285714286,2032-03-25,TRUE,32745600,54.1428571428571,2033-04-08
"1126",0.25,"Wind Onshore",18394,2030-08-01,4,"Completed","Planning",TRUE,104630400,173,2033-11-24,TRUE,1595,227.857142857143,2038-04-07,TRUE,46828800,77.4285714285714,2039-10-01
"1127",NA,"Wind Onshore",16547,2030-08-01,4,"Completed","Planning",TRUE,267840000,442.857142857143,2039-01-26,TRUE,3267,466.714285714286,2048-01-06,TRUE,33696000,55.7142857142857,2049-01-30
"1128",5,"Solar Photovoltaics",5203,2030-08-01,4,"Completed","Planning",TRUE,27993600,46.2857142857143,2031-06-21,TRUE,494,70.5714285714286,2032-10-27,TRUE,5616000,9.28571428571429,2032-12-31
"1129",0.3,"Solar Photovoltaics",16620,2030-08-01,4,"Completed","Planning",FALSE,21513600,35.5714285714286,2031-04-07,TRUE,646,92.2857142857143,2033-01-12,TRUE,12960000,21.4285714285714,2033-06-11
"1130",0.3,"Wind Onshore",7672,2030-09-01,4,"Completed","Planning",TRUE,18403200,30.4285714285714,2031-04-02,TRUE,240,34.2857142857143,2031-11-28,TRUE,50716800,83.8571428571429,2033-07-07
"1131",5,"Wind Onshore",3122,2030-09-01,4,"Completed","Planning",TRUE,43200000,71.4285714285714,2032-01-14,TRUE,2295,327.857142857143,2038-04-27,TRUE,31536000,52.1428571428571,2039-04-27
"1132",4.6,"Wind Onshore",3715,2030-09-01,4,"Completed","Planning",TRUE,50284800,83.1428571428572,2032-04-05,FALSE,239,34.1428571428571,2032-11-30,TRUE,17193600,28.4285714285714,2033-06-17
"1133",5.1,"Solar Photovoltaics",2371,2030-09-01,4,"Completed","Planning",TRUE,17020800,28.1428571428571,2031-03-17,TRUE,420,60,2032-05-10,TRUE,6825600,11.2857142857143,2032-07-28
"1134",4.8,"Solar Photovoltaics",1523,2030-09-01,4,"Completed","Planning",TRUE,12787200,21.1428571428571,2031-01-27,FALSE,272,38.8571428571429,2031-10-26,TRUE,12960000,21.4285714285714,2032-03-24
"1135",0.25,"Wind Onshore",14115,2030-10-01,4,"Completed","Planning",TRUE,124848000,206.428571428571,2034-09-15,TRUE,568,81.1428571428571,2036-04-05,TRUE,59356800,98.1428571428572,2038-02-21
"1136",0.25,"Wind Onshore",8869,2030-10-01,4,"Completed","Planning",TRUE,30153600,49.8571428571429,2031-09-15,TRUE,3281,468.714285714286,2040-09-08,TRUE,27388800,45.2857142857143,2041-07-22
"1137",NA,"Wind Onshore",18444,2030-10-01,4,"Completed","Planning",TRUE,50025600,82.7142857142857,2032-05-02,TRUE,940,134.285714285714,2034-11-28,TRUE,34300800,56.7142857142857,2035-12-30
"1138",4.9,"Solar Photovoltaics",6121,2030-10-01,4,"Completed","Planning",TRUE,5443200,9,2030-12-03,TRUE,420,60,2032-01-27,TRUE,5702400,9.42857142857143,2032-04-02
"1139",4.9,"Solar Photovoltaics",5852,2030-10-01,4,"Completed","Planning",TRUE,21513600,35.5714285714286,2031-06-07,FALSE,646,92.2857142857143,2033-03-14,TRUE,22377600,37,2033-11-28
"1140",13,"Solar Photovoltaics",6007,2030-10-01,4,"Completed","Planning",TRUE,16416000,27.1428571428571,2031-04-09,FALSE,130,18.5714285714286,2031-08-17,TRUE,6825600,11.2857142857143,2031-11-04
"1141",0.3,"Wind Onshore",7805,2030-11-01,4,"Completed","Planning",TRUE,46828800,77.4285714285714,2032-04-26,TRUE,1618,231.142857142857,2036-09-30,TRUE,15638400,25.8571428571429,2037-03-30
"1142",3,"Wind Onshore",4290,2030-11-01,4,"Completed","Planning",TRUE,81734400,135.142857142857,2033-06-04,TRUE,1623,231.857142857143,2037-11-13,TRUE,65232000,107.857142857143,2039-12-08
"1143",1.5,"Wind Onshore",5219,2030-11-01,4,"Completed","Planning",FALSE,84672000,140,2033-07-08,TRUE,1141,163,2036-08-22,TRUE,46828800,77.4285714285714,2038-02-15
"1144",1.3,"Solar Photovoltaics",5000,2030-11-01,4,"Completed","Planning",FALSE,12787200,21.1428571428571,2031-03-29,TRUE,779,111.285714285714,2033-05-16,TRUE,6307200,10.4285714285714,2033-07-28
"1145",8.5,"Solar Photovoltaics",5952,2030-11-01,4,"Completed","Planning",TRUE,9849600,16.2857142857143,2031-02-23,FALSE,568,81.1428571428571,2032-09-13,TRUE,8640000,14.2857142857143,2032-12-22
"1146",13.8,"Wind Onshore",4237,2030-12-01,4,"Completed","Planning",FALSE,43545600,72,2032-04-18,TRUE,809,115.571428571429,2034-07-06,TRUE,29635200,49,2035-06-14
"1147",0.25,"Wind Onshore",8273,2030-12-01,4,"Completed","Planning",TRUE,15292800,25.2857142857143,2031-05-27,TRUE,3281,468.714285714286,2040-05-20,TRUE,37584000,62.1428571428571,2041-07-29
"1148",6.4,"Solar Photovoltaics",5977,2030-12-01,4,"Completed","Planning",TRUE,29116800,48.1428571428571,2031-11-03,FALSE,568,81.1428571428571,2033-05-24,TRUE,5788800,9.57142857142857,2033-07-30
"1149",6,"Solar Photovoltaics",5085,2030-12-01,4,"Completed","Planning",TRUE,12787200,21.1428571428571,2031-04-28,FALSE,261,37.2857142857143,2032-01-14,TRUE,22809600,37.7142857142857,2032-10-04
"1150",1.5,"Wind Onshore",7213,2031-01-01,4,"Completed","Planning",TRUE,11491200,19,2031-05-14,TRUE,2150,307.142857142857,2037-04-02,TRUE,21427200,35.4285714285714,2037-12-06
"1151",0.2,"Wind Onshore",7560,2031-01-01,4,"Completed","Planning",TRUE,38188800,63.1428571428571,2032-03-18,TRUE,239,34.1428571428571,2032-11-12,TRUE,65232000,107.857142857143,2034-12-07
"1152",15,"Wind Onshore",3191,2031-01-01,4,"Completed","Planning",TRUE,54518400,90.1428571428572,2032-09-23,TRUE,630,90,2034-06-15,TRUE,7862400,13,2034-09-14
"1153",0.85,"Wind Onshore",14114,2031-01-01,4,"Completed","Planning",TRUE,137635200,227.571428571429,2035-05-13,TRUE,630,90,2037-02-01,TRUE,38534400,63.7142857142857,2038-04-23
"1154",NA,"Wind Onshore",16353,2031-01-01,4,"Completed","Planning",TRUE,16761600,27.7142857142857,2031-07-14,TRUE,1595,227.857142857143,2035-11-25,TRUE,-12268800,-20.2857142857143,2035-07-06
"1155",3.8,"Solar Photovoltaics",1350,2031-01-01,4,"Completed","Planning",TRUE,12528000,20.7142857142857,2031-05-26,TRUE,495,70.7142857142857,2032-10-02,TRUE,8640000,14.2857142857143,2033-01-10
"1156",10,"Solar Photovoltaics",5435,2031-01-01,4,"Completed","Planning",TRUE,9676800,16,2031-04-23,TRUE,313,44.7142857142857,2032-03-01,TRUE,6307200,10.4285714285714,2032-05-13
"1157",2,"Solar Photovoltaics",16451,2031-01-01,4,"Completed","Planning",FALSE,22636800,37.4285714285714,2031-09-20,TRUE,779,111.285714285714,2033-11-07,TRUE,18316800,30.2857142857143,2034-06-07
"1158",2.3,"Wind Onshore",3851,2031-02-01,4,"Completed","Planning",FALSE,98755200,163.285714285714,2034-03-20,TRUE,1889,269.857142857143,2039-05-22,TRUE,23673600,39.1428571428571,2040-02-20
"1159",2.3,"Wind Onshore",2720,2031-02-01,4,"Completed","Planning",TRUE,94176000,155.714285714286,2034-01-26,TRUE,1889,269.857142857143,2039-03-30,TRUE,34300800,56.7142857142857,2040-04-30
"1160",12,"Wind Onshore",4998,2031-02-01,4,"Completed","Planning",TRUE,68688000,113.571428571429,2033-04-06,TRUE,568,81.1428571428571,2034-10-26,TRUE,54259200,89.7142857142857,2036-07-15
"1161",NA,"Wind Onshore",16646,2031-02-01,4,"Completed","Planning",TRUE,146620800,242.428571428571,2035-09-25,TRUE,752,107.428571428571,2037-10-16,TRUE,32140800,53.1428571428571,2038-10-23
"1162",NA,"Wind Onshore",16450,2031-02-01,4,"Completed","Planning",TRUE,50112000,82.8571428571429,2032-09-03,TRUE,640,91.4285714285714,2034-06-05,TRUE,12614400,20.8571428571429,2034-10-29
"1163",0.7,"Solar Photovoltaics",17115,2031-02-01,4,"Completed","Planning",TRUE,17020800,28.1428571428571,2031-08-17,FALSE,420,60,2032-10-10,TRUE,4665600,7.71428571428571,2032-12-03
"1164",1,"Solar Photovoltaics",7744,2031-02-01,4,"Completed","Planning",FALSE,40435200,66.8571428571429,2032-05-14,TRUE,563,80.4285714285714,2033-11-28,TRUE,22377600,37,2034-08-14
"1165",13.8,"Wind Onshore",4264,2031-03-01,4,"Completed","Planning",TRUE,42249600,69.8571428571429,2032-07-02,TRUE,2646,378,2039-09-30,TRUE,56937600,94.1428571428572,2041-07-20
"1166",10,"Wind Onshore",7640,2031-03-01,4,"Completed","Planning",TRUE,43200000,71.4285714285714,2032-07-13,FALSE,736,105.142857142857,2034-07-19,TRUE,25315200,41.8571428571429,2035-05-08
"1167",11.5,"Wind Onshore",4220,2031-03-01,4,"Completed","Planning",FALSE,39657600,65.5714285714286,2032-06-02,TRUE,303,43.2857142857143,2033-04-01,TRUE,33609600,55.5714285714286,2034-04-25
"1168",0.9,"Wind Onshore",7418,2031-03-01,4,"Completed","Planning",TRUE,137376000,227.142857142857,2035-07-08,FALSE,240,34.2857142857143,2036-03-04,TRUE,38534400,63.7142857142857,2037-05-24
"1169",0.25,"Wind Onshore",14131,2031-03-01,4,"Completed","Planning",TRUE,26784000,44.2857142857143,2032-01-05,FALSE,2308,329.714285714286,2038-05-01,TRUE,16588800,27.4285714285714,2038-11-09
"1170",7,"Solar Photovoltaics",5331,2031-03-01,4,"Completed","Planning",FALSE,17020800,28.1428571428571,2031-09-14,TRUE,683,97.5714285714286,2033-07-28,TRUE,5616000,9.28571428571429,2033-10-01
"1171",10.9,"Solar Photovoltaics",5439,2031-03-01,4,"Completed","Planning",FALSE,72057600,119.142857142857,2033-06-12,TRUE,387,55.2857142857143,2034-07-04,TRUE,18316800,30.2857142857143,2035-02-01
"1172",NA,"Solar Photovoltaics",16715,2031-03-01,4,"Completed","Planning",FALSE,21513600,35.5714285714286,2031-11-05,FALSE,261,37.2857142857143,2032-07-23,TRUE,22377600,37,2033-04-08
"1173",NA,"Wind Onshore",8224,2031-04-01,4,"Completed","Planning",TRUE,5702400,9.42857142857143,2031-06-06,TRUE,1659,237,2035-12-21,TRUE,56937600,94.1428571428572,2037-10-10
"1174",0.3,"Wind Onshore",7633,2031-04-01,4,"Completed","Planning",TRUE,169516800,280.285714285714,2036-08-14,TRUE,2251,321.571428571429,2042-10-13,TRUE,21427200,35.4285714285714,2043-06-18
"1175",0.3,"Wind Onshore",7603,2031-04-01,4,"Completed","Planning",TRUE,32054400,53,2032-04-06,TRUE,3297,471,2041-04-16,TRUE,8726400,14.4285714285714,2041-07-26
"1176",20,"Wind Onshore",3253,2031-04-01,4,"Completed","Planning",TRUE,75254400,124.428571428571,2033-08-19,TRUE,640,91.4285714285714,2035-05-21,TRUE,38534400,63.7142857142857,2036-08-09
"1177",0.15,"Solar Photovoltaics",15229,2031-04-01,4,"Completed","Planning",FALSE,5443200,9,2031-06-03,FALSE,272,38.8571428571429,2032-03-01,TRUE,5788800,9.57142857142857,2032-05-07
"1178",4.8,"Solar Photovoltaics",1523,2031-04-01,4,"Completed","Planning",TRUE,12528000,20.7142857142857,2031-08-24,TRUE,503,71.8571428571428,2033-01-08,TRUE,6307200,10.4285714285714,2033-03-22
"1179",14,"Wind Onshore",2929,2031-05-01,4,"Completed","Planning",TRUE,125452800,207.428571428571,2035-04-22,TRUE,1182,168.857142857143,2038-07-17,TRUE,59356800,98.1428571428572,2040-06-03
"1180",8,"Wind Onshore",4284,2031-05-01,4,"Completed","Planning",FALSE,26179200,43.2857142857143,2032-02-28,TRUE,1428,204,2036-01-26,TRUE,68688000,113.571428571429,2038-03-31
"1181",0.3,"Wind Onshore",7935,2031-05-01,4,"Completed","Planning",TRUE,40953600,67.7142857142857,2032-08-17,TRUE,1141,163,2035-10-02,TRUE,28684800,47.4285714285714,2036-08-29
"1182",29.9,"Wind Onshore",4186,2031-05-01,4,"Completed","Planning",FALSE,267840000,442.857142857143,2039-10-26,TRUE,932,133.142857142857,2042-05-15,TRUE,32140800,53.1428571428571,2043-05-22
"1183",3,"Solar Photovoltaics",6292,2031-05-01,4,"Completed","Planning",TRUE,2678400,4.42857142857143,2031-06-01,TRUE,401,57.2857142857143,2032-07-06,TRUE,5702400,9.42857142857143,2032-09-10
"1184",NA,"Solar Photovoltaics",16715,2031-05-01,4,"Completed","Planning",TRUE,57542400,95.1428571428572,2033-02-25,TRUE,563,80.4285714285714,2034-09-11,TRUE,18316800,30.2857142857143,2035-04-11
"1185",NA,"Solar Photovoltaics",17711,2031-05-01,4,"Completed","Planning",TRUE,16934400,28,2031-11-13,FALSE,879,125.571428571429,2034-04-10,TRUE,5702400,9.42857142857143,2034-06-15
"1186",NA,"Wind Onshore",18379,2031-06-01,4,"Completed","Planning",TRUE,32054400,53,2032-06-06,TRUE,2646,378,2039-09-04,TRUE,28944000,47.8571428571429,2040-08-04
"1187",0.3,"Wind Onshore",8126,2031-06-01,4,"Completed","Planning",TRUE,25315200,41.8571428571429,2032-03-20,TRUE,1,0.142857142857143,2032-03-21,TRUE,43286400,71.5714285714286,2033-08-04
"1188",0.25,"Wind Onshore",8194,2031-06-01,4,"Completed","Planning",TRUE,62467200,103.285714285714,2033-05-24,TRUE,1428,204,2037-04-21,TRUE,28425600,47,2038-03-16
"1189",25,"Solar Photovoltaics",5955,2031-06-01,4,"Completed","Planning",TRUE,12528000,20.7142857142857,2031-10-24,TRUE,420,60,2032-12-17,TRUE,5702400,9.42857142857143,2033-02-21
"1190",NA,"Solar Photovoltaics",17417,2031-06-01,4,"Completed","Planning",TRUE,21513600,35.5714285714286,2032-02-05,TRUE,513,73.2857142857143,2033-07-02,TRUE,9849600,16.2857142857143,2033-10-24
"1191",29.9,"Solar Photovoltaics",16337,2031-06-01,4,"Completed","Planning",FALSE,13392000,22.1428571428571,2031-11-03,TRUE,401,57.2857142857143,2032-12-08,TRUE,2419200,4,2033-01-05
"1192",0.3,"Wind Onshore",8074,2031-07-01,4,"Completed","Planning",TRUE,304992000,504.285714285714,2041-02-28,TRUE,1542,220.285714285714,2045-05-20,TRUE,7862400,13,2045-08-19
"1193",NA,"Wind Onshore",17665,2031-07-01,4,"Completed","Planning",TRUE,104630400,173,2034-10-24,TRUE,3267,466.714285714286,2043-10-04,TRUE,27388800,45.2857142857143,2044-08-16
"1194",4.6,"Wind Onshore",3680,2031-07-01,4,"Completed","Planning",TRUE,42508800,70.2857142857143,2032-11-04,TRUE,422,60.2857142857143,2033-12-31,TRUE,30067200,49.7142857142857,2034-12-14
"1195",13.8,"Wind Onshore",4264,2031-07-01,4,"Completed","Planning",TRUE,35942400,59.4285714285714,2032-08-20,TRUE,630,90,2034-05-12,TRUE,65232000,107.857142857143,2036-06-05
"1196",0.7,"Solar Photovoltaics",17115,2031-07-01,4,"Completed","Planning",TRUE,16848000,27.8571428571429,2032-01-12,TRUE,401,57.2857142857143,2033-02-16,TRUE,12960000,21.4285714285714,2033-07-16
"1197",4.1,"Solar Photovoltaics",5201,2031-07-01,4,"Completed","Planning",FALSE,20822400,34.4285714285714,2032-02-27,FALSE,683,97.5714285714286,2034-01-10,TRUE,6307200,10.4285714285714,2034-03-24
"1198",10.9,"Solar Photovoltaics",5439,2031-07-01,4,"Completed","Planning",TRUE,5443200,9,2031-09-02,TRUE,130,18.5714285714286,2032-01-10,TRUE,2419200,4,2032-02-07
"1199",0.3,"Wind Onshore",7633,2031-08-01,4,"Completed","Planning",TRUE,16675200,27.5714285714286,2032-02-10,TRUE,40,5.71428571428571,2032-03-21,TRUE,23673600,39.1428571428571,2032-12-20
"1200",0.25,"Wind Onshore",9595,2031-08-01,4,"Completed","Planning",FALSE,27216000,45,2032-06-11,TRUE,1558,222.571428571429,2036-09-16,TRUE,36892800,61,2037-11-17
"1201",4.7,"Wind Onshore",2866,2031-08-01,4,"Completed","Planning",TRUE,146966400,243,2036-03-28,TRUE,818,116.857142857143,2038-06-24,TRUE,27388800,45.2857142857143,2039-05-07
"1202",10,"Wind Onshore",7640,2031-08-01,4,"Completed","Planning",TRUE,80870400,133.714285714286,2034-02-22,TRUE,687,98.1428571428571,2036-01-10,TRUE,32745600,54.1428571428571,2037-01-23
"1203",25.7,"Solar Photovoltaics",4954,2031-08-01,4,"Completed","Planning",TRUE,9936000,16.4285714285714,2031-11-24,TRUE,568,81.1428571428571,2033-06-14,TRUE,5702400,9.42857142857143,2033-08-19
"1204",1,"Solar Photovoltaics",14123,2031-08-01,4,"Completed","Planning",TRUE,10368000,17.1428571428571,2031-11-29,TRUE,779,111.285714285714,2034-01-16,TRUE,12960000,21.4285714285714,2034-06-15
"1205",1.3,"Solar Photovoltaics",5000,2031-08-01,4,"Completed","Planning",TRUE,5356800,8.85714285714286,2031-10-02,TRUE,261,37.2857142857143,2032-06-19,TRUE,2419200,4,2032-07-17
"1206",5.1,"Wind Onshore",2927,2031-09-01,4,"Completed","Planning",TRUE,124848000,206.428571428571,2035-08-16,TRUE,2339,334.142857142857,2042-01-10,TRUE,36806400,60.8571428571429,2043-03-12
"1207",0.3,"Wind Onshore",7805,2031-09-01,4,"Completed","Planning",FALSE,17971200,29.7142857142857,2032-03-27,FALSE,825,117.857142857143,2034-06-30,TRUE,29548800,48.8571428571429,2035-06-07
"1208",0.25,"Wind Onshore",16568,2031-09-01,4,"Completed","Planning",TRUE,87091200,144,2034-06-05,TRUE,2159,308.428571428571,2040-05-03,TRUE,29635200,49,2041-04-11
"1209",0.3,"Wind Onshore",6801,2031-09-01,4,"Completed","Planning",TRUE,38188800,63.1428571428571,2032-11-16,FALSE,2295,327.857142857143,2039-02-28,TRUE,46828800,77.4285714285714,2040-08-23
"1210",6,"Solar Photovoltaics",4724,2031-09-01,4,"Completed","Planning",TRUE,26006400,43,2032-06-28,FALSE,503,71.8571428571428,2033-11-13,TRUE,4665600,7.71428571428571,2034-01-06
"1211",5.9,"Solar Photovoltaics",4884,2031-09-01,4,"Completed","Planning",TRUE,16934400,28,2032-03-15,TRUE,313,44.7142857142857,2033-01-22,TRUE,10281600,17,2033-05-21
"1212",14,"Wind Onshore",8106,2031-10-01,4,"Completed","Planning",TRUE,38188800,63.1428571428571,2032-12-16,TRUE,932,133.142857142857,2035-07-06,TRUE,32745600,54.1428571428571,2036-07-19
"1213",NA,"Wind Onshore",16646,2031-10-01,4,"Completed","Planning",TRUE,7084800,11.7142857142857,2031-12-22,TRUE,1542,220.285714285714,2036-03-12,TRUE,65232000,107.857142857143,2038-04-06
"1214",14,"Wind Onshore",2929,2031-10-01,4,"Completed","Planning",TRUE,30326400,50.1428571428571,2032-09-16,FALSE,422,60.2857142857143,2033-11-12,TRUE,8726400,14.4285714285714,2034-02-21
"1215",39.5,"Solar Photovoltaics",6829,2031-10-01,4,"Completed","Planning",TRUE,8467200,14,2032-01-07,TRUE,503,71.8571428571428,2033-05-24,TRUE,22809600,37.7142857142857,2034-02-12
"1216",6.5,"Solar Photovoltaics",1789,2031-10-01,4,"Completed","Planning",TRUE,15292800,25.2857142857143,2032-03-26,TRUE,513,73.2857142857143,2033-08-21,TRUE,22377600,37,2034-05-07
"1217",5.9,"Wind Onshore",3568,2031-11-01,4,"Completed","Planning",TRUE,32054400,53,2032-11-06,FALSE,1623,231.857142857143,2037-04-17,TRUE,5356800,8.85714285714286,2037-06-18
"1218",0.85,"Wind Onshore",14130,2031-11-01,4,"Completed","Planning",TRUE,17193600,28.4285714285714,2032-05-18,TRUE,630,90,2034-02-07,TRUE,34732800,57.4285714285714,2035-03-16
"1219",1.5,"Wind Onshore",7213,2031-11-01,4,"Completed","Planning",FALSE,29894400,49.4285714285714,2032-10-12,FALSE,1039,148.428571428571,2035-08-17,TRUE,26352000,43.5714285714286,2036-06-17
"1220",4.1,"Solar Photovoltaics",5201,2031-11-01,4,"Completed","Planning",TRUE,56160000,92.8571428571429,2033-08-12,TRUE,261,37.2857142857143,2034-04-30,TRUE,6825600,11.2857142857143,2034-07-18
"1221",39.5,"Solar Photovoltaics",6829,2031-11-01,4,"Completed","Planning",FALSE,36806400,60.8571428571429,2032-12-31,TRUE,646,92.2857142857143,2034-10-08,TRUE,20217600,33.4285714285714,2035-05-30
"1222",27.6,"Wind Onshore",4058,2031-12-01,4,"Completed","Planning",TRUE,23760000,39.2857142857143,2032-09-01,TRUE,947,135.285714285714,2035-04-06,TRUE,46828800,77.4285714285714,2036-09-29
"1223",NA,"Wind Onshore",18380,2031-12-01,4,"Completed","Planning",TRUE,29894400,49.4285714285714,2032-11-11,TRUE,1549,221.285714285714,2037-02-07,TRUE,28857600,47.7142857142857,2038-01-07
"1224",10,"Wind Onshore",2888,2031-12-01,4,"Completed","Planning",TRUE,7689600,12.7142857142857,2032-02-28,TRUE,1691,241.571428571429,2036-10-15,TRUE,17193600,28.4285714285714,2037-05-02
"1225",NA,"Solar Photovoltaics",16715,2031-12-01,4,"Completed","Planning",FALSE,5443200,9,2032-02-02,TRUE,494,70.5714285714286,2033-06-10,TRUE,8640000,14.2857142857143,2033-09-18
"1226",NA,"Solar Photovoltaics",14126,2031-12-01,4,"Completed","Planning",TRUE,20822400,34.4285714285714,2032-07-29,TRUE,313,44.7142857142857,2033-06-07,TRUE,5616000,9.28571428571429,2033-08-11
"1227",21.8,"Solar Photovoltaics",5184,2031-12-01,4,"Completed","Planning",TRUE,12787200,21.1428571428571,2032-04-27,TRUE,513,73.2857142857143,2033-09-22,TRUE,11318400,18.7142857142857,2034-01-31
"1228",9,"Wind Onshore",6187,2025-01-01,5,"Completed","Planning",TRUE,50716800,83.8571428571429,2026-08-11,TRUE,1623,231.857142857143,2031-01-20,TRUE,27388800,45.2857142857143,2031-12-03
"1229",NA,"Wind Onshore",8867,2025-01-01,5,"Completed","Planning",TRUE,9590400,15.8571428571429,2025-04-22,TRUE,66,9.42857142857143,2025-06-27,TRUE,36201600,59.8571428571429,2026-08-20
"1230",36.3,"Wind Onshore",6143,2025-01-01,5,"Completed","Planning",TRUE,10540800,17.4285714285714,2025-05-03,TRUE,1039,148.428571428571,2028-03-07,TRUE,68688000,113.571428571429,2030-05-11
"1231",0.25,"Wind Onshore",13993,2025-01-01,5,"Completed","Planning",TRUE,46656000,77.1428571428572,2026-06-25,TRUE,1039,148.428571428571,2029-04-29,TRUE,56937600,94.1428571428572,2031-02-17
"1232",4.2,"Wind Onshore",6739,2025-01-01,5,"Completed","Planning",TRUE,146534400,242.285714285714,2029-08-24,TRUE,403,57.5714285714286,2030-10-01,TRUE,5356800,8.85714285714286,2030-12-02
"1233",0.9,"Wind Onshore",7402,2025-01-01,5,"Completed","Planning",TRUE,18921600,31.2857142857143,2025-08-08,TRUE,1069,152.714285714286,2028-07-12,TRUE,29548800,48.8571428571429,2029-06-19
"1234",6.5,"Solar Photovoltaics",2324,2025-01-01,5,"Completed","Planning",FALSE,21513600,35.5714285714286,2025-09-07,TRUE,513,73.2857142857143,2027-02-02,TRUE,18316800,30.2857142857143,2027-09-02
"1235",42,"Wind Onshore",4142,2025-02-01,5,"Completed","Planning",FALSE,30153600,49.8571428571429,2026-01-16,TRUE,818,116.857142857143,2028-04-13,TRUE,50716800,83.8571428571429,2029-11-21
"1236",15,"Wind Onshore",4066,2025-02-01,5,"Completed","Planning",TRUE,27907200,46.1428571428571,2025-12-21,TRUE,1542,220.285714285714,2030-03-12,TRUE,44323200,73.2857142857143,2031-08-07
"1237",12,"Wind Onshore",4155,2025-02-01,5,"Completed","Planning",TRUE,16675200,27.5714285714286,2025-08-13,TRUE,398,56.8571428571429,2026-09-15,TRUE,41299200,68.2857142857143,2028-01-06
"1238",27,"Wind Onshore",4650,2025-02-01,5,"Completed","Planning",TRUE,28684800,47.4285714285714,2025-12-30,TRUE,66,9.42857142857143,2026-03-06,TRUE,37584000,62.1428571428571,2027-05-15
"1239",24,"Wind Onshore",4957,2025-02-01,5,"Completed","Planning",TRUE,16675200,27.5714285714286,2025-08-13,FALSE,1558,222.571428571429,2029-11-18,TRUE,29635200,49,2030-10-27
"1240",25.7,"Solar Photovoltaics",4954,2025-02-01,5,"Completed","Planning",TRUE,16934400,28,2025-08-16,FALSE,486,69.4285714285714,2026-12-15,TRUE,10281600,17,2027-04-13
"1241",15,"Wind Onshore",3714,2025-03-01,5,"Completed","Planning",TRUE,91756800,151.714285714286,2028-01-27,TRUE,1428,204,2031-12-25,TRUE,15811200,26.1428571428571,2032-06-25
"1242",50,"Solar Photovoltaics",6012,2025-03-01,5,"Completed","Planning",TRUE,56160000,92.8571428571429,2026-12-11,TRUE,513,73.2857142857143,2028-05-07,TRUE,10281600,17,2028-09-03
"1243",NA,"Wind Onshore",18379,2025-04-01,5,"Completed","Planning",TRUE,81043200,134,2027-10-26,TRUE,1,0.142857142857143,2027-10-27,TRUE,29548800,48.8571428571429,2028-10-03
"1244",3,"Solar Photovoltaics",6292,2025-04-01,5,"Completed","Planning",TRUE,16070400,26.5714285714286,2025-10-04,TRUE,486,69.4285714285714,2027-02-02,TRUE,4665600,7.71428571428571,2027-03-28
"1245",0.25,"Wind Onshore",8875,2025-05-01,5,"Completed","Planning",TRUE,32140800,53.1428571428571,2026-05-08,TRUE,640,91.4285714285714,2028-02-07,TRUE,15638400,25.8571428571429,2028-08-06
"1246",4.1,"Solar Photovoltaics",5201,2025-05-01,5,"Completed","Planning",TRUE,72057600,119.142857142857,2027-08-13,TRUE,568,81.1428571428571,2029-03-03,TRUE,27648000,45.7142857142857,2030-01-17
"1247",2,"Wind Onshore",4920,2025-06-01,5,"Completed","Planning",FALSE,100051200,165.428571428571,2028-08-02,TRUE,398,56.8571428571429,2029-09-04,TRUE,28684800,47.4285714285714,2030-08-02
"1248",39.5,"Solar Photovoltaics",6829,2025-06-01,5,"Completed","Planning",FALSE,25920000,42.8571428571429,2026-03-28,TRUE,486,69.4285714285714,2027-07-27,TRUE,20217600,33.4285714285714,2028-03-17
"1249",0.2,"Wind Onshore",7743,2025-07-01,5,"Completed","Planning",TRUE,50716800,83.8571428571429,2027-02-08,TRUE,2295,327.857142857143,2033-05-22,TRUE,29548800,48.8571428571429,2034-04-29
"1250",6.5,"Solar Photovoltaics",2324,2025-07-01,5,"Completed","Planning",FALSE,5356800,8.85714285714286,2025-09-01,TRUE,513,73.2857142857143,2027-01-27,TRUE,12960000,21.4285714285714,2027-06-26
"1251",NA,"Wind Onshore",8876,2025-08-01,5,"Completed","Planning",FALSE,89164800,147.428571428571,2028-05-29,TRUE,1141,163,2031-07-14,TRUE,36806400,60.8571428571429,2032-09-12
"1252",4.9,"Solar Photovoltaics",6002,2025-08-01,5,"Completed","Planning",TRUE,16934400,28,2026-02-13,FALSE,387,55.2857142857143,2027-03-07,TRUE,8640000,14.2857142857143,2027-06-15
"1253",42,"Wind Onshore",4142,2025-09-01,5,"Completed","Planning",TRUE,51926400,85.8571428571429,2027-04-25,FALSE,2159,308.428571428571,2033-03-23,TRUE,14428800,23.8571428571429,2033-09-06
"1254",25.2,"Solar Photovoltaics",5443,2025-09-01,5,"Completed","Planning",FALSE,5443200,9,2025-11-03,TRUE,513,73.2857142857143,2027-03-31,TRUE,5270400,8.71428571428572,2027-05-31
"1255",5.6,"Wind Onshore",4283,2025-10-01,5,"Completed","Planning",TRUE,10540800,17.4285714285714,2026-01-31,FALSE,986,140.857142857143,2028-10-13,TRUE,15638400,25.8571428571429,2029-04-12
"1256",4.1,"Solar Photovoltaics",6325,2025-10-01,5,"Completed","Planning",TRUE,25920000,42.8571428571429,2026-07-28,TRUE,261,37.2857142857143,2027-04-15,TRUE,9849600,16.2857142857143,2027-08-07
"1257",0.9,"Wind Onshore",13670,2025-11-01,5,"Completed","Planning",TRUE,304992000,504.285714285714,2035-07-02,TRUE,932,133.142857142857,2038-01-19,TRUE,26265600,43.4285714285714,2038-11-19
"1258",6.7,"Solar Photovoltaics",5463,2025-11-01,5,"Completed","Planning",TRUE,20217600,33.4285714285714,2026-06-23,TRUE,568,81.1428571428571,2028-01-12,TRUE,2419200,4,2028-02-09
"1259",NA,"Wind Onshore",16336,2025-12-01,5,"Completed","Planning",TRUE,244944000,405,2033-09-05,TRUE,1659,237,2038-03-22,TRUE,56937600,94.1428571428572,2040-01-10
"1260",28,"Wind Onshore",7489,2026-01-01,5,"Completed","Planning",TRUE,14083200,23.2857142857143,2026-06-13,FALSE,1466,209.428571428571,2030-06-18,TRUE,27388800,45.2857142857143,2031-05-01
"1261",NA,"Wind Onshore",8877,2026-01-01,5,"Completed","Planning",FALSE,195782400,323.714285714286,2032-03-16,TRUE,1558,222.571428571429,2036-06-21,TRUE,15811200,26.1428571428571,2036-12-21
"1262",18.4,"Wind Onshore",2957,2026-02-01,5,"Completed","Planning",TRUE,92534400,153,2029-01-07,TRUE,1816,259.428571428571,2033-12-28,TRUE,37584000,62.1428571428571,2035-03-08
"1263",2,"Solar Photovoltaics",16451,2026-02-01,5,"Completed","Planning",TRUE,20304000,33.5714285714286,2026-09-24,TRUE,513,73.2857142857143,2028-02-19,TRUE,22377600,37,2028-11-04
"1264",3,"Wind Onshore",5896,2026-03-01,5,"Completed","Planning",TRUE,108691200,179.714285714286,2029-08-10,TRUE,1691,241.571428571429,2034-03-28,TRUE,37584000,62.1428571428571,2035-06-06
"1265",4.9,"Solar Photovoltaics",5852,2026-03-01,5,"Completed","Planning",TRUE,15292800,25.2857142857143,2026-08-25,FALSE,495,70.7142857142857,2028-01-02,TRUE,2419200,4,2028-01-30
"1266",0.25,"Wind Onshore",18394,2026-04-01,5,"Completed","Planning",TRUE,78192000,129.285714285714,2028-09-22,TRUE,2308,329.714285714286,2035-01-17,TRUE,0,0,2035-01-17
"1267",0.2,"Wind Onshore",18445,2026-04-01,5,"Completed","Planning",TRUE,53740800,88.8571428571429,2027-12-14,TRUE,1623,231.857142857143,2032-05-24,TRUE,26265600,43.4285714285714,2033-03-24
"1268",6.5,"Solar Photovoltaics",1789,2026-04-01,5,"Completed","Planning",TRUE,20995200,34.7142857142857,2026-11-30,FALSE,503,71.8571428571428,2028-04-16,TRUE,18316800,30.2857142857143,2028-11-14
"1269",0.9,"Wind Onshore",13670,2026-05-01,5,"Completed","Planning",TRUE,50112000,82.8571428571429,2027-12-02,TRUE,986,140.857142857143,2030-08-14,TRUE,36806400,60.8571428571429,2031-10-14
"1270",2.5,"Wind Onshore",3852,2026-05-01,5,"Completed","Planning",FALSE,10540800,17.4285714285714,2026-08-31,TRUE,2646,378,2033-11-28,TRUE,23673600,39.1428571428571,2034-08-29
"1271",25,"Solar Photovoltaics",5967,2026-05-01,5,"Completed","Planning",TRUE,16848000,27.8571428571429,2026-11-12,FALSE,563,80.4285714285714,2028-05-28,TRUE,5270400,8.71428571428572,2028-07-28
"1272",0.3,"Wind Onshore",7495,2026-06-01,5,"Completed","Planning",TRUE,81043200,134,2028-12-25,TRUE,932,133.142857142857,2031-07-15,TRUE,38534400,63.7142857142857,2032-10-03
"1273",4.7,"Wind Onshore",2866,2026-06-01,5,"Completed","Planning",TRUE,124848000,206.428571428571,2030-05-16,TRUE,1466,209.428571428571,2034-05-21,TRUE,21427200,35.4285714285714,2035-01-24
"1274",0.25,"Wind Onshore",8266,2026-07-01,5,"Completed","Planning",TRUE,49593600,82,2028-01-26,TRUE,1039,148.428571428571,2030-11-30,TRUE,28857600,47.7142857142857,2031-10-30
"1275",20.7,"Wind Onshore",4042,2026-07-01,5,"Completed","Planning",TRUE,224121600,370.571428571429,2033-08-07,TRUE,3281,468.714285714286,2042-08-01,TRUE,78883200,130.428571428571,2045-01-30
"1276",50,"Solar Photovoltaics",6012,2026-07-01,5,"Completed","Planning",TRUE,25488000,42.1428571428571,2027-04-22,TRUE,261,37.2857142857143,2028-01-08,TRUE,2419200,4,2028-02-05
"1277",NA,"Wind Onshore",14128,2026-08-01,5,"Completed","Planning",TRUE,27216000,45,2027-06-12,TRUE,640,91.4285714285714,2029-03-13,TRUE,27388800,45.2857142857143,2030-01-24
"1278",19.5,"Wind Onshore",3130,2026-09-01,5,"Completed","Planning",FALSE,17971200,29.7142857142857,2027-03-28,TRUE,1889,269.857142857143,2032-05-29,TRUE,65232000,107.857142857143,2034-06-23
"1279",6.7,"Solar Photovoltaics",5463,2026-09-01,5,"Completed","Planning",TRUE,56160000,92.8571428571429,2028-06-12,TRUE,261,37.2857142857143,2029-02-28,TRUE,12960000,21.4285714285714,2029-07-28
"1280",9.2,"Wind Onshore",4081,2026-10-01,5,"Completed","Planning",FALSE,62294400,103,2028-09-21,TRUE,3281,468.714285714286,2037-09-15,TRUE,54259200,89.7142857142857,2039-06-05
"1281",2.3,"Wind Onshore",5861,2026-10-01,5,"Completed","Planning",TRUE,66528000,110,2028-11-09,TRUE,736,105.142857142857,2030-11-15,TRUE,32745600,54.1428571428571,2031-11-29
"1282",7.1,"Wind Onshore",4139,2026-11-01,5,"Completed","Planning",TRUE,20822400,34.4285714285714,2027-06-30,TRUE,1039,148.428571428571,2030-05-04,TRUE,32745600,54.1428571428571,2031-05-18
"1283",20.7,"Wind Onshore",6096,2026-12-01,5,"Completed","Planning",FALSE,142041600,234.857142857143,2031-06-02,FALSE,2150,307.142857142857,2037-04-21,TRUE,26352000,43.5714285714286,2038-02-20
"1284",3.8,"Solar Photovoltaics",1350,2026-12-01,5,"Completed","Planning",FALSE,72057600,119.142857142857,2029-03-14,FALSE,563,80.4285714285714,2030-09-28,TRUE,9849600,16.2857142857143,2031-01-20
"1285",23.5,"Wind Onshore",4297,2027-01-01,5,"Completed","Planning",FALSE,7689600,12.7142857142857,2027-03-31,TRUE,1659,237,2031-10-15,TRUE,68688000,113.571428571429,2033-12-18
"1286",0.3,"Wind Onshore",7346,2027-01-01,5,"Completed","Planning",FALSE,5356800,8.85714285714286,2027-03-04,TRUE,2150,307.142857142857,2033-01-21,TRUE,25315200,41.8571428571429,2033-11-10
"1287",NA,"Solar Photovoltaics",14126,2027-01-01,5,"Completed","Planning",TRUE,72057600,119.142857142857,2029-04-14,FALSE,401,57.2857142857143,2030-05-20,TRUE,2419200,4,2030-06-17
"1288",0.25,"Wind Onshore",9675,2027-02-01,5,"Completed","Planning",TRUE,13564800,22.4285714285714,2027-07-08,TRUE,640,91.4285714285714,2029-04-08,TRUE,28857600,47.7142857142857,2030-03-08
"1289",5,"Wind Onshore",3112,2027-02-01,5,"Completed","Planning",FALSE,50025600,82.7142857142857,2028-09-02,TRUE,568,81.1428571428571,2030-03-24,TRUE,34300800,56.7142857142857,2031-04-25
"1290",NA,"Solar Photovoltaics",17711,2027-02-01,5,"Completed","Planning",TRUE,16416000,27.1428571428571,2027-08-10,FALSE,563,80.4285714285714,2029-02-23,TRUE,5788800,9.57142857142857,2029-05-01
"1291",0.3,"Wind Onshore",7680,2027-03-01,5,"Completed","Planning",FALSE,137635200,227.571428571429,2031-07-11,TRUE,1558,222.571428571429,2035-10-16,TRUE,12614400,20.8571428571429,2036-03-10
"1292",0.3,"Wind Onshore",7612,2027-03-01,5,"Completed","Planning",TRUE,18921600,31.2857142857143,2027-10-06,TRUE,480,68.5714285714286,2029-01-28,TRUE,44323200,73.2857142857143,2030-06-25
"1293",6.2,"Solar Photovoltaics",5614,2027-03-01,5,"Completed","Planning",TRUE,40435200,66.8571428571429,2028-06-11,TRUE,130,18.5714285714286,2028-10-19,TRUE,8640000,14.2857142857143,2029-01-27
"1294",22,"Wind Onshore",4563,2027-04-01,5,"Completed","Planning",FALSE,25315200,41.8571428571429,2028-01-19,TRUE,1889,269.857142857143,2033-03-22,TRUE,16588800,27.4285714285714,2033-09-30
"1295",5,"Wind Onshore",3097,2027-04-01,5,"Completed","Planning",TRUE,91324800,151,2030-02-21,TRUE,239,34.1428571428571,2030-10-18,TRUE,0,0,2030-10-18
"1296",25.7,"Solar Photovoltaics",4954,2027-04-01,5,"Completed","Planning",TRUE,57542400,95.1428571428572,2029-01-26,TRUE,503,71.8571428571428,2030-06-13,TRUE,2419200,4,2030-07-11
"1297",0.3,"Wind Onshore",7673,2027-05-01,5,"Completed","Planning",TRUE,18403200,30.4285714285714,2027-11-30,TRUE,1740,248.571428571429,2032-09-04,TRUE,16588800,27.4285714285714,2033-03-15
"1298",0.25,"Wind Onshore",9713,2027-05-01,5,"Completed","Planning",TRUE,51926400,85.8571428571429,2028-12-22,TRUE,853,121.857142857143,2031-04-24,TRUE,52531200,86.8571428571429,2032-12-22
"1299",6.4,"Solar Photovoltaics",5977,2027-05-01,5,"Completed","Planning",TRUE,10022400,16.5714285714286,2027-08-25,TRUE,420,60,2028-10-18,TRUE,6825600,11.2857142857143,2029-01-05
"1300",18.4,"Wind Onshore",5474,2027-06-01,5,"Completed","Planning",FALSE,50112000,82.8571428571429,2029-01-01,TRUE,2295,327.857142857143,2035-04-15,TRUE,5270400,8.71428571428572,2035-06-15
"1301",NA,"Solar Photovoltaics",17711,2027-06-01,5,"Completed","Planning",TRUE,30672000,50.7142857142857,2028-05-21,TRUE,401,57.2857142857143,2029-06-26,TRUE,4665600,7.71428571428571,2029-08-19
"1302",5,"Wind Onshore",3122,2027-07-01,5,"Completed","Planning",TRUE,267840000,442.857142857143,2035-12-26,TRUE,860,122.857142857143,2038-05-04,TRUE,54259200,89.7142857142857,2040-01-22
"1303",6.7,"Solar Photovoltaics",5463,2027-07-01,5,"Completed","Planning",TRUE,16934400,28,2028-01-13,FALSE,420,60,2029-03-08,TRUE,5702400,9.42857142857143,2029-05-13
"1304",0.3,"Wind Onshore",7346,2027-08-01,5,"Completed","Planning",TRUE,36806400,60.8571428571429,2028-09-30,FALSE,809,115.571428571429,2030-12-18,TRUE,78883200,130.428571428571,2033-06-18
"1305",29.9,"Solar Photovoltaics",16337,2027-08-01,5,"Completed","Planning",TRUE,9676800,16,2027-11-21,TRUE,272,38.8571428571429,2028-08-19,TRUE,11318400,18.7142857142857,2028-12-28
"1306",0.66,"Wind Onshore",14112,2027-09-01,5,"Completed","Planning",TRUE,146534400,242.285714285714,2032-04-23,TRUE,1069,152.714285714286,2035-03-28,TRUE,27388800,45.2857142857143,2036-02-08
"1307",10,"Solar Photovoltaics",5435,2027-09-01,5,"Completed","Planning",TRUE,15292800,25.2857142857143,2028-02-25,TRUE,401,57.2857142857143,2029-04-01,TRUE,5097600,8.42857142857143,2029-05-30
"1308",0.3,"Wind Onshore",7768,2027-10-01,5,"Completed","Planning",TRUE,83980800,138.857142857143,2030-05-30,TRUE,1889,269.857142857143,2035-08-01,TRUE,8726400,14.4285714285714,2035-11-10
"1309",10.9,"Solar Photovoltaics",5439,2027-10-01,5,"Completed","Planning",TRUE,9936000,16.4285714285714,2028-01-24,TRUE,503,71.8571428571428,2029-06-10,TRUE,5097600,8.42857142857143,2029-08-08
"1310",0.25,"Wind Onshore",8236,2027-11-01,5,"Completed","Planning",TRUE,143510400,237.285714285714,2032-05-19,TRUE,240,34.2857142857143,2033-01-14,TRUE,21427200,35.4285714285714,2033-09-19
"1311",22,"Wind Onshore",4563,2027-11-01,5,"Completed","Planning",TRUE,137635200,227.571428571429,2032-03-12,FALSE,568,81.1428571428571,2033-10-01,TRUE,32140800,53.1428571428571,2034-10-08
"1312",13.5,"Solar Photovoltaics",2236,2027-11-01,5,"Completed","Planning",TRUE,25488000,42.1428571428571,2028-08-22,TRUE,603,86.1428571428571,2030-04-17,TRUE,12960000,21.4285714285714,2030-09-14
"1313",18.4,"Wind Onshore",4047,2027-12-01,5,"Completed","Planning",TRUE,62467200,103.285714285714,2029-11-23,TRUE,2159,308.428571428571,2035-10-22,TRUE,29548800,48.8571428571429,2036-09-28
"1314",13.5,"Solar Photovoltaics",2236,2027-12-01,5,"Completed","Planning",FALSE,57542400,95.1428571428572,2029-09-27,TRUE,528,75.4285714285714,2031-03-09,TRUE,22377600,37,2031-11-23
"1315",0.3,"Wind Onshore",7407,2028-01-01,5,"Completed","Planning",TRUE,142041600,234.857142857143,2032-07-02,TRUE,1069,152.714285714286,2035-06-06,TRUE,15811200,26.1428571428571,2035-12-06
"1316",6.9,"Wind Onshore",3849,2028-01-01,5,"Completed","Planning",TRUE,32832000,54.2857142857143,2029-01-15,TRUE,2150,307.142857142857,2034-12-05,TRUE,36806400,60.8571428571429,2036-02-04
"1317",39.5,"Solar Photovoltaics",6829,2028-01-01,5,"Completed","Planning",TRUE,72057600,119.142857142857,2030-04-14,TRUE,313,44.7142857142857,2031-02-21,TRUE,6307200,10.4285714285714,2031-05-05
"1318",0.3,"Wind Onshore",7615,2028-02-01,5,"Completed","Planning",FALSE,7689600,12.7142857142857,2028-04-30,TRUE,1691,241.571428571429,2032-12-16,TRUE,29548800,48.8571428571429,2033-11-23
"1319",9,"Wind Onshore",3168,2028-02-01,5,"Completed","Planning",TRUE,30153600,49.8571428571429,2029-01-15,TRUE,2646,378,2036-04-14,TRUE,7862400,13,2036-07-14
"1320",2.5,"Solar Photovoltaics",16454,2028-02-01,5,"Completed","Planning",TRUE,2678400,4.42857142857143,2028-03-03,TRUE,486,69.4285714285714,2029-07-02,TRUE,5616000,9.28571428571429,2029-09-05
"1321",2,"Wind Onshore",4812,2028-03-01,5,"Completed","Planning",TRUE,118886400,196.571428571429,2031-12-07,TRUE,825,117.857142857143,2034-03-11,TRUE,17193600,28.4285714285714,2034-09-26
"1322",5,"Wind Onshore",3097,2028-03-01,5,"Completed","Planning",FALSE,16416000,27.1428571428571,2028-09-07,FALSE,1466,209.428571428571,2032-09-12,TRUE,28425600,47,2033-08-07
"1323",11.7,"Wind Onshore",3244,2028-03-01,5,"Completed","Planning",TRUE,146620800,242.428571428571,2032-10-23,TRUE,687,98.1428571428571,2034-09-10,TRUE,33696000,55.7142857142857,2035-10-05
"1324",0.15,"Solar Photovoltaics",15229,2028-03-01,5,"Completed","Planning",TRUE,16070400,26.5714285714286,2028-09-03,TRUE,646,92.2857142857143,2030-06-11,TRUE,12960000,21.4285714285714,2030-11-08
"1325",10,"Wind Onshore",2888,2028-04-01,5,"Completed","Planning",TRUE,91584000,151.428571428571,2031-02-25,TRUE,1542,220.285714285714,2035-05-17,TRUE,17193600,28.4285714285714,2035-12-02
"1326",9,"Wind Onshore",4688,2028-04-01,5,"Completed","Planning",TRUE,211420800,349.571428571429,2034-12-13,TRUE,40,5.71428571428571,2035-01-22,TRUE,52531200,86.8571428571429,2036-09-21
"1327",20,"Solar Photovoltaics",17260,2028-04-01,5,"Completed","Planning",TRUE,2678400,4.42857142857143,2028-05-02,TRUE,486,69.4285714285714,2029-08-31,TRUE,2419200,4,2029-09-28
"1328",2.3,"Wind Onshore",6353,2028-05-01,5,"Completed","Planning",TRUE,43200000,71.4285714285714,2029-09-13,TRUE,1,0.142857142857143,2029-09-14,TRUE,32745600,54.1428571428571,2030-09-28
"1329",0.2,"Wind Onshore",7801,2028-05-01,5,"Completed","Planning",TRUE,9590400,15.8571428571429,2028-08-20,TRUE,986,140.857142857143,2031-05-03,TRUE,41299200,68.2857142857143,2032-08-23
"1330",3,"Solar Photovoltaics",6292,2028-05-01,5,"Completed","Planning",TRUE,17020800,28.1428571428571,2028-11-14,TRUE,603,86.1428571428571,2030-07-10,TRUE,5270400,8.71428571428572,2030-09-09
"1331",NA,"Wind Onshore",8872,2028-06-01,5,"Completed","Planning",FALSE,26179200,43.2857142857143,2029-03-31,FALSE,422,60.2857142857143,2030-05-27,TRUE,-12268800,-20.2857142857143,2030-01-05
"1332",2.5,"Wind Onshore",3954,2028-06-01,5,"Completed","Planning",TRUE,28598400,47.2857142857143,2029-04-28,FALSE,809,115.571428571429,2031-07-16,TRUE,59356800,98.1428571428572,2033-06-02
"1333",NA,"Solar Photovoltaics",17468,2028-06-01,5,"Completed","Planning",TRUE,5443200,9,2028-08-03,TRUE,603,86.1428571428571,2030-03-29,TRUE,18316800,30.2857142857143,2030-10-27
"1334",2,"Solar Photovoltaics",16451,2028-06-01,5,"Completed","Planning",TRUE,12528000,20.7142857142857,2028-10-24,TRUE,779,111.285714285714,2030-12-12,TRUE,11318400,18.7142857142857,2031-04-22
"1335",NA,"Wind Onshore",17426,2028-07-01,5,"Completed","Planning",FALSE,7084800,11.7142857142857,2028-09-21,TRUE,480,68.5714285714286,2030-01-14,TRUE,-12268800,-20.2857142857143,2029-08-25
"1336",13.8,"Wind Onshore",2716,2028-07-01,5,"Completed","Planning",TRUE,353980800,585.285714285714,2039-09-19,TRUE,1623,231.857142857143,2044-02-28,TRUE,5356800,8.85714285714286,2044-04-30
"1337",1,"Solar Photovoltaics",7744,2028-07-01,5,"Completed","Planning",TRUE,26006400,43,2029-04-28,TRUE,528,75.4285714285714,2030-10-08,TRUE,9849600,16.2857142857143,2031-01-30
"1338",25,"Solar Photovoltaics",5967,2028-07-01,5,"Completed","Planning",TRUE,14515200,24,2028-12-16,TRUE,130,18.5714285714286,2029-04-25,TRUE,5788800,9.57142857142857,2029-07-01
"1339",27,"Wind Onshore",4650,2028-08-01,5,"Completed","Planning",TRUE,89251200,147.571428571429,2031-05-31,TRUE,1141,163,2034-07-15,TRUE,34300800,56.7142857142857,2035-08-16
"1340",0.6,"Wind Onshore",13996,2028-08-01,5,"Completed","Planning",TRUE,195782400,323.714285714286,2034-10-15,TRUE,752,107.428571428571,2036-11-05,TRUE,28684800,47.4285714285714,2037-10-03
"1341",10,"Solar Photovoltaics",5435,2028-08-01,5,"Completed","Planning",TRUE,16070400,26.5714285714286,2029-02-03,TRUE,401,57.2857142857143,2030-03-11,TRUE,27648000,45.7142857142857,2031-01-25
"1342",6.4,"Solar Photovoltaics",5977,2028-08-01,5,"Completed","Planning",TRUE,12528000,20.7142857142857,2028-12-24,TRUE,486,69.4285714285714,2030-04-24,TRUE,4665600,7.71428571428571,2030-06-17
"1343",13.8,"Wind Onshore",4190,2028-09-01,5,"Completed","Planning",TRUE,39657600,65.5714285714286,2029-12-04,FALSE,932,133.142857142857,2032-06-23,TRUE,19612800,32.4285714285714,2033-02-05
"1344",NA,"Wind Onshore",16336,2028-09-01,5,"Completed","Planning",TRUE,30153600,49.8571428571429,2029-08-16,FALSE,1816,259.428571428571,2034-08-06,TRUE,65232000,107.857142857143,2036-08-30
"1345",10,"Solar Photovoltaics",5435,2028-09-01,5,"Completed","Planning",TRUE,30672000,50.7142857142857,2029-08-22,TRUE,387,55.2857142857143,2030-09-13,TRUE,18316800,30.2857142857143,2031-04-13
"1346",0.5,"Wind Onshore",7682,2028-10-01,5,"Completed","Planning",FALSE,44064000,72.8571428571429,2030-02-23,TRUE,1069,152.714285714286,2033-01-27,TRUE,28425600,47,2033-12-22
"1347",4.8,"Solar Photovoltaics",1296,2028-10-01,5,"Completed","Planning",TRUE,20995200,34.7142857142857,2029-06-01,TRUE,401,57.2857142857143,2030-07-07,TRUE,9849600,16.2857142857143,2030-10-29
"1348",NA,"Wind Onshore",18443,2028-11-01,5,"Completed","Planning",FALSE,98755200,163.285714285714,2031-12-19,TRUE,240,34.2857142857143,2032-08-15,TRUE,36201600,59.8571428571429,2033-10-08
"1349",0.25,"Wind Onshore",9670,2028-11-01,5,"Completed","Planning",TRUE,68688000,113.571428571429,2031-01-05,TRUE,986,140.857142857143,2033-09-17,TRUE,34732800,57.4285714285714,2034-10-24
"1350",4.8,"Solar Photovoltaics",1523,2028-11-01,5,"Completed","Planning",TRUE,13392000,22.1428571428571,2029-04-05,TRUE,513,73.2857142857143,2030-08-31,TRUE,5270400,8.71428571428572,2030-10-31
"1351",NA,"Solar Photovoltaics",17711,2028-11-01,5,"Completed","Planning",FALSE,17020800,28.1428571428571,2029-05-17,TRUE,879,125.571428571429,2031-10-13,TRUE,18316800,30.2857142857143,2032-05-12
"1352",20,"Wind Onshore",2959,2028-12-01,5,"Completed","Planning",FALSE,19353600,32,2029-07-13,TRUE,1895,270.714285714286,2034-09-20,TRUE,31536000,52.1428571428571,2035-09-20
"1353",0.9,"Wind Onshore",13670,2028-12-01,5,"Completed","Planning",TRUE,10972800,18.1428571428571,2029-04-07,TRUE,1595,227.857142857143,2033-08-19,TRUE,25315200,41.8571428571429,2034-06-08
"1354",NA,"Solar Photovoltaics",14126,2028-12-01,5,"Completed","Planning",FALSE,4924800,8.14285714285714,2029-01-27,TRUE,503,71.8571428571428,2030-06-14,TRUE,5616000,9.28571428571429,2030-08-18
"1355",7,"Solar Photovoltaics",5331,2028-12-01,5,"Completed","Planning",TRUE,16070400,26.5714285714286,2029-06-05,TRUE,563,80.4285714285714,2030-12-20,TRUE,2419200,4,2031-01-17
"1356",0.3,"Wind Onshore",7615,2029-01-01,5,"Completed","Planning",TRUE,44409600,73.4285714285714,2030-05-30,FALSE,2251,321.571428571429,2036-07-28,TRUE,37584000,62.1428571428571,2037-10-06
"1357",2.5,"Wind Onshore",3954,2029-01-01,5,"Completed","Planning",FALSE,116985600,193.428571428571,2032-09-16,TRUE,736,105.142857142857,2034-09-22,TRUE,50716800,83.8571428571429,2036-05-01
"1358",13.8,"Wind Onshore",4564,2029-01-01,5,"Completed","Planning",TRUE,83980800,138.857142857143,2031-08-31,TRUE,3297,471,2040-09-09,TRUE,28425600,47,2041-08-04
"1359",NA,"Solar Photovoltaics",17312,2029-01-01,5,"Completed","Planning",TRUE,17020800,28.1428571428571,2029-07-17,FALSE,130,18.5714285714286,2029-11-24,TRUE,5270400,8.71428571428572,2030-01-24
"1360",0.7,"Solar Photovoltaics",17115,2029-01-01,5,"Completed","Planning",TRUE,5356800,8.85714285714286,2029-03-04,FALSE,563,80.4285714285714,2030-09-18,TRUE,8899200,14.7142857142857,2030-12-30
"1361",20,"Wind Onshore",2959,2029-02-01,5,"Completed","Planning",TRUE,124416000,205.714285714286,2033-01-11,TRUE,414,59.1428571428571,2034-03-01,TRUE,26265600,43.4285714285714,2034-12-30
"1362",25,"Wind Onshore",7530,2029-02-01,5,"Completed","Planning",FALSE,69724800,115.285714285714,2031-04-19,FALSE,1889,269.857142857143,2036-06-20,TRUE,31536000,52.1428571428571,2037-06-20
"1363",9.2,"Wind Onshore",6186,2029-02-01,5,"Completed","Planning",TRUE,42076800,69.5714285714286,2030-06-03,TRUE,1069,152.714285714286,2033-05-07,TRUE,14428800,23.8571428571429,2033-10-21
"1364",NA,"Solar Photovoltaics",17312,2029-02-01,5,"Completed","Planning",FALSE,2678400,4.42857142857143,2029-03-04,FALSE,528,75.4285714285714,2030-08-14,TRUE,22377600,37,2031-04-30
"1365",6.4,"Solar Photovoltaics",5977,2029-02-01,5,"Completed","Planning",TRUE,21513600,35.5714285714286,2029-10-08,TRUE,486,69.4285714285714,2031-02-06,TRUE,27648000,45.7142857142857,2031-12-23
"1366",5.1,"Wind Onshore",2927,2029-03-01,5,"Completed","Planning",TRUE,27907200,46.1428571428571,2030-01-18,TRUE,825,117.857142857143,2032-04-22,TRUE,68688000,113.571428571429,2034-06-26
"1367",0.15,"Wind Onshore",8431,2029-03-01,5,"Completed","Planning",TRUE,22896000,37.8571428571429,2029-11-21,TRUE,422,60.2857142857143,2031-01-17,TRUE,14428800,23.8571428571429,2031-07-03
"1368",17.5,"Wind Onshore",3131,2029-03-01,5,"Completed","Planning",TRUE,51926400,85.8571428571429,2030-10-23,TRUE,1069,152.714285714286,2033-09-26,TRUE,29548800,48.8571428571429,2034-09-03
"1369",6.2,"Solar Photovoltaics",5614,2029-03-01,5,"Completed","Planning",TRUE,27993600,46.2857142857143,2030-01-19,TRUE,646,92.2857142857143,2031-10-27,TRUE,6307200,10.4285714285714,2032-01-08
"1370",NA,"Wind Onshore",16349,2029-04-01,5,"Completed","Planning",TRUE,26092800,43.1428571428571,2030-01-28,FALSE,398,56.8571428571429,2031-03-02,TRUE,36806400,60.8571428571429,2032-05-01
"1371",0.3,"Wind Onshore",7931,2029-04-01,5,"Completed","Planning",TRUE,49593600,82,2030-10-27,FALSE,480,68.5714285714286,2032-02-19,TRUE,28857600,47.7142857142857,2033-01-18
"1372",0.3,"Wind Onshore",7649,2029-04-01,5,"Completed","Planning",FALSE,211420800,349.571428571429,2035-12-13,TRUE,932,133.142857142857,2038-07-02,TRUE,26265600,43.4285714285714,2039-05-02
"1373",3.5,"Solar Photovoltaics",18060,2029-04-01,5,"Completed","Planning",TRUE,27993600,46.2857142857143,2030-02-19,TRUE,130,18.5714285714286,2030-06-29,TRUE,5097600,8.42857142857143,2030-08-27
"1374",10,"Wind Onshore",2888,2029-05-01,5,"Completed","Planning",TRUE,224121600,370.571428571429,2036-06-07,TRUE,1549,221.285714285714,2040-09-03,TRUE,12614400,20.8571428571429,2041-01-27
"1375",0.8,"Wind Onshore",7273,2029-05-01,5,"Completed","Planning",TRUE,119923200,198.285714285714,2033-02-17,TRUE,1659,237,2037-09-03,TRUE,36892800,61,2038-11-04
"1376",8.5,"Solar Photovoltaics",5952,2029-05-01,5,"Completed","Planning",TRUE,17020800,28.1428571428571,2029-11-14,FALSE,503,71.8571428571428,2031-04-01,TRUE,27648000,45.7142857142857,2032-02-15
"1377",9,"Wind Onshore",3113,2029-06-01,5,"Completed","Planning",TRUE,29548800,48.8571428571429,2030-05-09,TRUE,773,110.428571428571,2032-06-20,TRUE,30067200,49.7142857142857,2033-06-03
"1378",0.3,"Wind Onshore",7664,2029-06-01,5,"Completed","Planning",TRUE,51926400,85.8571428571429,2031-01-23,TRUE,860,122.857142857143,2033-06-01,TRUE,54259200,89.7142857142857,2035-02-19
"1379",3.8,"Solar Photovoltaics",1350,2029-06-01,5,"Completed","Planning",TRUE,14601600,24.1428571428571,2029-11-17,TRUE,528,75.4285714285714,2031-04-29,TRUE,5788800,9.57142857142857,2031-07-05
"1380",6.7,"Solar Photovoltaics",5463,2029-06-01,5,"Completed","Planning",TRUE,16848000,27.8571428571429,2029-12-13,TRUE,779,111.285714285714,2032-01-31,TRUE,2419200,4,2032-02-28
"1381",0.9,"Wind Onshore",7418,2029-07-01,5,"Completed","Planning",TRUE,142041600,234.857142857143,2033-12-31,TRUE,940,134.285714285714,2036-07-28,TRUE,36892800,61,2037-09-28
"1382",9,"Wind Onshore",2719,2029-07-01,5,"Completed","Planning",TRUE,143510400,237.285714285714,2034-01-17,TRUE,2339,334.142857142857,2040-06-13,TRUE,29548800,48.8571428571429,2041-05-21
"1383",6.4,"Solar Photovoltaics",5977,2029-07-01,5,"Completed","Planning",TRUE,15292800,25.2857142857143,2029-12-25,TRUE,528,75.4285714285714,2031-06-06,TRUE,22377600,37,2032-02-20
"1384",6.2,"Solar Photovoltaics",5614,2029-07-01,5,"Completed","Planning",TRUE,56160000,92.8571428571429,2031-04-12,FALSE,495,70.7142857142857,2032-08-19,TRUE,6825600,11.2857142857143,2032-11-06
"1385",12.5,"Wind Onshore",4320,2029-08-01,5,"Completed","Planning",TRUE,244944000,405,2037-05-06,TRUE,687,98.1428571428571,2039-03-24,TRUE,68688000,113.571428571429,2041-05-27
"1386",6,"Wind Onshore",2718,2029-08-01,5,"Completed","Planning",FALSE,91584000,151.428571428571,2032-06-26,TRUE,1659,237,2037-01-10,TRUE,0,0,2037-01-10
"1387",0.3,"Wind Onshore",7615,2029-08-01,5,"Completed","Planning",TRUE,62294400,103,2031-07-23,TRUE,752,107.428571428571,2033-08-13,TRUE,38534400,63.7142857142857,2034-11-02
"1388",2,"Solar Photovoltaics",16445,2029-08-01,5,"Completed","Planning",TRUE,14601600,24.1428571428571,2030-01-17,FALSE,683,97.5714285714286,2031-12-01,TRUE,2419200,4,2031-12-29
"1389",0.25,"Wind Onshore",8266,2029-09-01,5,"Completed","Planning",TRUE,60134400,99.4285714285714,2031-07-29,TRUE,403,57.5714285714286,2032-09-04,TRUE,0,0,2032-09-04
"1390",15,"Wind Onshore",4156,2029-09-01,5,"Completed","Planning",TRUE,61948800,102.428571428571,2031-08-19,TRUE,66,9.42857142857143,2031-10-24,TRUE,15638400,25.8571428571429,2032-04-22
"1391",14,"Wind Onshore",2929,2029-09-01,5,"Completed","Planning",TRUE,109296000,180.714285714286,2033-02-17,TRUE,752,107.428571428571,2035-03-11,TRUE,32745600,54.1428571428571,2036-03-24
"1392",NA,"Solar Photovoltaics",10590,2029-09-01,5,"Completed","Planning",TRUE,10368000,17.1428571428571,2029-12-30,FALSE,130,18.5714285714286,2030-05-09,TRUE,5097600,8.42857142857143,2030-07-07
"1393",4.99,"Solar Photovoltaics",18205,2029-09-01,5,"Completed","Planning",FALSE,8467200,14,2029-12-08,TRUE,646,92.2857142857143,2031-09-15,TRUE,8899200,14.7142857142857,2031-12-27
"1394",0.3,"Wind Onshore",7504,2029-10-01,5,"Completed","Planning",FALSE,29894400,49.4285714285714,2030-09-12,TRUE,239,34.1428571428571,2031-05-09,TRUE,15811200,26.1428571428571,2031-11-08
"1395",25,"Wind Onshore",4112,2029-10-01,5,"Completed","Planning",TRUE,142041600,234.857142857143,2034-04-02,TRUE,1406,200.857142857143,2038-02-06,TRUE,59356800,98.1428571428572,2039-12-25
"1396",4.1,"Solar Photovoltaics",6325,2029-10-01,5,"Completed","Planning",FALSE,16416000,27.1428571428571,2030-04-09,TRUE,130,18.5714285714286,2030-08-17,TRUE,5616000,9.28571428571429,2030-10-21
"1397",27.6,"Wind Onshore",4652,2029-11-01,5,"Completed","Planning",TRUE,7689600,12.7142857142857,2030-01-29,TRUE,1889,269.857142857143,2035-04-02,TRUE,7862400,13,2035-07-02
"1398",9,"Wind Onshore",3113,2029-11-01,5,"Completed","Planning",FALSE,27907200,46.1428571428571,2030-09-20,TRUE,568,81.1428571428571,2032-04-10,TRUE,25315200,41.8571428571429,2033-01-28
"1399",25,"Solar Photovoltaics",6024,2029-11-01,5,"Completed","Planning",TRUE,20822400,34.4285714285714,2030-06-30,FALSE,528,75.4285714285714,2031-12-10,TRUE,6825600,11.2857142857143,2032-02-27
"1400",0.3,"Wind Onshore",17825,2029-12-01,5,"Completed","Planning",TRUE,29721600,49.1428571428571,2030-11-10,FALSE,940,134.285714285714,2033-06-07,TRUE,26352000,43.5714285714286,2034-04-08
"1401",4.9,"Solar Photovoltaics",6002,2029-12-01,5,"Completed","Planning",TRUE,36806400,60.8571428571429,2031-01-31,TRUE,603,86.1428571428571,2032-09-25,TRUE,5270400,8.71428571428572,2032-11-25
"1402",21.8,"Solar Photovoltaics",5184,2029-12-01,5,"Completed","Planning",TRUE,9936000,16.4285714285714,2030-03-26,TRUE,401,57.2857142857143,2031-05-01,TRUE,8640000,14.2857142857143,2031-08-09
"1403",1.5,"Wind Onshore",7213,2030-01-01,5,"Completed","Planning",TRUE,115689600,191.285714285714,2033-09-01,TRUE,947,135.285714285714,2036-04-05,TRUE,52531200,86.8571428571429,2037-12-04
"1404",15,"Wind Onshore",4654,2030-01-01,5,"Completed","Planning",TRUE,20822400,34.4285714285714,2030-08-30,TRUE,2150,307.142857142857,2036-07-19,TRUE,32140800,53.1428571428571,2037-07-26
"1405",20,"Wind Onshore",3253,2030-01-01,5,"Completed","Planning",TRUE,116985600,193.428571428571,2033-09-16,TRUE,480,68.5714285714286,2035-01-09,TRUE,28684800,47.4285714285714,2035-12-07
"1406",0.25,"Wind Onshore",8873,2030-01-01,5,"Completed","Planning",TRUE,18748800,31,2030-08-06,FALSE,2295,327.857142857143,2036-11-17,TRUE,32745600,54.1428571428571,2037-12-01
"1407",4.8,"Solar Photovoltaics",1523,2030-01-01,5,"Completed","Planning",TRUE,10022400,16.5714285714286,2030-04-27,TRUE,313,44.7142857142857,2031-03-06,TRUE,12960000,21.4285714285714,2031-08-03
"1408",6.5,"Solar Photovoltaics",1789,2030-01-01,5,"Completed","Planning",TRUE,27993600,46.2857142857143,2030-11-21,TRUE,387,55.2857142857143,2031-12-13,TRUE,22809600,37.7142857142857,2032-09-02
"1409",NA,"Wind Onshore",18380,2030-02-01,5,"Completed","Planning",TRUE,20822400,34.4285714285714,2030-09-30,TRUE,809,115.571428571429,2032-12-17,TRUE,19612800,32.4285714285714,2033-08-01
"1410",18.4,"Wind Onshore",3953,2030-02-01,5,"Completed","Planning",TRUE,44064000,72.8571428571429,2031-06-26,TRUE,239,34.1428571428571,2032-02-20,TRUE,26265600,43.4285714285714,2032-12-20
"1411",12,"Wind Onshore",4143,2030-02-01,5,"Completed","Planning",TRUE,125798400,208,2034-01-27,FALSE,809,115.571428571429,2036-04-15,TRUE,37584000,62.1428571428571,2037-06-24
"1412",0.66,"Wind Onshore",14112,2030-02-01,5,"Completed","Planning",TRUE,9590400,15.8571428571429,2030-05-23,TRUE,1069,152.714285714286,2033-04-26,TRUE,36806400,60.8571428571429,2034-06-26
"1413",25.2,"Solar Photovoltaics",5443,2030-02-01,5,"Completed","Planning",TRUE,56160000,92.8571428571429,2031-11-13,FALSE,387,55.2857142857143,2032-12-04,TRUE,18316800,30.2857142857143,2033-07-04
"1414",9,"Wind Onshore",6187,2030-03-01,5,"Completed","Planning",TRUE,35942400,59.4285714285714,2031-04-21,TRUE,630,90,2033-01-10,TRUE,-12268800,-20.2857142857143,2032-08-21
"1415",20.7,"Wind Onshore",6096,2030-03-01,5,"Completed","Planning",TRUE,22896000,37.8571428571429,2030-11-21,TRUE,2339,334.142857142857,2037-04-17,TRUE,32745600,54.1428571428571,2038-05-01
"1416",9,"Wind Onshore",4688,2030-03-01,5,"Completed","Planning",FALSE,26179200,43.2857142857143,2030-12-29,TRUE,40,5.71428571428571,2031-02-07,TRUE,12614400,20.8571428571429,2031-07-03
"1417",4.1,"Solar Photovoltaics",6325,2030-03-01,5,"Completed","Planning",TRUE,14515200,24,2030-08-16,TRUE,387,55.2857142857143,2031-09-07,TRUE,5270400,8.71428571428572,2031-11-07
"1418",2,"Solar Photovoltaics",16583,2030-03-01,5,"Completed","Planning",TRUE,9849600,16.2857142857143,2030-06-23,TRUE,513,73.2857142857143,2031-11-18,TRUE,5616000,9.28571428571429,2032-01-22
"1419",0.25,"Wind Onshore",13995,2030-04-01,5,"Completed","Planning",FALSE,36806400,60.8571428571429,2031-06-01,TRUE,1595,227.857142857143,2035-10-13,TRUE,34300800,56.7142857142857,2036-11-13
"1420",0.85,"Wind Onshore",13668,2030-04-01,5,"Completed","Planning",TRUE,29548800,48.8571428571429,2031-03-09,TRUE,3267,466.714285714286,2040-02-17,TRUE,33609600,55.5714285714286,2041-03-12
"1421",13.8,"Wind Onshore",4108,2030-04-01,5,"Completed","Planning",TRUE,220147200,364,2037-03-23,TRUE,1889,269.857142857143,2042-05-25,TRUE,41644800,68.8571428571429,2043-09-19
"1422",3.5,"Solar Photovoltaics",18060,2030-04-01,5,"Completed","Planning",TRUE,36806400,60.8571428571429,2031-06-01,TRUE,646,92.2857142857143,2033-03-08,TRUE,10281600,17,2033-07-05
"1423",6.7,"Solar Photovoltaics",5463,2030-04-01,5,"Completed","Planning",TRUE,20217600,33.4285714285714,2030-11-21,FALSE,603,86.1428571428571,2032-07-16,TRUE,12960000,21.4285714285714,2032-12-13
"1424",46.8,"Wind Onshore",7406,2030-05-01,5,"Completed","Planning",FALSE,90892800,150.285714285714,2033-03-18,TRUE,239,34.1428571428571,2033-11-12,TRUE,36892800,61,2035-01-13
"1425",5,"Wind Onshore",3118,2030-05-01,5,"Completed","Planning",TRUE,5356800,8.85714285714286,2030-07-02,TRUE,986,140.857142857143,2033-03-14,TRUE,32140800,53.1428571428571,2034-03-21
"1426",7.1,"Wind Onshore",4139,2030-05-01,5,"Completed","Planning",FALSE,166838400,275.857142857143,2035-08-14,TRUE,3267,466.714285714286,2044-07-24,TRUE,15811200,26.1428571428571,2045-01-23
"1427",11.7,"Wind Onshore",3244,2030-05-01,5,"Completed","Planning",TRUE,55209600,91.2857142857143,2032-01-30,FALSE,1428,204,2035-12-28,TRUE,59356800,98.1428571428572,2037-11-14
"1428",4.9,"Solar Photovoltaics",6002,2030-05-01,5,"Completed","Planning",TRUE,56160000,92.8571428571429,2032-02-10,TRUE,879,125.571428571429,2034-07-08,TRUE,18316800,30.2857142857143,2035-02-05
"1429",NA,"Solar Photovoltaics",10590,2030-05-01,5,"Completed","Planning",TRUE,30672000,50.7142857142857,2031-04-21,TRUE,401,57.2857142857143,2032-05-26,TRUE,2419200,4,2032-06-23
"1430",NA,"Wind Onshore",8200,2030-06-01,5,"Completed","Planning",TRUE,46828800,77.4285714285714,2031-11-25,TRUE,303,43.2857142857143,2032-09-23,TRUE,41126400,68,2034-01-12
"1431",0.15,"Wind Onshore",9599,2030-06-01,5,"Completed","Planning",FALSE,16416000,27.1428571428571,2030-12-08,TRUE,1039,148.428571428571,2033-10-12,TRUE,25315200,41.8571428571429,2034-08-01
"1432",22,"Wind Onshore",4563,2030-06-01,5,"Completed","Planning",FALSE,25315200,41.8571428571429,2031-03-21,TRUE,1466,209.428571428571,2035-03-26,TRUE,78883200,130.428571428571,2037-09-24
"1433",NA,"Solar Photovoltaics",10590,2030-06-01,5,"Completed","Planning",TRUE,15292800,25.2857142857143,2030-11-25,TRUE,272,38.8571428571429,2031-08-24,TRUE,27648000,45.7142857142857,2032-07-09
"1434",1,"Solar Photovoltaics",14123,2030-06-01,5,"Completed","Planning",TRUE,72057600,119.142857142857,2032-09-12,FALSE,603,86.1428571428571,2034-05-08,TRUE,5616000,9.28571428571429,2034-07-12
"1435",30,"Wind Onshore",3252,2030-07-01,5,"Completed","Planning",TRUE,97632000,161.428571428571,2033-08-04,TRUE,1740,248.571428571429,2038-05-10,TRUE,52531200,86.8571428571429,2040-01-08
"1436",NA,"Wind Onshore",18379,2030-07-01,5,"Completed","Planning",TRUE,87091200,144,2033-04-04,TRUE,987,141,2035-12-17,TRUE,46828800,77.4285714285714,2037-06-11
"1437",15,"Wind Onshore",4066,2030-07-01,5,"Completed","Planning",FALSE,56851200,94,2032-04-19,TRUE,1691,241.571428571429,2036-12-05,TRUE,15638400,25.8571428571429,2037-06-04
"1438",2,"Solar Photovoltaics",16451,2030-07-01,5,"Completed","Planning",TRUE,16070400,26.5714285714286,2031-01-03,TRUE,401,57.2857142857143,2032-02-08,TRUE,27648000,45.7142857142857,2032-12-24
"1439",NA,"Solar Photovoltaics",17417,2030-07-01,5,"Completed","Planning",TRUE,25920000,42.8571428571429,2031-04-27,TRUE,494,70.5714285714286,2032-09-02,TRUE,5270400,8.71428571428572,2032-11-02
"1440",0.6,"Wind Onshore",17257,2030-08-01,5,"Completed","Planning",TRUE,99273600,164.142857142857,2033-09-23,TRUE,2251,321.571428571429,2039-11-22,TRUE,36201600,59.8571428571429,2041-01-14
"1441",5.6,"Wind Onshore",4283,2030-08-01,5,"Completed","Planning",TRUE,141264000,233.571428571429,2035-01-22,TRUE,752,107.428571428571,2037-02-12,TRUE,19612800,32.4285714285714,2037-09-27
"1442",18.4,"Wind Onshore",3953,2030-08-01,5,"Completed","Planning",TRUE,10972800,18.1428571428571,2030-12-06,FALSE,640,91.4285714285714,2032-09-06,TRUE,28857600,47.7142857142857,2033-08-06
"1443",4.9,"Solar Photovoltaics",6121,2030-08-01,5,"Completed","Planning",TRUE,12787200,21.1428571428571,2030-12-27,TRUE,495,70.7142857142857,2032-05-05,TRUE,4665600,7.71428571428571,2032-06-28
"1444",25,"Solar Photovoltaics",6024,2030-08-01,5,"Completed","Planning",TRUE,26006400,43,2031-05-29,TRUE,313,44.7142857142857,2032-04-06,TRUE,5788800,9.57142857142857,2032-06-12
"1445",9,"Wind Onshore",4725,2030-09-01,5,"Completed","Planning",TRUE,146534400,242.285714285714,2035-04-24,TRUE,818,116.857142857143,2037-07-20,TRUE,28857600,47.7142857142857,2038-06-19
"1446",0.8,"Wind Onshore",7273,2030-09-01,5,"Completed","Planning",TRUE,46828800,77.4285714285714,2032-02-25,FALSE,1623,231.857142857143,2036-08-05,TRUE,36892800,61,2037-10-06
"1447",0.25,"Wind Onshore",8279,2030-09-01,5,"Completed","Planning",TRUE,50284800,83.1428571428572,2032-04-05,TRUE,398,56.8571428571429,2033-05-08,TRUE,29548800,48.8571428571429,2034-04-15
"1448",5.9,"Solar Photovoltaics",4884,2030-09-01,5,"Completed","Planning",FALSE,56160000,92.8571428571429,2032-06-12,TRUE,503,71.8571428571428,2033-10-28,TRUE,5616000,9.28571428571429,2034-01-01
"1449",NA,"Solar Photovoltaics",17468,2030-09-01,5,"Completed","Planning",TRUE,16934400,28,2031-03-16,TRUE,568,81.1428571428571,2032-10-04,TRUE,20217600,33.4285714285714,2033-05-26
"1450",NA,"Wind Onshore",15152,2030-10-01,5,"Completed","Planning",FALSE,19353600,32,2031-05-13,TRUE,1691,241.571428571429,2035-12-29,TRUE,65232000,107.857142857143,2038-01-22
"1451",15,"Wind Onshore",3254,2030-10-01,5,"Completed","Planning",TRUE,119750400,198,2034-07-18,TRUE,3267,466.714285714286,2043-06-28,TRUE,15638400,25.8571428571429,2043-12-26
"1452",25,"Wind Onshore",4112,2030-10-01,5,"Completed","Planning",FALSE,195782400,323.714285714286,2036-12-14,FALSE,568,81.1428571428571,2038-07-05,TRUE,21427200,35.4285714285714,2039-03-10
"1453",39.5,"Solar Photovoltaics",6829,2030-10-01,5,"Completed","Planning",TRUE,2678400,4.42857142857143,2030-11-01,TRUE,568,81.1428571428571,2032-05-22,TRUE,9849600,16.2857142857143,2032-09-13
"1454",6.2,"Solar Photovoltaics",5614,2030-10-01,5,"Completed","Planning",TRUE,22636800,37.4285714285714,2031-06-20,TRUE,603,86.1428571428571,2033-02-12,TRUE,5270400,8.71428571428572,2033-04-14
"1455",0.25,"Wind Onshore",9675,2030-11-01,5,"Completed","Planning",TRUE,26179200,43.2857142857143,2031-08-31,FALSE,987,141,2034-05-14,TRUE,26265600,43.4285714285714,2035-03-14
"1456",24,"Wind Onshore",4957,2030-11-01,5,"Completed","Planning",TRUE,106790400,176.571428571429,2034-03-21,FALSE,687,98.1428571428571,2036-02-06,TRUE,37584000,62.1428571428571,2037-04-16
"1457",NA,"Solar Photovoltaics",14126,2030-11-01,5,"Completed","Planning",TRUE,21513600,35.5714285714286,2031-07-08,TRUE,387,55.2857142857143,2032-07-29,TRUE,10281600,17,2032-11-25
"1458",0.15,"Solar Photovoltaics",15229,2030-11-01,5,"Completed","Planning",TRUE,5443200,9,2031-01-03,TRUE,683,97.5714285714286,2032-11-16,TRUE,2419200,4,2032-12-14
"1459",19.5,"Wind Onshore",3263,2030-12-01,5,"Completed","Planning",FALSE,38361600,63.4285714285714,2032-02-18,TRUE,240,34.2857142857143,2032-10-15,TRUE,36806400,60.8571428571429,2033-12-15
"1460",0.3,"Wind Onshore",7719,2030-12-01,5,"Completed","Planning",TRUE,30153600,49.8571428571429,2031-11-15,TRUE,1428,204,2035-10-13,TRUE,54259200,89.7142857142857,2037-07-02
"1461",0.85,"Wind Onshore",14130,2030-12-01,5,"Completed","Planning",TRUE,29548800,48.8571428571429,2031-11-08,TRUE,422,60.2857142857143,2033-01-03,TRUE,25315200,41.8571428571429,2033-10-23
"1462",21.8,"Solar Photovoltaics",5184,2030-12-01,5,"Completed","Planning",TRUE,36806400,60.8571428571429,2032-01-31,FALSE,486,69.4285714285714,2033-05-31,TRUE,8640000,14.2857142857143,2033-09-08
"1463",6.2,"Solar Photovoltaics",5614,2030-12-01,5,"Completed","Planning",TRUE,14601600,24.1428571428571,2031-05-19,FALSE,313,44.7142857142857,2032-03-27,TRUE,22809600,37.7142857142857,2032-12-16
"1464",0.5,"Wind Onshore",15355,2031-01-01,5,"Completed","Planning",TRUE,7084800,11.7142857142857,2031-03-24,TRUE,1141,163,2034-05-08,TRUE,52531200,86.8571428571429,2036-01-06
"1465",20.7,"Wind Onshore",4042,2031-01-01,5,"Completed","Planning",TRUE,43545600,72,2032-05-19,TRUE,1620,231.428571428571,2036-10-25,TRUE,28857600,47.7142857142857,2037-09-24
"1466",0.5,"Wind Onshore",7329,2031-01-01,5,"Completed","Planning",TRUE,141264000,233.571428571429,2035-06-24,FALSE,1466,209.428571428571,2039-06-29,TRUE,52531200,86.8571428571429,2041-02-26
"1467",0.9,"Wind Onshore",13670,2031-01-01,5,"Completed","Planning",TRUE,32832000,54.2857142857143,2032-01-16,TRUE,480,68.5714285714286,2033-05-10,TRUE,78883200,130.428571428571,2035-11-09
"1468",16.1,"Wind Onshore",3600,2031-01-01,5,"Completed","Planning",TRUE,90892800,150.285714285714,2033-11-18,TRUE,1428,204,2037-10-16,TRUE,54259200,89.7142857142857,2039-07-06
"1469",6.5,"Solar Photovoltaics",2324,2031-01-01,5,"Completed","Planning",TRUE,5443200,9,2031-03-05,TRUE,486,69.4285714285714,2032-07-03,TRUE,5702400,9.42857142857143,2032-09-07
"1470",6.7,"Solar Photovoltaics",5463,2031-01-01,5,"Completed","Planning",TRUE,16416000,27.1428571428571,2031-07-10,FALSE,313,44.7142857142857,2032-05-18,TRUE,5097600,8.42857142857143,2032-07-16
"1471",NA,"Wind Onshore",16547,2031-02-01,5,"Completed","Planning",TRUE,38361600,63.4285714285714,2032-04-20,FALSE,239,34.1428571428571,2032-12-15,TRUE,14428800,23.8571428571429,2033-05-31
"1472",0.9,"Wind Onshore",7402,2031-02-01,5,"Completed","Planning",TRUE,50284800,83.1428571428572,2032-09-05,TRUE,1069,152.714285714286,2035-08-10,TRUE,15638400,25.8571428571429,2036-02-07
"1473",9.2,"Wind Onshore",4081,2031-02-01,5,"Completed","Planning",TRUE,91584000,151.428571428571,2033-12-27,TRUE,1141,163,2037-02-10,TRUE,50716800,83.8571428571429,2038-09-20
"1474",9.2,"Wind Onshore",4185,2031-02-01,5,"Completed","Planning",TRUE,56851200,94,2032-11-20,TRUE,1069,152.714285714286,2035-10-25,TRUE,31536000,52.1428571428571,2036-10-24
"1475",21.8,"Solar Photovoltaics",5184,2031-02-01,5,"Completed","Planning",TRUE,13392000,22.1428571428571,2031-07-06,TRUE,313,44.7142857142857,2032-05-14,TRUE,5616000,9.28571428571429,2032-07-18
"1476",20,"Solar Photovoltaics",17260,2031-02-01,5,"Completed","Planning",TRUE,16070400,26.5714285714286,2031-08-06,TRUE,486,69.4285714285714,2032-12-04,TRUE,5702400,9.42857142857143,2033-02-08
"1477",NA,"Solar Photovoltaics",17417,2031-02-01,5,"Completed","Planning",FALSE,26006400,43,2031-11-29,TRUE,513,73.2857142857143,2033-04-25,TRUE,22377600,37,2034-01-09
"1478",11.5,"Wind Onshore",4220,2031-03-01,5,"Completed","Planning",FALSE,91584000,151.428571428571,2034-01-24,TRUE,809,115.571428571429,2036-04-12,TRUE,30067200,49.7142857142857,2037-03-26
"1479",0.3,"Wind Onshore",7645,2031-03-01,5,"Completed","Planning",TRUE,68774400,113.714285714286,2033-05-05,TRUE,1549,221.285714285714,2037-08-01,TRUE,32745600,54.1428571428571,2038-08-15
"1480",0.25,"Wind Onshore",8868,2031-03-01,5,"Completed","Planning",TRUE,5875200,9.71428571428572,2031-05-08,TRUE,860,122.857142857143,2033-09-14,TRUE,29635200,49,2034-08-23
"1481",30,"Wind Onshore",3167,2031-03-01,5,"Completed","Planning",TRUE,211420800,349.571428571429,2037-11-11,FALSE,987,141,2040-07-25,TRUE,23673600,39.1428571428571,2041-04-25
"1482",NA,"Wind Onshore",15152,2031-03-01,5,"Completed","Planning",TRUE,90892800,150.285714285714,2034-01-16,FALSE,752,107.428571428571,2036-02-07,TRUE,56937600,94.1428571428572,2037-11-27
"1483",6.5,"Solar Photovoltaics",5450,2031-03-01,5,"Completed","Planning",FALSE,20995200,34.7142857142857,2031-10-30,TRUE,495,70.7142857142857,2033-03-08,TRUE,8640000,14.2857142857143,2033-06-16
"1484",8.5,"Solar Photovoltaics",5952,2031-03-01,5,"Completed","Planning",TRUE,16934400,28,2031-09-13,TRUE,779,111.285714285714,2033-10-31,TRUE,5788800,9.57142857142857,2034-01-06
"1485",36.3,"Wind Onshore",6143,2031-04-01,5,"Completed","Planning",TRUE,152236800,251.714285714286,2036-01-27,TRUE,1895,270.714285714286,2041-04-05,TRUE,15638400,25.8571428571429,2041-10-03
"1486",13.8,"Wind Onshore",4237,2031-04-01,5,"Completed","Planning",TRUE,143510400,237.285714285714,2035-10-18,FALSE,1466,209.428571428571,2039-10-23,TRUE,28857600,47.7142857142857,2040-09-21
"1487",0.6,"Wind Onshore",17257,2031-04-01,5,"Completed","Planning",TRUE,27216000,45,2032-02-10,TRUE,422,60.2857142857143,2033-04-07,TRUE,31536000,52.1428571428571,2034-04-07
"1488",19.5,"Wind Onshore",3130,2031-04-01,5,"Completed","Planning",TRUE,42076800,69.5714285714286,2032-07-31,FALSE,1816,259.428571428571,2037-07-21,TRUE,27388800,45.2857142857143,2038-06-03
"1489",5,"Solar Photovoltaics",5205,2031-04-01,5,"Completed","Planning",FALSE,5443200,9,2031-06-03,TRUE,401,57.2857142857143,2032-07-08,TRUE,5788800,9.57142857142857,2032-09-13
"1490",6.7,"Solar Photovoltaics",5463,2031-04-01,5,"Completed","Planning",TRUE,16070400,26.5714285714286,2031-10-04,TRUE,528,75.4285714285714,2033-03-15,TRUE,9849600,16.2857142857143,2033-07-07
"1491",0.3,"Solar Photovoltaics",16620,2031-04-01,5,"Completed","Planning",TRUE,5443200,9,2031-06-03,TRUE,528,75.4285714285714,2032-11-12,TRUE,5616000,9.28571428571429,2033-01-16
"1492",0.9,"Wind Onshore",13670,2031-05-01,5,"Completed","Planning",TRUE,134697600,222.714285714286,2035-08-07,TRUE,398,56.8571428571429,2036-09-08,TRUE,33696000,55.7142857142857,2037-10-03
"1493",11.5,"Wind Onshore",4902,2031-05-01,5,"Completed","Planning",TRUE,94176000,155.714285714286,2034-04-25,TRUE,825,117.857142857143,2036-07-28,TRUE,5270400,8.71428571428572,2036-09-27
"1494",0.25,"Wind Onshore",8266,2031-05-01,5,"Completed","Planning",TRUE,13564800,22.4285714285714,2031-10-05,FALSE,1127,161,2034-11-05,TRUE,27388800,45.2857142857143,2035-09-18
"1495",9,"Wind Onshore",3168,2031-05-01,5,"Completed","Planning",TRUE,353980800,585.285714285714,2042-07-19,TRUE,1618,231.142857142857,2046-12-23,TRUE,19612800,32.4285714285714,2047-08-07
"1496",4.9,"Solar Photovoltaics",6002,2031-05-01,5,"Completed","Planning",TRUE,20822400,34.4285714285714,2031-12-28,TRUE,401,57.2857142857143,2033-02-01,TRUE,8899200,14.7142857142857,2033-05-15
"1497",2.5,"Solar Photovoltaics",16454,2031-05-01,5,"Completed","Planning",TRUE,9676800,16,2031-08-21,FALSE,779,111.285714285714,2033-10-08,TRUE,11318400,18.7142857142857,2034-02-16
"1498",3.5,"Solar Photovoltaics",18060,2031-05-01,5,"Completed","Planning",FALSE,16934400,28,2031-11-13,FALSE,503,71.8571428571428,2033-03-30,TRUE,6307200,10.4285714285714,2033-06-11
"1499",NA,"Wind Onshore",13667,2031-06-01,5,"Completed","Planning",TRUE,9072000,15,2031-09-14,TRUE,1542,220.285714285714,2035-12-04,TRUE,44323200,73.2857142857143,2037-04-30
"1500",0.3,"Wind Onshore",7931,2031-06-01,5,"Completed","Planning",TRUE,43200000,71.4285714285714,2032-10-13,TRUE,2339,334.142857142857,2039-03-10,TRUE,30067200,49.7142857142857,2040-02-21
"1501",2,"Wind Onshore",14132,2031-06-01,5,"Completed","Planning",TRUE,68688000,113.571428571429,2033-08-04,FALSE,66,9.42857142857143,2033-10-09,TRUE,41299200,68.2857142857143,2035-01-30
"1502",2,"Wind Onshore",3712,2031-06-01,5,"Completed","Planning",TRUE,15292800,25.2857142857143,2031-11-25,TRUE,1406,200.857142857143,2035-10-01,TRUE,16588800,27.4285714285714,2036-04-10
"1503",25.7,"Solar Photovoltaics",4954,2031-06-01,5,"Completed","Planning",TRUE,25488000,42.1428571428571,2032-03-22,FALSE,387,55.2857142857143,2033-04-13,TRUE,5788800,9.57142857142857,2033-06-19
"1504",3.8,"Solar Photovoltaics",1350,2031-06-01,5,"Completed","Planning",TRUE,10368000,17.1428571428571,2031-09-29,TRUE,387,55.2857142857143,2032-10-20,TRUE,8899200,14.7142857142857,2033-01-31
"1505",10.9,"Solar Photovoltaics",5439,2031-06-01,5,"Completed","Planning",TRUE,40435200,66.8571428571429,2032-09-11,FALSE,486,69.4285714285714,2034-01-10,TRUE,6307200,10.4285714285714,2034-03-24
"1506",0.3,"Wind Onshore",7672,2031-07-01,5,"Completed","Planning",TRUE,27216000,45,2032-05-11,TRUE,1816,259.428571428571,2037-05-01,TRUE,28857600,47.7142857142857,2038-03-31
"1507",0.3,"Wind Onshore",7612,2031-07-01,5,"Completed","Planning",TRUE,16416000,27.1428571428571,2032-01-07,TRUE,1182,168.857142857143,2035-04-03,TRUE,15638400,25.8571428571429,2035-10-01
"1508",15,"Wind Onshore",3933,2031-07-01,5,"Completed","Planning",TRUE,108691200,179.714285714286,2034-12-10,TRUE,736,105.142857142857,2036-12-15,TRUE,8726400,14.4285714285714,2037-03-26
"1509",2.3,"Wind Onshore",6154,2031-07-01,5,"Completed","Planning",FALSE,16416000,27.1428571428571,2032-01-07,TRUE,860,122.857142857143,2034-05-16,TRUE,65232000,107.857142857143,2036-06-09
"1510",0.7,"Solar Photovoltaics",17115,2031-07-01,5,"Completed","Planning",FALSE,21513600,35.5714285714286,2032-03-06,TRUE,494,70.5714285714286,2033-07-13,TRUE,6825600,11.2857142857143,2033-09-30
"1511",NA,"Solar Photovoltaics",17417,2031-07-01,5,"Completed","Planning",FALSE,10022400,16.5714285714286,2031-10-25,FALSE,646,92.2857142857143,2033-08-01,TRUE,2419200,4,2033-08-29
"1512",9,"Wind Onshore",6187,2031-08-01,5,"Completed","Planning",TRUE,42249600,69.8571428571429,2032-12-02,TRUE,1127,161,2036-01-03,TRUE,32140800,53.1428571428571,2037-01-09
"1513",0.25,"Wind Onshore",7635,2031-08-01,5,"Completed","Planning",TRUE,97632000,161.428571428571,2034-09-04,TRUE,1895,270.714285714286,2039-11-12,TRUE,17193600,28.4285714285714,2040-05-29
"1514",14,"Wind Onshore",2929,2031-08-01,5,"Completed","Planning",TRUE,304992000,504.285714285714,2041-03-31,TRUE,947,135.285714285714,2043-11-03,TRUE,37584000,62.1428571428571,2045-01-11
"1515",NA,"Solar Photovoltaics",16293,2031-08-01,5,"Completed","Planning",FALSE,56160000,92.8571428571429,2033-05-12,TRUE,513,73.2857142857143,2034-10-07,TRUE,8640000,14.2857142857143,2035-01-15
"1516",4.8,"Solar Photovoltaics",1296,2031-08-01,5,"Completed","Planning",TRUE,20304000,33.5714285714286,2032-03-23,TRUE,420,60,2033-05-17,TRUE,18316800,30.2857142857143,2033-12-15
"1517",0.25,"Wind Onshore",8237,2031-09-01,5,"Completed","Planning",TRUE,134697600,222.714285714286,2035-12-08,FALSE,1889,269.857142857143,2041-02-08,TRUE,78883200,130.428571428571,2043-08-10
"1518",NA,"Wind Onshore",8277,2031-09-01,5,"Completed","Planning",FALSE,143510400,237.285714285714,2036-03-19,TRUE,3267,466.714285714286,2045-02-27,TRUE,26352000,43.5714285714286,2045-12-29
"1519",0.6,"Wind Onshore",15438,2031-09-01,5,"Completed","Planning",FALSE,118886400,196.571428571429,2035-06-08,TRUE,1466,209.428571428571,2039-06-13,TRUE,28944000,47.8571428571429,2040-05-13
"1520",2,"Wind Onshore",4953,2031-09-01,5,"Completed","Planning",TRUE,134697600,222.714285714286,2035-12-08,TRUE,1428,204,2039-11-05,TRUE,44323200,73.2857142857143,2041-04-01
"1521",13.5,"Solar Photovoltaics",2236,2031-09-01,5,"Completed","Planning",FALSE,14601600,24.1428571428571,2032-02-17,TRUE,513,73.2857142857143,2033-07-14,TRUE,9849600,16.2857142857143,2033-11-05
"1522",6.2,"Solar Photovoltaics",5614,2031-09-01,5,"Completed","Planning",FALSE,2678400,4.42857142857143,2031-10-02,TRUE,563,80.4285714285714,2033-04-17,TRUE,8899200,14.7142857142857,2033-07-29
"1523",0.25,"Wind Onshore",13995,2031-10-01,5,"Completed","Planning",FALSE,20822400,34.4285714285714,2032-05-29,TRUE,66,9.42857142857143,2032-08-03,TRUE,54259200,89.7142857142857,2034-04-23
"1524",0.3,"Wind Onshore",8126,2031-10-01,5,"Completed","Planning",TRUE,38793600,64.1428571428571,2032-12-23,TRUE,2150,307.142857142857,2038-11-12,TRUE,15811200,26.1428571428571,2039-05-14
"1525",9,"Wind Onshore",6187,2031-10-01,5,"Completed","Planning",FALSE,267840000,442.857142857143,2040-03-27,TRUE,1889,269.857142857143,2045-05-29,TRUE,59356800,98.1428571428572,2047-04-16
"1526",4.1,"Solar Photovoltaics",6325,2031-10-01,5,"Completed","Planning",TRUE,29116800,48.1428571428571,2032-09-02,TRUE,879,125.571428571429,2035-01-29,TRUE,5270400,8.71428571428572,2035-03-31
"1527",5.1,"Solar Photovoltaics",2371,2031-10-01,5,"Completed","Planning",TRUE,25920000,42.8571428571429,2032-07-27,TRUE,387,55.2857142857143,2033-08-18,TRUE,9849600,16.2857142857143,2033-12-10
"1528",15,"Wind Onshore",4048,2031-11-01,5,"Completed","Planning",TRUE,124416000,205.714285714286,2035-10-11,TRUE,1816,259.428571428571,2040-09-30,TRUE,50716800,83.8571428571429,2042-05-10
"1529",20.7,"Wind Onshore",2989,2031-11-01,5,"Completed","Planning",TRUE,42508800,70.2857142857143,2033-03-07,FALSE,422,60.2857142857143,2034-05-03,TRUE,37584000,62.1428571428571,2035-07-12
"1530",0.25,"Wind Onshore",8194,2031-11-01,5,"Completed","Planning",TRUE,75254400,124.428571428571,2034-03-21,TRUE,687,98.1428571428571,2036-02-06,TRUE,27388800,45.2857142857143,2036-12-19
"1531",3.8,"Solar Photovoltaics",1350,2031-11-01,5,"Completed","Planning",TRUE,57542400,95.1428571428572,2033-08-28,TRUE,563,80.4285714285714,2035-03-14,TRUE,6825600,11.2857142857143,2035-06-01
"1532",6.7,"Solar Photovoltaics",5463,2031-11-01,5,"Completed","Planning",TRUE,16848000,27.8571428571429,2032-05-14,TRUE,261,37.2857142857143,2033-01-30,TRUE,18316800,30.2857142857143,2033-08-30
"1533",4.8,"Solar Photovoltaics",1523,2031-11-01,5,"Completed","Planning",TRUE,14601600,24.1428571428571,2032-04-18,FALSE,495,70.7142857142857,2033-08-26,TRUE,5702400,9.42857142857143,2033-10-31
"1534",13.8,"Wind Onshore",4190,2031-12-01,5,"Completed","Planning",TRUE,23760000,39.2857142857143,2032-09-01,TRUE,422,60.2857142857143,2033-10-28,TRUE,41299200,68.2857142857143,2035-02-18
"1535",42,"Wind Onshore",4207,2031-12-01,5,"Completed","Planning",TRUE,22809600,37.7142857142857,2032-08-21,TRUE,480,68.5714285714286,2033-12-14,TRUE,28857600,47.7142857142857,2034-11-13
"1536",0.2,"Wind Onshore",7743,2031-12-01,5,"Completed","Planning",TRUE,7084800,11.7142857142857,2032-02-21,TRUE,1542,220.285714285714,2036-05-12,TRUE,-12268800,-20.2857142857143,2035-12-22
"1537",4.9,"Solar Photovoltaics",6002,2031-12-01,5,"Completed","Planning",TRUE,9849600,16.2857142857143,2032-03-24,TRUE,683,97.5714285714286,2034-02-05,TRUE,8899200,14.7142857142857,2034-05-19
"1538",5,"Solar Photovoltaics",5205,2031-12-01,5,"Completed","Planning",TRUE,20995200,34.7142857142857,2032-07-31,TRUE,261,37.2857142857143,2033-04-18,TRUE,12960000,21.4285714285714,2033-09-15
"1539",20,"Solar Photovoltaics",17260,2031-12-01,5,"Completed","Planning",TRUE,16848000,27.8571428571429,2032-06-13,TRUE,646,92.2857142857143,2034-03-21,TRUE,22809600,37.7142857142857,2034-12-10
